cat_a,cat_b,dept_a,dept_b,pair_baskets,support,confidence_a_to_b,confidence_b_to_a,naive_lift,expected_adj,adj_lift
BABY FOODS,INFANT FORMULA,DRUG GM,DRUG GM,718,0.00286,0.170,0.274,16.28,44,16.49
BABY FOODS,INFANT CARE PRODUCTS,DRUG GM,DRUG GM,341,0.00136,0.081,0.300,17.82,29,11.82
BABY HBC,DIAPERS & DISPOSABLES,DRUG GM,DRUG GM,1100,0.00438,0.277,0.241,15.19,104,10.53
CAT FOOD,CAT LITTER,GROCERY,GROCERY,1292,0.00515,0.197,0.438,16.77,127,10.16
SEAFOOD - MISC,SEAFOOD-FRESH,SEAFOOD-PCKGD,SEAFOOD,337,0.00134,0.297,0.092,20.29,35,9.59
FROZEN,REFRIGERATED,NUTRITION,NUTRITION,619,0.00247,0.400,0.120,19.45,65,9.52
DIAPERS & DISPOSABLES,INFANT FORMULA,DRUG GM,DRUG GM,371,0.00148,0.081,0.142,7.78,44,8.48
DOMESTIC WINE,IMPORTED WINE,GROCERY,GROCERY,341,0.00136,0.075,0.197,10.94,41,8.29
BABY FOODS,DIAPERS & DISPOSABLES,DRUG GM,DRUG GM,710,0.00283,0.168,0.155,9.22,104,6.81
SEAFOOD - FROZEN,SEAFOOD - MISC,SEAFOOD-PCKGD,SEAFOOD-PCKGD,521,0.00208,0.069,0.459,15.33,79,6.59
DOG FOODS,PET CARE SUPPLIES,GROCERY,GROCERY,755,0.00301,0.106,0.301,10.62,119,6.35
CEREAL/BREAKFAST,REFRIGERATED,NUTRITION,NUTRITION,400,0.00159,0.274,0.077,13.30,67,6.01
DEODORANTS,SHAVING CARE PRODUCTS,DRUG GM,DRUG GM,613,0.00244,0.144,0.187,11.01,103,5.96
BABY FOODS,BABY HBC,DRUG GM,DRUG GM,612,0.00244,0.145,0.154,9.13,107,5.74
LAUNDRY ADDITIVES,LAUNDRY DETERGENTS,GROCERY,GROCERY,1888,0.00752,0.424,0.223,12.58,347,5.44
CHICKEN/POULTRY,PREPARED FOOD,DELI,DELI,577,0.00230,0.098,0.123,5.24,108,5.35
HAND/BODY/FACIAL PRODUCTS,MAKEUP AND TREATMENT,DRUG GM,COSMETICS,389,0.00155,0.137,0.099,8.75,75,5.16
BROOMS AND MOPS,HOUSEHOLD CLEANG NEEDS,DRUG GM,GROCERY,1057,0.00421,0.348,0.143,11.82,205,5.14
BLEACH,LAUNDRY ADDITIVES,GROCERY,GROCERY,704,0.00281,0.199,0.158,11.20,140,5.01
CHIPS&SNACKS,REFRIGERATED,NUTRITION,NUTRITION,344,0.00137,0.203,0.067,9.87,69,4.99
BLEACH,LAUNDRY DETERGENTS,GROCERY,GROCERY,1264,0.00504,0.357,0.149,10.57,254,4.97
FLORAL-FRESH CUT,GREETING CARDS/WRAP/PARTY SPLY,FLORAL,DRUG GM,333,0.00133,0.151,0.044,5.00,69,4.79
ICE CREAM/MILK/SHERBTS,SYRUPS/TOPPINGS,GROCERY,GROCERY,662,0.00264,0.033,0.622,7.78,143,4.64
HAND/BODY/FACIAL PRODUCTS,SOAP - LIQUID & BAR,DRUG GM,DRUG GM,629,0.00251,0.221,0.107,9.47,140,4.50
ANALGESICS,COLD AND FLU,DRUG GM,DRUG GM,410,0.00163,0.097,0.084,4.97,92,4.45
AIR CARE,HOUSEHOLD CLEANG NEEDS,GROCERY,GROCERY,1078,0.00430,0.283,0.146,9.62,250,4.31
HAND/BODY/FACIAL PRODUCTS,SHAVING CARE PRODUCTS,DRUG GM,DRUG GM,304,0.00121,0.107,0.093,8.17,71,4.26
COFFEE,COFFEE FILTERS,GROCERY,DRUG GM,658,0.00262,0.057,0.401,8.78,161,4.08
CAT FOOD,PET CARE SUPPLIES,GROCERY,GROCERY,431,0.00172,0.066,0.172,6.58,106,4.06
BAKING NEEDS,CANNED MILK,GROCERY,GROCERY,647,0.00258,0.062,0.357,8.62,159,4.06
CHEESES,DELI MEATS,DELI,DELI,7132,0.02842,0.630,0.417,9.24,1836,3.89
MUSHROOMS,SQUASH,PRODUCE,PRODUCE,457,0.00182,0.097,0.225,11.94,118,3.88
BEERS/ALES,MISC WINE,GROCERY,GROCERY,376,0.00150,0.024,0.292,4.73,97,3.87
HAIR CARE PRODUCTS,MAKEUP AND TREATMENT,DRUG GM,COSMETICS,795,0.00317,0.100,0.202,6.41,207,3.85
FROZEN,ORGANICS FRUIT & VEGETABLES,NUTRITION,PRODUCE,318,0.00127,0.206,0.060,9.76,83,3.83
DEODORANTS,SOAP - LIQUID & BAR,DRUG GM,DRUG GM,755,0.00301,0.178,0.129,7.60,201,3.76
AIR CARE,BROOMS AND MOPS,GROCERY,DRUG GM,384,0.00153,0.101,0.126,8.32,102,3.75
HAIR CARE PRODUCTS,HAND/BODY/FACIAL PRODUCTS,DRUG GM,DRUG GM,653,0.00260,0.082,0.230,7.27,175,3.74
HAIR CARE PRODUCTS,SOAP - LIQUID & BAR,DRUG GM,DRUG GM,1416,0.00564,0.178,0.242,7.64,381,3.71
AIR CARE,LAUNDRY ADDITIVES,GROCERY,GROCERY,556,0.00222,0.146,0.125,8.24,155,3.59
DEODORANTS,ORAL HYGIENE PRODUCTS,DRUG GM,DRUG GM,873,0.00348,0.205,0.112,6.61,248,3.53
FLOUR & MEALS,SUGARS/SWEETNERS,GROCERY,GROCERY,1083,0.00432,0.345,0.105,8.43,308,3.52
PREPARED FOOD,SALADS/DIPS,DELI,DELI,464,0.00185,0.099,0.077,4.11,132,3.52
CEREAL/BREAKFAST,ORGANICS FRUIT & VEGETABLES,NUTRITION,PRODUCE,304,0.00121,0.208,0.057,9.88,87,3.51
ORAL HYGIENE PRODUCTS,SHAVING CARE PRODUCTS,DRUG GM,DRUG GM,671,0.00267,0.086,0.204,6.58,192,3.50
BROOMS AND MOPS,DISHWASH DETERGENTS,DRUG GM,GROCERY,620,0.00247,0.204,0.100,8.22,178,3.49
SHAVING CARE PRODUCTS,SOAP - LIQUID & BAR,DRUG GM,DRUG GM,543,0.00216,0.165,0.093,7.08,155,3.49
PROCESSED,VALUE ADDED VEGETABLES,PRODUCE,PRODUCE,376,0.00150,0.080,0.179,9.59,108,3.47
BLEACH,HOUSEHOLD CLEANG NEEDS,GROCERY,GROCERY,777,0.00310,0.219,0.105,7.45,227,3.43
FLOUR & MEALS,SHORTENING/OIL,GROCERY,GROCERY,893,0.00356,0.285,0.108,8.65,265,3.37
HOUSEHOLD CLEANG NEEDS,LAUNDRY ADDITIVES,GROCERY,GROCERY,1040,0.00414,0.141,0.234,7.94,311,3.35
DEODORANTS,HAND/BODY/FACIAL PRODUCTS,DRUG GM,DRUG GM,305,0.00122,0.072,0.107,6.33,92,3.31
MELONS,STONE FRUIT,PRODUCE,PRODUCE,729,0.00290,0.169,0.133,7.72,220,3.31
DEODORANTS,HAIR CARE PRODUCTS,DRUG GM,DRUG GM,825,0.00329,0.194,0.104,6.14,251,3.28
AIR CARE,BLEACH,GROCERY,GROCERY,371,0.00148,0.097,0.105,6.90,114,3.27
ORGANICS FRUIT & VEGETABLES,REFRIGERATED,PRODUCE,NUTRITION,765,0.00305,0.145,0.148,7.03,235,3.26
HERBS,MUSHROOMS,PRODUCE,PRODUCE,551,0.00220,0.169,0.116,8.96,170,3.25
HAIR CARE PRODUCTS,SHAVING CARE PRODUCTS,DRUG GM,DRUG GM,625,0.00249,0.079,0.190,6.02,195,3.21
CAT FOOD,DOG FOODS,GROCERY,GROCERY,914,0.00364,0.139,0.129,4.92,287,3.19
DRY NOODLES/PASTA,PASTA SAUCE,GROCERY,GROCERY,6423,0.02559,0.458,0.548,9.81,2043,3.14
CHICKEN/POULTRY,SALADS/DIPS,DELI,DELI,548,0.00218,0.093,0.091,3.89,175,3.13
BLEACH,DISHWASH DETERGENTS,GROCERY,GROCERY,610,0.00243,0.172,0.098,6.94,196,3.11
FROZEN PIE/DESSERTS,PIES,GROCERY,PASTRY,369,0.00147,0.057,0.133,5.19,119,3.10
BAKING NEEDS,FLOUR & MEALS,GROCERY,GROCERY,915,0.00365,0.088,0.292,7.05,297,3.08
CORN,MELONS,PRODUCE,PRODUCE,340,0.00135,0.124,0.079,7.21,111,3.07
HERBS,ORGANICS FRUIT & VEGETABLES,PRODUCE,PRODUCE,558,0.00222,0.171,0.106,8.12,184,3.04
CHEESES,SNACKS,DELI,DELI,393,0.00157,0.035,0.310,6.88,130,3.02
DRY MIX DESSERTS,FROZEN PIE/DESSERTS,GROCERY,GROCERY,943,0.00376,0.173,0.147,6.76,313,3.01
BROCCOLI/CAULIFLOWER,SQUASH,PRODUCE,PRODUCE,348,0.00139,0.078,0.172,9.63,116,3.00
BEERS/ALES,LIQUOR,GROCERY,SPIRITS,475,0.00189,0.031,0.206,3.34,159,2.98
BATH TISSUES,PAPER TOWELS,GROCERY,GROCERY,3743,0.01491,0.275,0.368,6.78,1269,2.95
FIRST AID PRODUCTS,ORAL HYGIENE PRODUCTS,DRUG GM,DRUG GM,361,0.00144,0.137,0.046,4.40,123,2.94
CAKES,GREETING CARDS/WRAP/PARTY SPLY,PASTRY,DRUG GM,441,0.00176,0.100,0.058,3.29,151,2.92
PEPPERS-ALL,SQUASH,PRODUCE,PRODUCE,597,0.00238,0.073,0.294,8.98,204,2.92
HERBS,PEPPERS-ALL,PRODUCE,PRODUCE,857,0.00341,0.263,0.104,8.02,294,2.91
PREPARED FOOD,SALAD BAR,DELI,SALAD BAR,416,0.00166,0.088,0.050,2.64,144,2.88
DISHWASH DETERGENTS,LAUNDRY DETERGENTS,GROCERY,GROCERY,1394,0.00555,0.224,0.165,6.64,485,2.88
DISHWASH DETERGENTS,LAUNDRY ADDITIVES,GROCERY,GROCERY,770,0.00307,0.124,0.173,6.98,268,2.87
HERBS,ONIONS,PRODUCE,PRODUCE,1517,0.00604,0.465,0.098,7.51,530,2.86
CANNED MILK,SUGARS/SWEETNERS,GROCERY,GROCERY,469,0.00187,0.259,0.046,6.32,164,2.85
BROOMS AND MOPS,LAUNDRY ADDITIVES,DRUG GM,GROCERY,362,0.00144,0.119,0.081,6.72,127,2.85
DISHWASH DETERGENTS,HOUSEHOLD CLEANG NEEDS,GROCERY,GROCERY,1237,0.00493,0.199,0.168,6.75,434,2.85
BEERS/ALES,DOMESTIC WINE,GROCERY,GROCERY,922,0.00367,0.059,0.204,3.30,332,2.78
HAND/BODY/FACIAL PRODUCTS,ORAL HYGIENE PRODUCTS,DRUG GM,DRUG GM,477,0.00190,0.168,0.061,5.40,172,2.77
AIR CARE,LAUNDRY DETERGENTS,GROCERY,GROCERY,768,0.00306,0.202,0.091,5.98,280,2.74
ORAL HYGIENE PRODUCTS,VITAMINS,DRUG GM,DRUG GM,301,0.00120,0.039,0.151,4.87,111,2.72
ORAL HYGIENE PRODUCTS,SOAP - LIQUID & BAR,DRUG GM,DRUG GM,1022,0.00407,0.131,0.174,5.61,375,2.72
SEAFOOD - FROZEN,SEAFOOD-FRESH,SEAFOOD-PCKGD,SEAFOOD,665,0.00265,0.088,0.181,6.04,246,2.70
ORGANICS FRUIT & VEGETABLES,SQUASH,PRODUCE,PRODUCE,341,0.00136,0.064,0.168,7.98,127,2.68
AIR CARE,DISHWASH DETERGENTS,GROCERY,GROCERY,576,0.00230,0.151,0.093,6.10,216,2.67
FEMININE HYGIENE,HAIR CARE PRODUCTS,DRUG GM,DRUG GM,560,0.00223,0.130,0.071,4.13,210,2.67
OLIVES,PICKLE/RELISH/PKLD VEG,GROCERY,GROCERY,543,0.00216,0.206,0.088,8.38,206,2.64
MUSHROOMS,PEPPERS-ALL,PRODUCE,PRODUCE,1186,0.00473,0.250,0.144,7.65,449,2.64
FLOUR & MEALS,SPICES & EXTRACTS,GROCERY,GROCERY,776,0.00309,0.248,0.082,6.57,294,2.64
APPLES,PEARS,PRODUCE,PRODUCE,778,0.00310,0.059,0.394,7.48,297,2.62
BROCCOLI/CAULIFLOWER,CARROTS,PRODUCE,PRODUCE,1213,0.00483,0.271,0.144,8.11,467,2.60
HOUSEHOLD CLEANG NEEDS,LAUNDRY DETERGENTS,GROCERY,GROCERY,1448,0.00577,0.196,0.171,5.82,561,2.58
FACIAL TISS/DNR NAPKIN,PAPER HOUSEWARES,GROCERY,GROCERY,1306,0.00520,0.191,0.170,6.22,508,2.57
TOMATOES,VEGETABLES SALAD,PRODUCE,PRODUCE,4113,0.01639,0.270,0.384,6.32,1604,2.56
MUSHROOMS,ORGANICS FRUIT & VEGETABLES,PRODUCE,PRODUCE,709,0.00283,0.150,0.134,7.11,280,2.54
HAIR CARE PRODUCTS,ORAL HYGIENE PRODUCTS,DRUG GM,DRUG GM,1187,0.00473,0.150,0.152,4.82,470,2.53
FEMININE HYGIENE,SOAP - LIQUID & BAR,DRUG GM,DRUG GM,414,0.00165,0.096,0.071,4.13,165,2.51
FRZN BREAKFAST FOODS,MOLASSES/SYRUP/PANCAKE MIXS,GROCERY,GROCERY,997,0.00397,0.137,0.221,7.59,396,2.51
BEANS - CANNED GLASS & MW,DRY SAUCES/GRAVY,GROCERY,GROCERY,1825,0.00727,0.192,0.281,7.43,730,2.50
ONIONS,PEPPERS-ALL,PRODUCE,PRODUCE,3477,0.01385,0.224,0.423,6.82,1397,2.49
CORN,STONE FRUIT,PRODUCE,PRODUCE,339,0.00135,0.124,0.062,5.66,136,2.49
SQUASH,VEGETABLES - ALL OTHERS,PRODUCE,PRODUCE,940,0.00375,0.463,0.058,7.11,379,2.48
MAKEUP AND TREATMENT,SOAP - LIQUID & BAR,COSMETICS,DRUG GM,405,0.00161,0.103,0.069,4.42,163,2.48
BABY HBC,SOAP - LIQUID & BAR,DRUG GM,DRUG GM,446,0.00178,0.112,0.076,4.80,180,2.48
PWDR/CRYSTL DRNK MX,SUGARS/SWEETNERS,GROCERY,GROCERY,1385,0.00552,0.260,0.135,6.35,561,2.47
BUTTER,FLOUR & MEALS,GROCERY,GROCERY,392,0.00156,0.079,0.125,6.34,160,2.44
FROZEN BREAD/DOUGH,PASTA SAUCE,GROCERY,GROCERY,2457,0.00979,0.342,0.210,7.32,1013,2.43
BAKING MIXES,BAKING NEEDS,GROCERY,GROCERY,2587,0.01031,0.229,0.249,5.54,1064,2.43
FACIAL TISS/DNR NAPKIN,PAPER TOWELS,GROCERY,GROCERY,1714,0.00683,0.250,0.169,6.17,711,2.41
MAKEUP AND TREATMENT,ORAL HYGIENE PRODUCTS,COSMETICS,DRUG GM,488,0.00194,0.124,0.063,4.00,203,2.40
CITRUS,HERBS,PRODUCE,PRODUCE,789,0.00314,0.078,0.242,6.01,331,2.38
BROOMS AND MOPS,LAUNDRY DETERGENTS,DRUG GM,GROCERY,548,0.00218,0.180,0.065,5.35,230,2.38
AIR CARE,SOAP - LIQUID & BAR,GROCERY,DRUG GM,466,0.00186,0.122,0.080,5.24,196,2.38
ANALGESICS,ORAL HYGIENE PRODUCTS,DRUG GM,DRUG GM,458,0.00182,0.108,0.059,3.48,194,2.37
BERRIES,MELONS,PRODUCE,PRODUCE,916,0.00365,0.101,0.212,5.84,388,2.36
DINNER SAUSAGE,MISCELLANEOUS,MEAT-PCKGD,MEAT-PCKGD,541,0.00216,0.055,0.246,6.25,230,2.36
BROCCOLI/CAULIFLOWER,VEGETABLES - ALL OTHERS,PRODUCE,PRODUCE,1920,0.00765,0.430,0.117,6.60,820,2.34
BERRIES,STONE FRUIT,PRODUCE,PRODUCE,1108,0.00442,0.122,0.202,5.56,475,2.33
ELECTRICAL SUPPPLIES,HOUSEHOLD CLEANG NEEDS,DRUG GM,GROCERY,384,0.00153,0.145,0.052,4.92,165,2.33
COLD AND FLU,ORAL HYGIENE PRODUCTS,DRUG GM,DRUG GM,452,0.00180,0.093,0.058,2.98,196,2.31
CAT LITTER,DOG FOODS,GROCERY,GROCERY,327,0.00130,0.111,0.046,3.91,143,2.29
PEPPERS-ALL,VEGETABLES - ALL OTHERS,PRODUCE,PRODUCE,3330,0.01327,0.405,0.204,6.22,1455,2.29
BEERS/ALES,IMPORTED WINE,GROCERY,GROCERY,301,0.00120,0.019,0.174,2.82,132,2.28
HERBS,REFRIGERATED,PRODUCE,NUTRITION,326,0.00130,0.100,0.063,4.86,143,2.28
CHICKEN/POULTRY,ROLLS,DELI,PASTRY,332,0.00132,0.057,0.065,2.79,147,2.26
BAKING MIXES,CANNED MILK,GROCERY,GROCERY,411,0.00164,0.036,0.227,5.05,182,2.26
HOUSEHOLD CLEANG NEEDS,SOAP - LIQUID & BAR,GROCERY,DRUG GM,882,0.00351,0.119,0.150,5.11,392,2.25
BAKING NEEDS,SUGARS/SWEETNERS,GROCERY,GROCERY,2164,0.00862,0.208,0.210,5.08,963,2.25
BROCCOLI/CAULIFLOWER,MUSHROOMS,PRODUCE,PRODUCE,567,0.00226,0.127,0.120,6.72,254,2.24
LAUNDRY ADDITIVES,SOAP - LIQUID & BAR,GROCERY,DRUG GM,542,0.00216,0.122,0.092,5.22,242,2.24
FEMININE HYGIENE,ORAL HYGIENE PRODUCTS,DRUG GM,DRUG GM,463,0.00184,0.108,0.059,3.47,207,2.24
HERBS,VEGETABLES - ALL OTHERS,PRODUCE,PRODUCE,1231,0.00491,0.377,0.075,5.80,551,2.23
BREAD,HERBS,PASTRY,PRODUCE,491,0.00196,0.062,0.151,4.75,221,2.22
BROOMS AND MOPS,SOAP - LIQUID & BAR,DRUG GM,DRUG GM,355,0.00141,0.117,0.061,5.00,160,2.21
CARROTS,VEGETABLES - ALL OTHERS,PRODUCE,PRODUCE,3395,0.01353,0.404,0.208,6.21,1537,2.21
MUSHROOMS,REFRIGERATED,PRODUCE,NUTRITION,476,0.00190,0.101,0.092,4.88,215,2.21
BAKING MIXES,DRY MIX DESSERTS,GROCERY,GROCERY,1366,0.00544,0.121,0.251,5.58,620,2.20
BREAD,SQUASH,PASTRY,PRODUCE,325,0.00130,0.041,0.160,5.05,148,2.19
CANDY - PACKAGED,CHRISTMAS  SEASONAL,DRUG GM,DRUG GM,482,0.00192,0.022,0.255,2.97,220,2.19
CITRUS,PEARS,PRODUCE,PRODUCE,463,0.00184,0.046,0.234,5.82,212,2.18
BATH TISSUES,FACIAL TISS/DNR NAPKIN,GROCERY,GROCERY,1907,0.00760,0.140,0.278,5.13,874,2.18
CANNED MILK,SPICES & EXTRACTS,GROCERY,GROCERY,342,0.00136,0.189,0.036,5.01,157,2.18
BROCCOLI/CAULIFLOWER,HERBS,PRODUCE,PRODUCE,360,0.00143,0.081,0.110,6.20,166,2.17
CHARCOAL AND LIGHTER FLUID,FD WRAPS/BAGS/TRSH BG,DRUG GM,GROCERY,318,0.00127,0.161,0.028,3.60,147,2.17
BABY HBC,ORAL HYGIENE PRODUCTS,DRUG GM,DRUG GM,485,0.00193,0.122,0.062,3.93,223,2.17
BEERS/ALES,FRZN ICE,GROCERY,GROCERY,339,0.00135,0.022,0.146,2.36,156,2.17
HAIR CARE PRODUCTS,LAUNDRY ADDITIVES,DRUG GM,GROCERY,651,0.00259,0.082,0.146,4.63,301,2.16
BROOMS AND MOPS,PAPER TOWELS,DRUG GM,GROCERY,633,0.00252,0.208,0.062,5.14,294,2.15
GREETING CARDS/WRAP/PARTY SPLY,STATIONERY & SCHOOL SUPPLIES,DRUG GM,DRUG GM,363,0.00145,0.048,0.078,2.59,169,2.15
FD WRAPS/BAGS/TRSH BG,PLASTIC HOUSEWARES,GROCERY,DRUG GM,484,0.00193,0.043,0.222,4.95,226,2.14
BAKING NEEDS,BUTTER,GROCERY,GROCERY,1064,0.00424,0.102,0.215,5.19,500,2.13
DISHWASH DETERGENTS,SOAP - LIQUID & BAR,GROCERY,DRUG GM,721,0.00287,0.116,0.123,4.96,338,2.13
BROCCOLI/CAULIFLOWER,PEPPERS-ALL,PRODUCE,PRODUCE,938,0.00374,0.210,0.114,6.41,441,2.13
BERRIES,CORN,PRODUCE,PRODUCE,505,0.00201,0.055,0.184,5.08,239,2.12
SHORTENING/OIL,SUGARS/SWEETNERS,GROCERY,GROCERY,1814,0.00723,0.220,0.176,5.36,857,2.12
POPCORN,SNACK NUTS,PRODUCE,GROCERY,362,0.00144,0.092,0.077,4.94,171,2.12
MUSHROOMS,ONIONS,PRODUCE,PRODUCE,1694,0.00675,0.358,0.109,5.77,805,2.11
FROZEN MEAT,FRZN POTATOES,MEAT-PCKGD,GROCERY,1504,0.00599,0.183,0.185,5.67,716,2.10
BERRIES,VALUE ADDED FRUIT,PRODUCE,PRODUCE,1045,0.00416,0.115,0.179,4.92,499,2.10
CHEESES,SALADS/DIPS,DELI,DELI,1172,0.00467,0.104,0.195,4.32,560,2.09
DINNER SAUSAGE,HOT DOGS,MEAT-PCKGD,MEAT-PCKGD,2275,0.00907,0.231,0.208,5.30,1086,2.09
FD WRAPS/BAGS/TRSH BG,PAPER HOUSEWARES,GROCERY,GROCERY,1656,0.00660,0.147,0.215,4.81,798,2.08
BACON,BREAKFAST SAUSAGE/SANDWICHES,MEAT-PCKGD,MEAT-PCKGD,2659,0.01060,0.245,0.242,5.60,1287,2.07
CITRUS,SQUASH,PRODUCE,PRODUCE,471,0.00188,0.047,0.232,5.76,227,2.07
LAUNDRY DETERGENTS,SOAP - LIQUID & BAR,GROCERY,DRUG GM,909,0.00362,0.107,0.155,4.60,438,2.07
SALAD BAR,VALUE ADDED FRUIT,SALAD BAR,PRODUCE,464,0.00185,0.055,0.079,2.37,224,2.07
AIR CARE,PAPER TOWELS,GROCERY,GROCERY,742,0.00296,0.195,0.073,4.81,358,2.07
HOUSEHOLD CLEANG NEEDS,PAPER TOWELS,GROCERY,GROCERY,1485,0.00592,0.201,0.146,4.96,718,2.07
BEERS/ALES,CHARCOAL AND LIGHTER FLUID,GROCERY,DRUG GM,302,0.00120,0.019,0.153,2.48,146,2.07
BABY HBC,HAIR CARE PRODUCTS,DRUG GM,DRUG GM,466,0.00186,0.117,0.059,3.71,226,2.06
DRY SAUCES/GRAVY,VEGETABLES - SHELF STABLE,GROCERY,GROCERY,3467,0.01381,0.534,0.153,5.94,1684,2.06
CHARCOAL AND LIGHTER FLUID,CONDIMENTS/SAUCES,DRUG GM,GROCERY,495,0.00197,0.251,0.028,3.53,240,2.06
LAUNDRY DETERGENTS,PAPER TOWELS,GROCERY,GROCERY,1644,0.00655,0.194,0.162,4.79,803,2.05
BEERS/ALES,CIGARETTES,GROCERY,DRUG GM,1400,0.00558,0.090,0.128,2.08,683,2.05
ONIONS,SQUASH,PRODUCE,PRODUCE,746,0.00297,0.048,0.368,5.93,364,2.05
SHORTENING/OIL,SPICES & EXTRACTS,GROCERY,GROCERY,1677,0.00668,0.203,0.177,5.38,819,2.05
SNACK NUTS,WAREHOUSE SNACKS,GROCERY,GROCERY,505,0.00201,0.108,0.077,4.14,247,2.05
HISPANIC,MISC. DAIRY,GROCERY,GROCERY,2349,0.00936,0.165,0.320,5.64,1154,2.04
GRAPES,STONE FRUIT,PRODUCE,PRODUCE,1093,0.00436,0.108,0.199,4.95,536,2.04
COCOA MIXES,TEAS,GROCERY,GROCERY,305,0.00122,0.080,0.087,5.75,149,2.04
BUTTER,HERBS,GROCERY,PRODUCE,355,0.00141,0.072,0.109,5.52,174,2.04
MUSHROOMS,SEAFOOD-FRESH,PRODUCE,SEAFOOD,337,0.00134,0.071,0.092,4.86,165,2.04
BROCCOLI/CAULIFLOWER,ORGANICS FRUIT & VEGETABLES,PRODUCE,PRODUCE,558,0.00222,0.125,0.106,5.93,274,2.03
STONE FRUIT,VALUE ADDED FRUIT,PRODUCE,PRODUCE,578,0.00230,0.105,0.099,4.52,284,2.03
BREAD,ORGANICS FRUIT & VEGETABLES,PASTRY,PRODUCE,734,0.00292,0.092,0.139,4.38,362,2.03
ORGANICS FRUIT & VEGETABLES,PROCESSED,PRODUCE,PRODUCE,545,0.00217,0.103,0.116,5.51,270,2.02
BROCCOLI/CAULIFLOWER,PROCESSED,PRODUCE,PRODUCE,495,0.00197,0.111,0.105,5.92,245,2.02
ELECTRICAL SUPPPLIES,FACIAL TISS/DNR NAPKIN,DRUG GM,GROCERY,329,0.00131,0.124,0.048,4.55,163,2.02
COLD AND FLU,FACIAL TISS/DNR NAPKIN,DRUG GM,GROCERY,378,0.00151,0.077,0.055,2.84,187,2.02
FACIAL TISS/DNR NAPKIN,HOUSEHOLD CLEANG NEEDS,GROCERY,GROCERY,998,0.00398,0.146,0.135,4.95,495,2.02
ORGANICS FRUIT & VEGETABLES,PEPPERS-ALL,PRODUCE,PRODUCE,974,0.00388,0.184,0.118,5.62,486,2.01
DELI MEATS,SALADS/DIPS,DELI,DELI,1637,0.00652,0.096,0.272,3.99,816,2.01
CARROTS,SQUASH,PRODUCE,PRODUCE,436,0.00174,0.052,0.215,6.42,217,2.01
CAKES,FROZEN PIE/DESSERTS,PASTRY,GROCERY,305,0.00122,0.069,0.047,2.69,152,2.01
BREAKFAST SWEETS,ROLLS,PASTRY,PASTRY,469,0.00187,0.058,0.092,2.84,233,2.01
PAPER HOUSEWARES,PAPER TOWELS,GROCERY,GROCERY,1479,0.00589,0.192,0.145,4.75,737,2.01
BLEACH,SOAP - LIQUID & BAR,GROCERY,DRUG GM,357,0.00142,0.101,0.061,4.31,178,2.01
BAKING NEEDS,DRY MIX DESSERTS,GROCERY,GROCERY,1081,0.00431,0.104,0.198,4.79,540,2.00
BREAD,MUSHROOMS,PASTRY,PRODUCE,663,0.00264,0.083,0.140,4.42,332,2.00
CITRUS,ORGANICS FRUIT & VEGETABLES,PRODUCE,PRODUCE,1082,0.00431,0.107,0.205,5.08,545,1.99
BATH TISSUES,LAUNDRY DETERGENTS,GROCERY,GROCERY,1975,0.00787,0.145,0.233,4.30,992,1.99
SUGARS/SWEETNERS,TEAS,GROCERY,GROCERY,715,0.00285,0.070,0.205,5.01,359,1.99
APPLES,CITRUS,PRODUCE,PRODUCE,2707,0.01079,0.205,0.268,5.09,1367,1.98
BLEACH,PAPER TOWELS,GROCERY,GROCERY,643,0.00256,0.181,0.063,4.48,325,1.98
AIR CARE,CAT FOOD,GROCERY,GROCERY,345,0.00137,0.091,0.053,3.47,175,1.97
ELECTRICAL SUPPPLIES,ORAL HYGIENE PRODUCTS,DRUG GM,DRUG GM,314,0.00125,0.118,0.040,3.82,159,1.97
BEANS - CANNED GLASS & MW,VEGETABLES - SHELF STABLE,GROCERY,GROCERY,4980,0.01984,0.524,0.220,5.83,2524,1.97
DISHWASH DETERGENTS,PAPER TOWELS,GROCERY,GROCERY,1222,0.00487,0.196,0.120,4.84,621,1.97
BERRIES,GRAPES,PRODUCE,PRODUCE,1856,0.00740,0.204,0.184,5.06,946,1.96
CAT LITTER,HAIR CARE PRODUCTS,GROCERY,DRUG GM,341,0.00136,0.116,0.043,3.66,174,1.96
HAND/BODY/FACIAL PRODUCTS,HOUSEHOLD CLEANG NEEDS,DRUG GM,GROCERY,351,0.00140,0.123,0.048,4.20,179,1.96
GRAPES,MELONS,PRODUCE,PRODUCE,856,0.00341,0.085,0.198,4.92,439,1.95
HERBS,TOMATOES,PRODUCE,PRODUCE,981,0.00391,0.301,0.064,4.95,506,1.94
HAIR CARE PRODUCTS,LAUNDRY DETERGENTS,DRUG GM,GROCERY,1057,0.00421,0.133,0.125,3.95,546,1.94
MUSHROOMS,VEGETABLES - ALL OTHERS,PRODUCE,PRODUCE,1629,0.00649,0.344,0.100,5.28,838,1.94
CEREAL/BREAKFAST,CITRUS,NUTRITION,PRODUCE,302,0.00120,0.207,0.030,5.13,155,1.94
BROOMS AND MOPS,FACIAL TISS/DNR NAPKIN,DRUG GM,GROCERY,390,0.00155,0.128,0.057,4.70,203,1.92
HOUSEHOLD CLEANG NEEDS,SHAVING CARE PRODUCTS,GROCERY,DRUG GM,381,0.00152,0.052,0.116,3.94,198,1.92
LAUNDRY ADDITIVES,PAPER TOWELS,GROCERY,GROCERY,849,0.00338,0.191,0.083,4.71,445,1.91
BAKING NEEDS,FROZEN PIE/DESSERTS,GROCERY,GROCERY,1042,0.00415,0.100,0.162,3.92,547,1.91
DRY NOODLES/PASTA,FROZEN BREAD/DOUGH,GROCERY,GROCERY,2230,0.00889,0.159,0.310,5.55,1169,1.91
HOUSEHOLD CLEANG NEEDS,ORAL HYGIENE PRODUCTS,GROCERY,DRUG GM,913,0.00364,0.124,0.117,3.98,479,1.91
SPICES & EXTRACTS,SUGARS/SWEETNERS,GROCERY,GROCERY,1821,0.00726,0.192,0.177,4.70,951,1.91
PICKLE/RELISH/PKLD VEG,SALD DRSNG/SNDWCH SPRD,GROCERY,GROCERY,2211,0.00881,0.359,0.132,5.38,1160,1.91
ORGANICS FRUIT & VEGETABLES,VEGETABLES - ALL OTHERS,PRODUCE,PRODUCE,1730,0.00689,0.327,0.106,5.02,908,1.90
BAKING MIXES,SHORTENING/OIL,GROCERY,GROCERY,1800,0.00717,0.160,0.218,4.85,948,1.90
DRIED FRUIT,ORGANICS FRUIT & VEGETABLES,NUTRITION,PRODUCE,347,0.00138,0.115,0.066,5.47,182,1.90
PEPPERS-ALL,TOMATOES,PRODUCE,PRODUCE,2526,0.01007,0.307,0.166,5.05,1332,1.90
BATH TISSUES,BLEACH,GROCERY,GROCERY,760,0.00303,0.056,0.214,3.95,403,1.89
HERBS,SPICES & EXTRACTS,PRODUCE,GROCERY,602,0.00240,0.185,0.064,4.90,318,1.89
CAT LITTER,LAUNDRY DETERGENTS,GROCERY,GROCERY,373,0.00149,0.126,0.044,3.75,199,1.88
DRY SAUCES/GRAVY,TURKEY,GROCERY,MEAT,366,0.00146,0.056,0.131,5.07,195,1.88
FD WRAPS/BAGS/TRSH BG,PAPER TOWELS,GROCERY,GROCERY,2089,0.00832,0.186,0.205,4.59,1114,1.88
FACIAL TISS/DNR NAPKIN,LAUNDRY ADDITIVES,GROCERY,GROCERY,577,0.00230,0.084,0.130,4.75,307,1.88
BAKING MIXES,SPRING/SUMMER SEASONAL,GROCERY,DRUG GM,300,0.00120,0.027,0.157,3.50,159,1.88
DEODORANTS,HOUSEHOLD CLEANG NEEDS,DRUG GM,GROCERY,481,0.00192,0.113,0.065,3.85,256,1.88
CEREAL/BREAKFAST,YOGURT,NUTRITION,GROCERY,517,0.00206,0.354,0.029,5.05,275,1.88
CAKES,PAPER HOUSEWARES,PASTRY,GROCERY,349,0.00139,0.079,0.045,2.57,186,1.88
BREAD,CHEESES,PASTRY,DELI,1407,0.00561,0.177,0.124,3.92,751,1.87
MUSHROOMS,PROCESSED,PRODUCE,PRODUCE,466,0.00186,0.098,0.099,5.26,249,1.87
BREAD,DOMESTIC WINE,PASTRY,GROCERY,389,0.00155,0.049,0.086,2.71,208,1.87
HAIR CARE PRODUCTS,HOUSEHOLD CLEANG NEEDS,DRUG GM,GROCERY,908,0.00362,0.114,0.123,3.89,487,1.87
BROOMS AND MOPS,ORAL HYGIENE PRODUCTS,DRUG GM,DRUG GM,367,0.00146,0.121,0.047,3.89,196,1.87
BAKING MIXES,SUGARS/SWEETNERS,GROCERY,GROCERY,2048,0.00816,0.182,0.199,4.43,1103,1.86
BROCCOLI/CAULIFLOWER,REFRIGERATED,PRODUCE,NUTRITION,390,0.00155,0.087,0.075,4.24,210,1.86
FITNESS&DIET,YOGURT,NUTRITION,GROCERY,400,0.00159,0.243,0.023,3.47,215,1.86
AIR CARE,ORAL HYGIENE PRODUCTS,GROCERY,DRUG GM,447,0.00178,0.117,0.057,3.78,240,1.86
COCOA MIXES,PWDR/CRYSTL DRNK MX,GROCERY,GROCERY,433,0.00173,0.113,0.081,5.35,234,1.85
BROCCOLI/CAULIFLOWER,VEGETABLES SALAD,PRODUCE,PRODUCE,965,0.00385,0.216,0.090,5.06,521,1.85
PAPER TOWELS,SOAP - LIQUID & BAR,GROCERY,DRUG GM,1038,0.00414,0.102,0.177,4.37,561,1.85
FACIAL TISS/DNR NAPKIN,FD WRAPS/BAGS/TRSH BG,GROCERY,GROCERY,1420,0.00566,0.207,0.126,4.63,769,1.85
SQUASH,TOMATOES,PRODUCE,PRODUCE,640,0.00255,0.315,0.042,5.19,346,1.85
BABY HBC,DISHWASH DETERGENTS,DRUG GM,GROCERY,365,0.00145,0.092,0.059,3.70,198,1.85
BATH TISSUES,DISHWASH DETERGENTS,GROCERY,GROCERY,1416,0.00564,0.104,0.227,4.19,765,1.85
CANDY - PACKAGED,TOYS AND GAMES,DRUG GM,DRUG GM,421,0.00168,0.020,0.222,2.59,227,1.85
BAKING MIXES,FLOUR & MEALS,GROCERY,GROCERY,631,0.00251,0.056,0.201,4.48,340,1.85
BABY HBC,HOUSEHOLD CLEANG NEEDS,DRUG GM,GROCERY,422,0.00168,0.106,0.057,3.61,229,1.84
HOUSEHOLD CLEANG NEEDS,MAKEUP AND TREATMENT,GROCERY,COSMETICS,382,0.00152,0.052,0.097,3.31,208,1.84
GRAPES,PEARS,PRODUCE,PRODUCE,410,0.00163,0.041,0.207,5.15,223,1.84
CITRUS,NUTS,PRODUCE,PRODUCE,349,0.00139,0.035,0.190,4.72,189,1.84
BERRIES,ORGANICS FRUIT & VEGETABLES,PRODUCE,PRODUCE,925,0.00369,0.102,0.175,4.82,502,1.84
BREAKFAST SWEETS,NEWSPAPER,PASTRY,DRUG GM,304,0.00121,0.037,0.063,1.94,166,1.83
PROCESSED,SALAD MIX,PRODUCE,PRODUCE,1409,0.00561,0.300,0.091,4.86,770,1.83
BROOMS AND MOPS,FD WRAPS/BAGS/TRSH BG,DRUG GM,GROCERY,582,0.00232,0.191,0.052,4.28,318,1.83
CAT FOOD,CIGARETTES,GROCERY,DRUG GM,537,0.00214,0.082,0.049,1.88,293,1.83
BAKING NEEDS,SPICES & EXTRACTS,GROCERY,GROCERY,1678,0.00669,0.161,0.177,4.28,918,1.83
CONDIMENTS/SAUCES,PICKLE/RELISH/PKLD VEG,GROCERY,GROCERY,2233,0.00890,0.125,0.363,5.10,1229,1.82
BERRIES,PROCESSED,PRODUCE,PRODUCE,816,0.00325,0.090,0.174,4.79,448,1.82
CAKES,ICE CREAM/MILK/SHERBTS,PASTRY,GROCERY,794,0.00316,0.179,0.040,2.24,437,1.82
APPLES,CEREAL/BREAKFAST,PRODUCE,NUTRITION,396,0.00158,0.030,0.271,5.15,217,1.82
VEGETABLES - ALL OTHERS,VEGETABLES SALAD,PRODUCE,PRODUCE,3169,0.01263,0.194,0.296,4.54,1743,1.82
CAT LITTER,HOUSEHOLD CLEANG NEEDS,GROCERY,GROCERY,320,0.00128,0.108,0.043,3.69,177,1.81
AIR CARE,HAIR CARE PRODUCTS,GROCERY,DRUG GM,441,0.00176,0.116,0.056,3.66,244,1.81
HAIR CARE PRODUCTS,STATIONERY & SCHOOL SUPPLIES,DRUG GM,DRUG GM,397,0.00158,0.050,0.086,2.71,219,1.81
BREAKFAST SAUSAGE/SANDWICHES,REFRGRATD DOUGH PRODUCTS,MEAT-PCKGD,GROCERY,2874,0.01145,0.262,0.204,4.66,1589,1.81
BATH TISSUES,LAUNDRY ADDITIVES,GROCERY,GROCERY,994,0.00396,0.073,0.223,4.12,548,1.81
MISCELLANEOUS,PORK,MEAT-PCKGD,MEAT,548,0.00218,0.249,0.044,5.05,303,1.81
ELECTRICAL SUPPPLIES,FD WRAPS/BAGS/TRSH BG,DRUG GM,GROCERY,463,0.00184,0.175,0.041,3.90,256,1.81
BATH TISSUES,SOAP - LIQUID & BAR,GROCERY,DRUG GM,1257,0.00501,0.092,0.214,3.95,693,1.81
ONIONS,VEGETABLES - ALL OTHERS,PRODUCE,PRODUCE,4712,0.01878,0.303,0.288,4.65,2620,1.80
BAKING NEEDS,DRIED FRUIT,GROCERY,NUTRITION,571,0.00228,0.055,0.190,4.58,316,1.80
DISHWASH DETERGENTS,FD WRAPS/BAGS/TRSH BG,GROCERY,GROCERY,1210,0.00482,0.194,0.108,4.34,672,1.80
TOMATOES,VEGETABLES - ALL OTHERS,PRODUCE,PRODUCE,4498,0.01792,0.295,0.275,4.53,2504,1.80
LAUNDRY ADDITIVES,ORAL HYGIENE PRODUCTS,GROCERY,DRUG GM,533,0.00212,0.120,0.068,3.86,296,1.80
ELECTRICAL SUPPPLIES,LAUNDRY DETERGENTS,DRUG GM,GROCERY,331,0.00132,0.125,0.039,3.70,185,1.79
AIR CARE,DOG FOODS,GROCERY,GROCERY,354,0.00141,0.093,0.050,3.28,198,1.79
DINNER MXS:DRY,MEAT - SHELF STABLE,GROCERY,GROCERY,4103,0.01635,0.308,0.297,5.61,2297,1.79
SALAD MIX,VALUE ADDED VEGETABLES,PRODUCE,PRODUCE,619,0.00247,0.040,0.295,4.77,346,1.79
BREAD,CHICKEN/POULTRY,PASTRY,DELI,420,0.00167,0.053,0.071,2.26,234,1.79
DISHWASH DETERGENTS,HAIR CARE PRODUCTS,GROCERY,DRUG GM,753,0.00300,0.121,0.095,3.83,420,1.79
CARROTS,PEPPERS-ALL,PRODUCE,PRODUCE,1468,0.00585,0.175,0.179,5.34,825,1.78
BROOMS AND MOPS,HAIR CARE PRODUCTS,DRUG GM,DRUG GM,355,0.00141,0.117,0.045,3.69,200,1.78
BAKING NEEDS,SHORTENING/OIL,GROCERY,GROCERY,1467,0.00585,0.141,0.178,4.29,825,1.78
BERRIES,PEARS,PRODUCE,PRODUCE,349,0.00139,0.038,0.177,4.86,196,1.78
CHEESES,ROLLS,DELI,PASTRY,823,0.00328,0.073,0.162,3.59,461,1.78
FROZEN BREAD/DOUGH,FRZN BREAKFAST FOODS,GROCERY,GROCERY,1051,0.00419,0.146,0.144,5.02,590,1.78
CHICKEN/POULTRY,SALAD BAR,DELI,SALAD BAR,340,0.00135,0.058,0.040,1.73,191,1.78
PEARS,TROPICAL FRUIT,PRODUCE,PRODUCE,1146,0.00457,0.580,0.035,4.48,646,1.77
DRY MIX DESSERTS,SUGARS/SWEETNERS,GROCERY,GROCERY,991,0.00395,0.182,0.096,4.44,560,1.77
DELI MEATS,PREPARED FOOD,DELI,DELI,698,0.00278,0.041,0.148,2.17,394,1.77
DISHWASH DETERGENTS,FACIAL TISS/DNR NAPKIN,GROCERY,GROCERY,758,0.00302,0.122,0.111,4.46,429,1.77
COFFEE,TEAS,GROCERY,GROCERY,662,0.00264,0.058,0.190,4.16,373,1.77
BERRIES,BROCCOLI/CAULIFLOWER,PRODUCE,PRODUCE,801,0.00319,0.088,0.179,4.94,453,1.77
BREAD,SALADS/DIPS,PASTRY,DELI,607,0.00242,0.076,0.101,3.18,344,1.77
FACIAL TISS/DNR NAPKIN,HAND/BODY/FACIAL PRODUCTS,GROCERY,DRUG GM,311,0.00124,0.045,0.109,4.01,176,1.77
CARROTS,PROCESSED,PRODUCE,PRODUCE,811,0.00323,0.097,0.173,5.16,458,1.77
CARROTS,HERBS,PRODUCE,PRODUCE,550,0.00219,0.065,0.169,5.04,311,1.77
ELECTRICAL SUPPPLIES,PAPER TOWELS,DRUG GM,GROCERY,416,0.00166,0.157,0.041,3.87,236,1.76
DISHWASH DETERGENTS,ORAL HYGIENE PRODUCTS,GROCERY,DRUG GM,728,0.00290,0.117,0.093,3.77,413,1.76
DRY BN/VEG/POTATO/RICE,DRY SAUCES/GRAVY,GROCERY,GROCERY,1810,0.00721,0.136,0.279,5.28,1028,1.76
ROLLS,SALADS/DIPS,PASTRY,DELI,373,0.00149,0.073,0.062,3.06,212,1.76
FROZEN PIZZA,FRZN POTATOES,GROCERY,GROCERY,2932,0.01168,0.127,0.362,3.92,1669,1.76
FACIAL TISS/DNR NAPKIN,LAUNDRY DETERGENTS,GROCERY,GROCERY,974,0.00388,0.142,0.115,4.22,554,1.76
MUSHROOMS,SALAD MIX,PRODUCE,PRODUCE,1403,0.00559,0.296,0.090,4.79,797,1.76
LAUNDRY DETERGENTS,SHAVING CARE PRODUCTS,GROCERY,DRUG GM,391,0.00156,0.046,0.119,3.53,222,1.76
HAND/BODY/FACIAL PRODUCTS,LAUNDRY DETERGENTS,DRUG GM,GROCERY,353,0.00141,0.124,0.042,3.68,200,1.76
GRAPES,VALUE ADDED FRUIT,PRODUCE,PRODUCE,989,0.00394,0.098,0.169,4.20,563,1.76
ONIONS,TOMATOES,PRODUCE,PRODUCE,4230,0.01686,0.272,0.277,4.47,2407,1.76
FACIAL TISS/DNR NAPKIN,SOAP - LIQUID & BAR,GROCERY,DRUG GM,676,0.00269,0.099,0.115,4.22,387,1.75
FROZEN PIZZA,FRZN MEAT/MEAT DINNERS,GROCERY,GROCERY,7190,0.02865,0.311,0.316,3.43,4105,1.75
PWDR/CRYSTL DRNK MX,TEAS,GROCERY,GROCERY,356,0.00142,0.067,0.102,4.82,204,1.75
MOLASSES/SYRUP/PANCAKE MIXS,SUGARS/SWEETNERS,GROCERY,GROCERY,885,0.00353,0.196,0.086,4.79,506,1.75
HOT DOGS,MEAT - SHELF STABLE,MEAT-PCKGD,GROCERY,2882,0.01148,0.264,0.209,4.80,1644,1.75
ORGANICS FRUIT & VEGETABLES,STONE FRUIT,PRODUCE,PRODUCE,499,0.00199,0.094,0.091,4.32,284,1.75
BABY HBC,PAPER TOWELS,DRUG GM,GROCERY,573,0.00228,0.144,0.056,3.56,327,1.75
DEODORANTS,LAUNDRY DETERGENTS,DRUG GM,GROCERY,504,0.00201,0.119,0.060,3.52,287,1.75
FROZEN BREAD/DOUGH,FRZN POTATOES,GROCERY,GROCERY,1074,0.00428,0.149,0.132,4.62,615,1.75
DEODORANTS,DISHWASH DETERGENTS,DRUG GM,GROCERY,386,0.00154,0.091,0.062,3.66,221,1.75
REFRIGERATED,STONE FRUIT,NUTRITION,PRODUCE,391,0.00156,0.076,0.071,3.46,225,1.74
PEARS,VEGETABLES - ALL OTHERS,PRODUCE,PRODUCE,617,0.00246,0.312,0.038,4.79,354,1.74
ONIONS,POTATOES,PRODUCE,PRODUCE,4370,0.01741,0.281,0.286,4.61,2523,1.73
DRIED FRUIT,FRUIT - SHELF STABLE,NUTRITION,GROCERY,872,0.00347,0.289,0.066,5.46,503,1.73
BAKING MIXES,MOLASSES/SYRUP/PANCAKE MIXS,GROCERY,GROCERY,970,0.00387,0.086,0.215,4.78,560,1.73
FRZN BREAKFAST FOODS,FRZN NOVELTIES/WTR ICE,GROCERY,GROCERY,1154,0.00460,0.158,0.112,3.83,668,1.73
BATH TISSUES,CAT LITTER,GROCERY,GROCERY,545,0.00217,0.040,0.185,3.40,315,1.73
CHIPS&SNACKS,HISPANIC,NUTRITION,GROCERY,395,0.00157,0.233,0.028,4.11,230,1.72
CITRUS,DRIED FRUIT,PRODUCE,NUTRITION,561,0.00224,0.055,0.186,4.62,327,1.72
DOG FOODS,LAUNDRY ADDITIVES,GROCERY,GROCERY,419,0.00167,0.059,0.094,3.32,243,1.72
MOLASSES/SYRUP/PANCAKE MIXS,SHORTENING/OIL,GROCERY,GROCERY,754,0.00300,0.167,0.091,5.08,439,1.72
SALAD BAR,SALADS/DIPS,SALAD BAR,DELI,387,0.00154,0.046,0.064,1.92,225,1.72
CAT LITTER,PAPER TOWELS,GROCERY,GROCERY,433,0.00173,0.147,0.043,3.62,253,1.71
LAUNDRY DETERGENTS,ORAL HYGIENE PRODUCTS,GROCERY,DRUG GM,916,0.00365,0.108,0.118,3.49,537,1.71
PROCESSED,REFRIGERATED,PRODUCE,NUTRITION,358,0.00143,0.076,0.069,3.71,209,1.71
CORN,TOMATOES,PRODUCE,PRODUCE,678,0.00270,0.248,0.044,4.07,396,1.71
CHICKEN,PORK,MEAT,MEAT,3253,0.01296,0.216,0.263,4.39,1907,1.71
DRY MIX DESSERTS,FRUIT - SHELF STABLE,GROCERY,GROCERY,1448,0.00577,0.266,0.109,5.02,848,1.71
OLIVES,PEPPERS-ALL,GROCERY,PRODUCE,453,0.00181,0.172,0.055,5.24,265,1.71
DINNER MXS:DRY,DRY SAUCES/GRAVY,GROCERY,GROCERY,1837,0.00732,0.138,0.283,5.34,1074,1.71
HISPANIC,OLIVES,GROCERY,GROCERY,746,0.00297,0.052,0.282,4.97,436,1.71
POPCORN,WAREHOUSE SNACKS,PRODUCE,GROCERY,379,0.00151,0.096,0.058,3.70,222,1.71
DISHWASH DETERGENTS,FEMININE HYGIENE,GROCERY,DRUG GM,309,0.00123,0.050,0.072,2.90,180,1.71
AIR CARE,BATH TISSUES,GROCERY,GROCERY,754,0.00300,0.198,0.055,3.65,443,1.70
FRZN ICE,WATER - CARBONATED/FLVRD DRINK,GROCERY,GROCERY,300,0.00120,0.129,0.017,1.80,176,1.70
CORN,VEGETABLES - ALL OTHERS,PRODUCE,PRODUCE,733,0.00292,0.268,0.045,4.11,431,1.70
ANALGESICS,HAIR CARE PRODUCTS,DRUG GM,DRUG GM,334,0.00133,0.079,0.042,2.49,196,1.70
PROCESSED,VALUE ADDED FRUIT,PRODUCE,PRODUCE,452,0.00180,0.096,0.077,4.13,266,1.70
FROZEN MEAT,FROZEN PIZZA,MEAT-PCKGD,GROCERY,3071,0.01224,0.374,0.133,4.06,1807,1.70
ICE CREAM/MILK/SHERBTS,PIES,GROCERY,PASTRY,557,0.00222,0.028,0.201,2.51,328,1.70
APPLES,GRAPES,PRODUCE,PRODUCE,2427,0.00967,0.184,0.240,4.56,1430,1.70
BABY HBC,FACIAL TISS/DNR NAPKIN,DRUG GM,GROCERY,381,0.00152,0.096,0.056,3.51,225,1.70
PEPPERS-ALL,VEGETABLES SALAD,PRODUCE,PRODUCE,1565,0.00624,0.190,0.146,4.46,927,1.69
FD WRAPS/BAGS/TRSH BG,LAUNDRY ADDITIVES,GROCERY,GROCERY,815,0.00325,0.073,0.183,4.09,481,1.69
FROZEN BREAD/DOUGH,FROZEN MEAT,GROCERY,MEAT-PCKGD,1140,0.00454,0.159,0.139,4.85,675,1.69
FEMININE HYGIENE,HOUSEHOLD CLEANG NEEDS,DRUG GM,GROCERY,353,0.00141,0.082,0.048,2.79,209,1.69
FRZN BREAKFAST FOODS,FRZN MEAT/MEAT DINNERS,GROCERY,GROCERY,2561,0.01020,0.351,0.113,3.87,1514,1.69
ORGANICS FRUIT & VEGETABLES,TOMATOES,PRODUCE,PRODUCE,1410,0.00562,0.267,0.092,4.39,832,1.69
MUSHROOMS,TOMATOES,PRODUCE,PRODUCE,1296,0.00516,0.274,0.085,4.50,767,1.69
HOUSEHOLD CLEANG NEEDS,STATIONERY & SCHOOL SUPPLIES,GROCERY,DRUG GM,368,0.00147,0.050,0.079,2.70,218,1.69
APPLES,NUTS,PRODUCE,PRODUCE,446,0.00178,0.034,0.243,4.61,264,1.69
CORN,PEPPERS-ALL,PRODUCE,PRODUCE,385,0.00153,0.141,0.047,4.29,229,1.68
FACIAL TISS/DNR NAPKIN,ORAL HYGIENE PRODUCTS,GROCERY,DRUG GM,792,0.00316,0.116,0.102,3.72,471,1.68
BERRIES,SQUASH,PRODUCE,PRODUCE,352,0.00140,0.039,0.173,4.78,210,1.68
FEMININE HYGIENE,LAUNDRY DETERGENTS,DRUG GM,GROCERY,396,0.00158,0.092,0.047,2.73,236,1.68
BATH TISSUES,DEODORANTS,GROCERY,DRUG GM,766,0.00305,0.056,0.180,3.32,455,1.68
APPLES,DRIED FRUIT,PRODUCE,NUTRITION,768,0.00306,0.058,0.255,4.84,458,1.68
CITRUS,REFRIGERATED,PRODUCE,NUTRITION,718,0.00286,0.071,0.139,3.45,427,1.68
BERRIES,REFRIGERATED,PRODUCE,NUTRITION,660,0.00263,0.072,0.128,3.52,393,1.68
BLEACH,ORAL HYGIENE PRODUCTS,GROCERY,DRUG GM,364,0.00145,0.103,0.047,3.31,219,1.67
BLEACH,HAIR CARE PRODUCTS,GROCERY,DRUG GM,370,0.00147,0.104,0.047,3.30,222,1.67
BREAD,REFRIGERATED,PASTRY,NUTRITION,492,0.00196,0.062,0.095,3.00,294,1.67
MOLASSES/SYRUP/PANCAKE MIXS,PNT BTR/JELLY/JAMS,GROCERY,GROCERY,931,0.00371,0.206,0.090,5.00,559,1.67
BLEACH,FACIAL TISS/DNR NAPKIN,GROCERY,GROCERY,375,0.00149,0.106,0.055,3.87,224,1.67
APPLES,FROZEN,PRODUCE,NUTRITION,349,0.00139,0.026,0.226,4.29,208,1.67
RICE CAKES,YOGURT,NUTRITION,GROCERY,369,0.00147,0.296,0.021,4.22,221,1.67
BREAD,BUTTER,PASTRY,GROCERY,567,0.00226,0.071,0.115,3.62,342,1.66
CAT FOOD,DEODORANTS,GROCERY,DRUG GM,304,0.00121,0.046,0.072,2.74,183,1.66
APPLES,SQUASH,PRODUCE,PRODUCE,530,0.00211,0.040,0.261,4.96,319,1.66
PEPPERS-ALL,VALUE ADDED VEGETABLES,PRODUCE,PRODUCE,323,0.00129,0.039,0.154,4.70,195,1.66
BABY HBC,LAUNDRY DETERGENTS,DRUG GM,GROCERY,428,0.00171,0.108,0.051,3.19,257,1.66
ONIONS,VEGETABLES SALAD,PRODUCE,PRODUCE,2780,0.01108,0.179,0.260,4.19,1675,1.66
CITRUS,PEPPERS-ALL,PRODUCE,PRODUCE,1446,0.00576,0.143,0.176,4.37,873,1.66
BAKING MIXES,FROZEN PIE/DESSERTS,GROCERY,GROCERY,1031,0.00411,0.091,0.160,3.57,620,1.66
HERBS,VEGETABLES SALAD,PRODUCE,PRODUCE,586,0.00234,0.180,0.055,4.21,352,1.66
FACIAL TISS/DNR NAPKIN,SHAVING CARE PRODUCTS,GROCERY,DRUG GM,323,0.00129,0.047,0.098,3.60,195,1.66
SALAD MIX,SALD DRSNG/SNDWCH SPRD,PRODUCE,GROCERY,4422,0.01762,0.285,0.264,4.27,2673,1.65
DOG FOODS,LAUNDRY DETERGENTS,GROCERY,GROCERY,730,0.00291,0.103,0.086,3.05,442,1.65
VALUE ADDED VEGETABLES,VEGETABLES - ALL OTHERS,PRODUCE,PRODUCE,600,0.00239,0.286,0.037,4.39,364,1.65
MELONS,VALUE ADDED FRUIT,PRODUCE,PRODUCE,383,0.00153,0.089,0.066,3.80,232,1.65
BATH TISSUES,HOUSEHOLD CLEANG NEEDS,GROCERY,GROCERY,1461,0.00582,0.107,0.198,3.65,885,1.65
AIR CARE,FD WRAPS/BAGS/TRSH BG,GROCERY,GROCERY,641,0.00255,0.168,0.057,3.76,387,1.65
FROZEN PIZZA,FRZN BREAKFAST FOODS,GROCERY,GROCERY,2610,0.01040,0.113,0.357,3.88,1586,1.65
FROZEN MEAT,FRZN BREAKFAST FOODS,MEAT-PCKGD,GROCERY,1127,0.00449,0.137,0.154,4.72,688,1.64
OLIVES,TOMATOES,GROCERY,PRODUCE,739,0.00294,0.280,0.048,4.60,449,1.64
CITRUS,SEAFOOD-FRESH,PRODUCE,SEAFOOD,535,0.00213,0.053,0.146,3.62,327,1.64
BERRIES,CAKES,PRODUCE,PASTRY,374,0.00149,0.041,0.084,2.33,228,1.64
ORAL HYGIENE PRODUCTS,STATIONERY & SCHOOL SUPPLIES,DRUG GM,DRUG GM,354,0.00141,0.045,0.076,2.46,216,1.64
FD WRAPS/BAGS/TRSH BG,HOUSEHOLD CLEANG NEEDS,GROCERY,GROCERY,1277,0.00509,0.114,0.173,3.86,777,1.64
DINNER SAUSAGE,MEAT - MISC,MEAT-PCKGD,MEAT-PCKGD,1410,0.00562,0.143,0.167,4.26,859,1.64
DINNER MXS:DRY,DRY BN/VEG/POTATO/RICE,GROCERY,GROCERY,3725,0.01484,0.280,0.281,5.30,2265,1.64
CONDIMENTS/SAUCES,SALD DRSNG/SNDWCH SPRD,GROCERY,GROCERY,5036,0.02007,0.282,0.301,4.22,3067,1.64
CORN,VEGETABLES SALAD,PRODUCE,PRODUCE,452,0.00180,0.165,0.042,3.87,276,1.64
CAT FOOD,PAPER TOWELS,GROCERY,GROCERY,812,0.00324,0.124,0.080,3.06,496,1.64
BATH TISSUES,HAIR CARE PRODUCTS,GROCERY,DRUG GM,1412,0.00563,0.104,0.178,3.28,864,1.63
BERRIES,CITRUS,PRODUCE,PRODUCE,1476,0.00588,0.162,0.146,4.02,906,1.63
BATH TISSUES,ELECTRICAL SUPPPLIES,GROCERY,DRUG GM,479,0.00191,0.035,0.181,3.33,293,1.63
ISOTONIC DRINKS,WAREHOUSE SNACKS,GROCERY,GROCERY,430,0.00171,0.080,0.066,3.09,264,1.63
CARROTS,MUSHROOMS,PRODUCE,PRODUCE,774,0.00308,0.092,0.163,4.88,475,1.63
FD WRAPS/BAGS/TRSH BG,LAUNDRY DETERGENTS,GROCERY,GROCERY,1414,0.00563,0.126,0.167,3.73,870,1.63
HOT CEREAL,MOLASSES/SYRUP/PANCAKE MIXS,GROCERY,GROCERY,496,0.00198,0.089,0.110,4.92,304,1.63
MEAT - SHELF STABLE,SEAFOOD - SHELF STABLE,GROCERY,GROCERY,2208,0.00880,0.160,0.280,5.09,1351,1.63
CHEESES,PREPARED FOOD,DELI,DELI,434,0.00173,0.038,0.092,2.04,266,1.63
BUTTER,SUGARS/SWEETNERS,GROCERY,GROCERY,840,0.00335,0.170,0.082,4.14,520,1.62
AIR CARE,FACIAL TISS/DNR NAPKIN,GROCERY,GROCERY,400,0.00159,0.105,0.058,3.85,247,1.62
BUTTER,FROZEN PIE/DESSERTS,GROCERY,GROCERY,472,0.00188,0.095,0.073,3.73,291,1.62
BATH TISSUES,FEMININE HYGIENE,GROCERY,DRUG GM,608,0.00242,0.045,0.142,2.61,376,1.62
HOT DOGS,MEAT - MISC,MEAT-PCKGD,MEAT-PCKGD,1571,0.00626,0.144,0.187,4.29,972,1.62
BROCCOLI/CAULIFLOWER,MELONS,PRODUCE,PRODUCE,340,0.00135,0.076,0.079,4.42,210,1.62
SALAD MIX,TOMATOES,PRODUCE,PRODUCE,3869,0.01542,0.249,0.254,4.10,2385,1.62
FROZEN PIE/DESSERTS,ICE CREAM/MILK/SHERBTS,GROCERY,GROCERY,1396,0.00556,0.217,0.070,2.72,863,1.62
BROCCOLI/CAULIFLOWER,CITRUS,PRODUCE,PRODUCE,797,0.00318,0.178,0.079,4.43,492,1.62
ONIONS,ORGANICS FRUIT & VEGETABLES,PRODUCE,PRODUCE,1412,0.00563,0.091,0.267,4.31,872,1.62
BLEACH,FD WRAPS/BAGS/TRSH BG,GROCERY,GROCERY,569,0.00227,0.161,0.051,3.59,352,1.62
DRIED FRUIT,HOT CEREAL,NUTRITION,GROCERY,319,0.00127,0.106,0.057,4.74,198,1.61
OLIVES,SALD DRSNG/SNDWCH SPRD,GROCERY,GROCERY,819,0.00326,0.310,0.049,4.65,509,1.61
FRZN MEAT/MEAT DINNERS,FRZN POTATOES,GROCERY,GROCERY,2581,0.01028,0.113,0.318,3.51,1598,1.61
FROZEN BREAD/DOUGH,FRZN MEAT/MEAT DINNERS,GROCERY,GROCERY,2387,0.00951,0.332,0.105,3.66,1480,1.61
HERBS,SHORTENING/OIL,PRODUCE,GROCERY,462,0.00184,0.142,0.056,4.30,287,1.61
CAT FOOD,HAIR CARE PRODUCTS,GROCERY,DRUG GM,556,0.00222,0.085,0.070,2.68,346,1.61
BATH TISSUES,BROOMS AND MOPS,GROCERY,DRUG GM,585,0.00233,0.043,0.192,3.55,363,1.61
BATH TISSUES,CAT FOOD,GROCERY,GROCERY,1000,0.00398,0.073,0.153,2.81,623,1.61
MELONS,ORGANICS FRUIT & VEGETABLES,PRODUCE,PRODUCE,374,0.00149,0.087,0.071,4.11,233,1.61
FRZN BREAKFAST FOODS,FRZN POTATOES,GROCERY,GROCERY,1013,0.00404,0.139,0.125,4.29,628,1.61
BROCCOLI/CAULIFLOWER,TOMATOES,PRODUCE,PRODUCE,1200,0.00478,0.269,0.079,4.42,749,1.60
CARROTS,ONIONS,PRODUCE,PRODUCE,2359,0.00940,0.281,0.152,4.53,1476,1.60
ISOTONIC DRINKS,WATER - CARBONATED/FLVRD DRINK,GROCERY,GROCERY,1034,0.00412,0.193,0.058,2.70,647,1.60
FROZEN MEAT,HEAT/SERVE,MEAT-PCKGD,MEAT-PCKGD,730,0.00291,0.089,0.138,4.23,456,1.60
HERBS,HISPANIC,PRODUCE,GROCERY,777,0.00310,0.238,0.055,4.19,486,1.60
CARROTS,VALUE ADDED VEGETABLES,PRODUCE,PRODUCE,330,0.00131,0.039,0.157,4.70,207,1.60
MEAT - MISC,PWDR/CRYSTL DRNK MX,MEAT-PCKGD,GROCERY,795,0.00317,0.094,0.149,4.45,496,1.60
COCOA MIXES,MOLASSES/SYRUP/PANCAKE MIXS,GROCERY,GROCERY,339,0.00135,0.089,0.075,4.94,212,1.60
OLIVES,VEGETABLES - ALL OTHERS,GROCERY,PRODUCE,789,0.00314,0.299,0.048,4.59,492,1.60
CONVENIENT BRKFST/WHLSM SNACKS,ISOTONIC DRINKS,GROCERY,GROCERY,1100,0.00438,0.079,0.206,3.69,691,1.59
FRZN POTATOES,MEAT - SHELF STABLE,GROCERY,GROCERY,1911,0.00761,0.236,0.139,4.29,1206,1.59
CAT LITTER,FD WRAPS/BAGS/TRSH BG,GROCERY,GROCERY,436,0.00174,0.148,0.039,3.30,274,1.59
TURKEY,VEGETABLES - ALL OTHERS,MEAT,PRODUCE,735,0.00293,0.263,0.045,4.04,463,1.59
STONE FRUIT,TROPICAL FRUIT,PRODUCE,PRODUCE,2522,0.01005,0.460,0.078,3.56,1588,1.59
CHEESES,DOMESTIC WINE,DELI,GROCERY,511,0.00204,0.045,0.113,2.50,323,1.58
BATH TISSUES,ORAL HYGIENE PRODUCTS,GROCERY,DRUG GM,1347,0.00537,0.099,0.173,3.18,850,1.58
ANALGESICS,HOUSEHOLD CLEANG NEEDS,DRUG GM,GROCERY,307,0.00122,0.072,0.042,2.46,195,1.58
BUTTER,MUSHROOMS,GROCERY,PRODUCE,420,0.00167,0.085,0.089,4.50,265,1.58
COCOA MIXES,COFFEE,GROCERY,GROCERY,675,0.00269,0.177,0.059,3.87,426,1.58
BERRIES,TROPICAL FRUIT,PRODUCE,PRODUCE,4379,0.01745,0.481,0.135,3.71,2779,1.58
BACON,EGGS,MEAT-PCKGD,GROCERY,4842,0.01929,0.446,0.174,4.01,3060,1.58
BROCCOLI/CAULIFLOWER,STONE FRUIT,PRODUCE,PRODUCE,402,0.00160,0.090,0.073,4.12,255,1.58
FROZEN MEAT,SEAFOOD - FROZEN,MEAT-PCKGD,SEAFOOD-PCKGD,1048,0.00418,0.128,0.139,4.26,664,1.58
CONVENIENT BRKFST/WHLSM SNACKS,RICE CAKES,GROCERY,NUTRITION,300,0.00120,0.021,0.241,4.32,190,1.58
FACIAL TISS/DNR NAPKIN,STATIONERY & SCHOOL SUPPLIES,GROCERY,DRUG GM,334,0.00133,0.049,0.072,2.64,212,1.58
BREAD,BROCCOLI/CAULIFLOWER,PASTRY,PRODUCE,509,0.00203,0.064,0.114,3.59,322,1.58
CANDY - PACKAGED,GREETING CARDS/WRAP/PARTY SPLY,DRUG GM,DRUG GM,1273,0.00507,0.059,0.168,1.96,805,1.58
APPLES,BROCCOLI/CAULIFLOWER,PRODUCE,PRODUCE,1082,0.00431,0.082,0.242,4.60,689,1.57
DINNER MXS:DRY,SEAFOOD - SHELF STABLE,GROCERY,GROCERY,2184,0.00870,0.164,0.277,5.22,1395,1.57
APPLES,TROPICAL FRUIT,PRODUCE,PRODUCE,6539,0.02606,0.495,0.201,3.83,4169,1.57
LAUNDRY DETERGENTS,MAKEUP AND TREATMENT,GROCERY,COSMETICS,366,0.00146,0.043,0.093,2.76,234,1.57
AIR CARE,PAPER HOUSEWARES,GROCERY,GROCERY,403,0.00161,0.106,0.052,3.46,257,1.57
FRZN POTATOES,MEAT - MISC,GROCERY,MEAT-PCKGD,1119,0.00446,0.138,0.133,4.11,712,1.57
CONVENIENT BRKFST/WHLSM SNACKS,FRZN BREAKFAST FOODS,GROCERY,GROCERY,1846,0.00736,0.132,0.253,4.54,1174,1.57
CAT FOOD,LAUNDRY DETERGENTS,GROCERY,GROCERY,612,0.00244,0.093,0.072,2.77,391,1.57
BREAKFAST SAUSAGE/SANDWICHES,DINNER SAUSAGE,MEAT-PCKGD,MEAT-PCKGD,1724,0.00687,0.157,0.175,4.00,1097,1.57
BROCCOLI/CAULIFLOWER,ONIONS,PRODUCE,PRODUCE,1237,0.00493,0.277,0.080,4.47,787,1.57
BATH TISSUES,FD WRAPS/BAGS/TRSH BG,GROCERY,GROCERY,2157,0.00859,0.158,0.192,3.54,1373,1.57
SQUASH,VEGETABLES SALAD,PRODUCE,PRODUCE,379,0.00151,0.187,0.035,4.38,241,1.57
DEODORANTS,PAPER TOWELS,DRUG GM,GROCERY,573,0.00228,0.135,0.056,3.33,366,1.57
DRY MIX DESSERTS,MOLASSES/SYRUP/PANCAKE MIXS,GROCERY,GROCERY,450,0.00179,0.083,0.100,4.60,287,1.57
DOG FOODS,HOUSEHOLD CLEANG NEEDS,GROCERY,GROCERY,616,0.00245,0.087,0.083,2.94,393,1.57
CITRUS,GRAPES,PRODUCE,PRODUCE,1611,0.00642,0.159,0.159,3.96,1027,1.57
BERRIES,MUSHROOMS,PRODUCE,PRODUCE,721,0.00287,0.079,0.152,4.19,463,1.56
COCOA MIXES,HOT CEREAL,GROCERY,GROCERY,385,0.00153,0.101,0.069,4.51,246,1.56
FRZN POTATOES,FRZN VEGETABLE/VEG DSH,GROCERY,GROCERY,1623,0.00647,0.200,0.127,3.94,1041,1.56
COLD CEREAL,CONVENIENT BRKFST/WHLSM SNACKS,GROCERY,GROCERY,5820,0.02319,0.232,0.416,4.16,3742,1.56
FRZN POTATOES,HOT DOGS,GROCERY,MEAT-PCKGD,1399,0.00557,0.173,0.128,3.96,898,1.56
FACIAL TISS/DNR NAPKIN,FEMININE HYGIENE,GROCERY,DRUG GM,318,0.00127,0.046,0.074,2.71,204,1.56
OLIVES,ONIONS,GROCERY,PRODUCE,735,0.00293,0.278,0.047,4.49,473,1.56
FROZEN MEAT,MEAT - MISC,MEAT-PCKGD,MEAT-PCKGD,1216,0.00485,0.148,0.144,4.42,778,1.56
BREAKFAST SAUSAGE/SANDWICHES,MOLASSES/SYRUP/PANCAKE MIXS,MEAT-PCKGD,GROCERY,885,0.00353,0.081,0.196,4.49,567,1.56
SPICES & EXTRACTS,TURKEY,GROCERY,MEAT,417,0.00166,0.044,0.149,3.96,267,1.56
BROCCOLI/CAULIFLOWER,BUTTER,PRODUCE,GROCERY,407,0.00162,0.091,0.082,4.62,260,1.56
FROZEN MEAT,PASTA SAUCE,MEAT-PCKGD,GROCERY,1824,0.00727,0.222,0.156,4.76,1179,1.55
COFFEE,SUGARS/SWEETNERS,GROCERY,GROCERY,1614,0.00643,0.141,0.157,3.44,1041,1.55
DINNER MXS:DRY,PWDR/CRYSTL DRNK MX,GROCERY,GROCERY,1347,0.00537,0.101,0.253,4.78,868,1.55
BROOMS AND MOPS,PAPER HOUSEWARES,DRUG GM,GROCERY,327,0.00130,0.108,0.043,3.51,211,1.55
PROCESSED,VEGETABLES - ALL OTHERS,PRODUCE,PRODUCE,1254,0.00500,0.267,0.077,4.10,810,1.55
HOT DOGS,PWDR/CRYSTL DRNK MX,MEAT-PCKGD,GROCERY,964,0.00384,0.088,0.181,4.16,622,1.55
FROZEN,VEGETABLES - ALL OTHERS,NUTRITION,PRODUCE,386,0.00154,0.250,0.024,3.83,249,1.55
CONVENIENT BRKFST/WHLSM SNACKS,HOT CEREAL,GROCERY,GROCERY,1399,0.00557,0.100,0.250,4.48,900,1.55
BREAKFAST SAUSAGE/SANDWICHES,SMOKED MEATS,MEAT-PCKGD,MEAT,656,0.00261,0.060,0.167,3.83,424,1.55
MUSHROOMS,VEGETABLES SALAD,PRODUCE,PRODUCE,821,0.00327,0.173,0.077,4.06,534,1.54
PICKLE/RELISH/PKLD VEG,SEAFOOD - SHELF STABLE,GROCERY,GROCERY,953,0.00380,0.155,0.121,4.92,619,1.54
BUTTER,ORGANICS FRUIT & VEGETABLES,GROCERY,PRODUCE,443,0.00177,0.090,0.084,4.25,287,1.54
POTATOES,SMOKED MEATS,PRODUCE,MEAT,926,0.00369,0.061,0.236,3.88,602,1.54
MEAT - MISC,PORK,MEAT-PCKGD,MEAT,1741,0.00694,0.207,0.141,4.19,1128,1.54
CARROTS,POTATOES,PRODUCE,PRODUCE,2288,0.00912,0.272,0.150,4.47,1486,1.54
APPLES,CARROTS,PRODUCE,PRODUCE,1988,0.00792,0.150,0.237,4.50,1290,1.54
BERRIES,DRIED FRUIT,PRODUCE,NUTRITION,463,0.00184,0.051,0.154,4.23,301,1.54
DOG FOODS,HAIR CARE PRODUCTS,GROCERY,DRUG GM,601,0.00239,0.085,0.076,2.67,389,1.54
LAUNDRY ADDITIVES,PAPER HOUSEWARES,GROCERY,GROCERY,490,0.00195,0.110,0.064,3.60,318,1.54
NUTS,VEGETABLES - ALL OTHERS,PRODUCE,PRODUCE,485,0.00193,0.264,0.030,4.06,315,1.54
BREAD,ROLLS,PASTRY,PASTRY,438,0.00175,0.055,0.086,2.72,285,1.54
FD WRAPS/BAGS/TRSH BG,SOAP - LIQUID & BAR,GROCERY,DRUG GM,937,0.00373,0.083,0.160,3.57,607,1.54
FD WRAPS/BAGS/TRSH BG,SHAVING CARE PRODUCTS,GROCERY,DRUG GM,472,0.00188,0.042,0.144,3.21,307,1.54
BREAD,PROCESSED,PASTRY,PRODUCE,496,0.00198,0.062,0.106,3.33,322,1.54
GREETING CARDS/WRAP/PARTY SPLY,PAPER HOUSEWARES,DRUG GM,GROCERY,531,0.00212,0.070,0.069,2.28,344,1.54
DRY NOODLES/PASTA,DRY SAUCES/GRAVY,GROCERY,GROCERY,1654,0.00659,0.118,0.255,4.56,1073,1.54
DEODORANTS,FACIAL TISS/DNR NAPKIN,DRUG GM,GROCERY,388,0.00155,0.091,0.057,3.34,252,1.54
HISPANIC,MILK BY-PRODUCTS,GROCERY,GROCERY,4299,0.01713,0.302,0.218,3.84,2804,1.53
COCOA MIXES,SUGARS/SWEETNERS,GROCERY,GROCERY,628,0.00250,0.164,0.061,4.01,411,1.53
CITRUS,STONE FRUIT,PRODUCE,PRODUCE,790,0.00315,0.078,0.144,3.58,515,1.53
HAIR CARE PRODUCTS,PAPER TOWELS,DRUG GM,GROCERY,1062,0.00423,0.134,0.104,3.30,696,1.53
CITRUS,VEGETABLES - ALL OTHERS,PRODUCE,PRODUCE,2511,0.01001,0.248,0.154,3.81,1637,1.53
MELONS,TROPICAL FRUIT,PRODUCE,PRODUCE,1970,0.00785,0.456,0.061,3.52,1291,1.53
BEEF,DRY SAUCES/GRAVY,MEAT,GROCERY,3541,0.01411,0.096,0.546,3.73,2312,1.53
BERRIES,VALUE ADDED VEGETABLES,PRODUCE,PRODUCE,307,0.00122,0.034,0.146,4.03,201,1.53
BAKING NEEDS,MOLASSES/SYRUP/PANCAKE MIXS,GROCERY,GROCERY,739,0.00294,0.071,0.164,3.96,484,1.53
HISPANIC,VEGETABLES SALAD,GROCERY,PRODUCE,2337,0.00931,0.164,0.218,3.84,1529,1.53
BACON,SMOKED MEATS,MEAT-PCKGD,MEAT,665,0.00265,0.061,0.170,3.92,435,1.53
BACON,DINNER SAUSAGE,MEAT-PCKGD,MEAT-PCKGD,1725,0.00687,0.159,0.175,4.04,1126,1.53
CORN,POTATOES,PRODUCE,PRODUCE,633,0.00252,0.231,0.041,3.79,414,1.53
FACIAL TISS/DNR NAPKIN,HAIR CARE PRODUCTS,GROCERY,DRUG GM,732,0.00292,0.107,0.092,3.38,479,1.53
BACON,REFRGRATD DOUGH PRODUCTS,MEAT-PCKGD,GROCERY,2479,0.00988,0.228,0.176,4.06,1635,1.52
CHEESES,ORGANICS FRUIT & VEGETABLES,DELI,PRODUCE,945,0.00377,0.083,0.179,3.96,620,1.52
FRZN VEGETABLE/VEG DSH,TURKEY,GROCERY,MEAT,548,0.00218,0.043,0.196,3.87,360,1.52
FLOUR & MEALS,MARGARINES,GROCERY,GROCERY,642,0.00256,0.205,0.047,3.79,422,1.52
FRZN ICE,SOFT DRINKS,GROCERY,GROCERY,1073,0.00428,0.461,0.015,1.62,708,1.52
FROZEN MEAT,FRZN MEAT/MEAT DINNERS,MEAT-PCKGD,GROCERY,2611,0.01040,0.318,0.115,3.51,1722,1.52
BEEF,PORK,MEAT,MEAT,6516,0.02596,0.178,0.527,3.60,4294,1.52
BERRIES,FROZEN PIE/DESSERTS,PRODUCE,GROCERY,782,0.00312,0.086,0.122,3.35,515,1.52
FRZN NOVELTIES/WTR ICE,ICE CREAM/MILK/SHERBTS,GROCERY,GROCERY,2045,0.00815,0.198,0.102,2.47,1346,1.52
POTATOES,SQUASH,PRODUCE,PRODUCE,561,0.00224,0.037,0.276,4.54,368,1.52
COLD CEREAL,HOT CEREAL,GROCERY,GROCERY,2251,0.00897,0.090,0.402,4.01,1476,1.52
FACIAL TISS/DNR NAPKIN,GREETING CARDS/WRAP/PARTY SPLY,GROCERY,DRUG GM,487,0.00194,0.071,0.064,2.35,321,1.52
CIGARETTES,DOMESTIC WINE,DRUG GM,GROCERY,307,0.00122,0.028,0.068,1.56,202,1.52
SEAFOOD-FRESH,VEGETABLES - ALL OTHERS,SEAFOOD,PRODUCE,823,0.00328,0.224,0.050,3.44,543,1.52
BREAKFAST SAUSAGE/SANDWICHES,EGGS,MEAT-PCKGD,GROCERY,4526,0.01803,0.413,0.162,3.72,2985,1.52
CHICKEN,CORN,MEAT,PRODUCE,590,0.00235,0.039,0.215,3.59,388,1.52
APPLES,STONE FRUIT,PRODUCE,PRODUCE,1083,0.00432,0.082,0.198,3.75,713,1.52
BABY HBC,FD WRAPS/BAGS/TRSH BG,DRUG GM,GROCERY,540,0.00215,0.136,0.048,3.03,354,1.52
DRY BN/VEG/POTATO/RICE,HISPANIC,GROCERY,GROCERY,3222,0.01284,0.243,0.226,4.28,2135,1.51
CARROTS,VEGETABLES SALAD,PRODUCE,PRODUCE,1477,0.00589,0.176,0.138,4.12,978,1.51
DRY SAUCES/GRAVY,POTATOES,GROCERY,PRODUCE,1671,0.00666,0.258,0.109,4.23,1108,1.51
BATH TISSUES,SHAVING CARE PRODUCTS,GROCERY,DRUG GM,532,0.00212,0.039,0.162,2.98,352,1.51
CANNED JUICES,COCOA MIXES,GROCERY,GROCERY,1174,0.00468,0.058,0.307,3.82,780,1.51
ORAL HYGIENE PRODUCTS,PAPER TOWELS,DRUG GM,GROCERY,1035,0.00412,0.133,0.102,3.28,685,1.51
DINNER MXS:DRY,PASTA SAUCE,GROCERY,GROCERY,3095,0.01233,0.233,0.264,4.98,2050,1.51
HOT CEREAL,PNT BTR/JELLY/JAMS,GROCERY,GROCERY,982,0.00391,0.175,0.095,4.24,651,1.51
BACON,MOLASSES/SYRUP/PANCAKE MIXS,MEAT-PCKGD,GROCERY,887,0.00353,0.082,0.197,4.54,587,1.51
MELONS,VEGETABLES - ALL OTHERS,PRODUCE,PRODUCE,1059,0.00422,0.245,0.065,3.76,700,1.51
FROZEN MEAT,HOT DOGS,MEAT-PCKGD,MEAT-PCKGD,1477,0.00589,0.180,0.135,4.13,977,1.51
DRY BN/VEG/POTATO/RICE,VEGETABLES - SHELF STABLE,GROCERY,GROCERY,5362,0.02137,0.404,0.237,4.49,3543,1.51
CANNED JUICES,ISOTONIC DRINKS,GROCERY,GROCERY,1333,0.00531,0.066,0.249,3.10,880,1.51
HISPANIC,PEPPERS-ALL,GROCERY,PRODUCE,1941,0.00773,0.136,0.236,4.16,1284,1.51
MARGARINES,SUGARS/SWEETNERS,GROCERY,GROCERY,2070,0.00825,0.153,0.201,3.73,1368,1.51
IMPORTED WINE,VEGETABLES - ALL OTHERS,GROCERY,PRODUCE,303,0.00121,0.175,0.019,2.69,200,1.51
CITRUS,TROPICAL FRUIT,PRODUCE,PRODUCE,4568,0.01820,0.452,0.141,3.49,3016,1.51
DRY MIX DESSERTS,SPICES & EXTRACTS,GROCERY,GROCERY,803,0.00320,0.147,0.085,3.91,535,1.50
PORK,SMOKED MEATS,MEAT,MEAT,726,0.00289,0.059,0.185,3.76,485,1.50
CAT LITTER,COFFEE,GROCERY,GROCERY,395,0.00157,0.134,0.034,2.93,263,1.50
FROZEN BREAD/DOUGH,FROZEN PIZZA,GROCERY,GROCERY,2333,0.00930,0.324,0.101,3.52,1553,1.50
APPLES,CHIPS&SNACKS,PRODUCE,NUTRITION,327,0.00130,0.025,0.193,3.67,218,1.50
POTATOES,VEGETABLES - ALL OTHERS,PRODUCE,PRODUCE,3927,0.01565,0.257,0.240,3.94,2627,1.50
FROZEN MEAT,MEAT - SHELF STABLE,MEAT-PCKGD,GROCERY,1988,0.00792,0.242,0.144,4.41,1324,1.50
GRAPES,TROPICAL FRUIT,PRODUCE,PRODUCE,4718,0.01880,0.467,0.145,3.61,3138,1.50
COOKIES/CONES,DRY MIX DESSERTS,GROCERY,GROCERY,1361,0.00542,0.080,0.250,3.67,907,1.50
CHIPS&SNACKS,TOMATOES,NUTRITION,PRODUCE,363,0.00145,0.215,0.024,3.53,242,1.50
CEREAL/BREAKFAST,TROPICAL FRUIT,NUTRITION,PRODUCE,708,0.00282,0.485,0.022,3.75,472,1.50
PWDR/CRYSTL DRNK MX,SHORTENING/OIL,GROCERY,GROCERY,726,0.00289,0.136,0.088,4.15,485,1.50
CARROTS,DRIED FRUIT,PRODUCE,NUTRITION,466,0.00186,0.055,0.155,4.62,311,1.50
BAKING NEEDS,COCOA MIXES,GROCERY,GROCERY,593,0.00236,0.057,0.155,3.75,395,1.50
DRY NOODLES/PASTA,VEGETABLES - SHELF STABLE,GROCERY,GROCERY,5576,0.02222,0.398,0.247,4.42,3709,1.50
DINNER SAUSAGE,PORK,MEAT-PCKGD,MEAT,1880,0.00749,0.191,0.152,3.87,1255,1.50
MELONS,TOMATOES,PRODUCE,PRODUCE,958,0.00382,0.222,0.063,3.65,643,1.49
FACIAL TISS/DNR NAPKIN,MAKEUP AND TREATMENT,GROCERY,COSMETICS,303,0.00121,0.044,0.077,2.83,204,1.49
GRAPES,ORGANICS FRUIT & VEGETABLES,PRODUCE,PRODUCE,850,0.00339,0.084,0.161,3.99,570,1.49
FRZN POTATOES,SEAFOOD - FROZEN,GROCERY,SEAFOOD-PCKGD,906,0.00361,0.112,0.121,3.73,609,1.49
BUTTER,SPICES & EXTRACTS,GROCERY,GROCERY,742,0.00296,0.150,0.078,3.98,497,1.49
DRY MIX DESSERTS,SHORTENING/OIL,GROCERY,GROCERY,722,0.00288,0.133,0.087,4.03,483,1.49
PEARS,YOGURT,PRODUCE,GROCERY,560,0.00223,0.283,0.032,4.04,376,1.49
ISOTONIC DRINKS,PWDR/CRYSTL DRNK MX,GROCERY,GROCERY,386,0.00154,0.072,0.073,3.41,259,1.49
BREAKFAST SAUSAGE/SANDWICHES,FRZN POTATOES,MEAT-PCKGD,GROCERY,1353,0.00539,0.123,0.167,3.82,907,1.49
MOLASSES/SYRUP/PANCAKE MIXS,PWDR/CRYSTL DRNK MX,GROCERY,GROCERY,432,0.00172,0.096,0.081,4.52,289,1.49
MELONS,VEGETABLES SALAD,PRODUCE,PRODUCE,669,0.00267,0.155,0.062,3.63,448,1.49
CHICKEN,SQUASH,MEAT,PRODUCE,509,0.00203,0.034,0.251,4.19,342,1.49
CITRUS,MUSHROOMS,PRODUCE,PRODUCE,746,0.00297,0.074,0.158,3.91,502,1.48
DELI MEATS,ROLLS,DELI,PASTRY,996,0.00397,0.058,0.196,2.87,672,1.48
CANDY - PACKAGED,STATIONERY & SCHOOL SUPPLIES,DRUG GM,DRUG GM,761,0.00303,0.035,0.164,1.92,515,1.48
MEAT - SHELF STABLE,PWDR/CRYSTL DRNK MX,GROCERY,GROCERY,1250,0.00498,0.091,0.235,4.27,844,1.48
DRY BN/VEG/POTATO/RICE,PASTA SAUCE,GROCERY,GROCERY,2896,0.01154,0.218,0.247,4.68,1958,1.48
FROZEN,YOGURT,NUTRITION,GROCERY,391,0.00156,0.253,0.022,3.61,265,1.48
BEANS - CANNED GLASS & MW,DRY BN/VEG/POTATO/RICE,GROCERY,GROCERY,2278,0.00908,0.240,0.172,4.54,1537,1.48
BATH TISSUES,PAPER HOUSEWARES,GROCERY,GROCERY,1344,0.00536,0.099,0.175,3.22,911,1.48
DINNER MXS:DRY,FRZN POTATOES,GROCERY,GROCERY,1831,0.00730,0.138,0.226,4.26,1234,1.48
HERBS,POTATOES,PRODUCE,PRODUCE,788,0.00314,0.242,0.052,3.97,531,1.48
DRY SAUCES/GRAVY,FROZEN BREAD/DOUGH,GROCERY,GROCERY,789,0.00314,0.122,0.110,4.24,532,1.48
GREETING CARDS/WRAP/PARTY SPLY,HOUSEHOLD CLEANG NEEDS,DRUG GM,GROCERY,491,0.00196,0.065,0.066,2.20,332,1.48
GREETING CARDS/WRAP/PARTY SPLY,MAGAZINE,DRUG GM,DRUG GM,397,0.00158,0.052,0.055,1.82,268,1.48
BREAKFAST SAUSAGE/SANDWICHES,FROZEN MEAT,MEAT-PCKGD,MEAT-PCKGD,1462,0.00583,0.133,0.178,4.07,987,1.48
DRY SAUCES/GRAVY,SMOKED MEATS,GROCERY,MEAT,388,0.00155,0.060,0.099,3.83,262,1.48
OLIVES,VEGETABLES SALAD,GROCERY,PRODUCE,464,0.00185,0.176,0.043,4.12,313,1.48
CANDY - CHECKLANE,CANDY - PACKAGED,DRUG GM,DRUG GM,3279,0.01307,0.141,0.152,1.65,2209,1.48
HOUSEHOLD CLEANG NEEDS,PAPER HOUSEWARES,GROCERY,GROCERY,763,0.00304,0.103,0.099,3.37,514,1.48
FD WRAPS/BAGS/TRSH BG,STATIONERY & SCHOOL SUPPLIES,GROCERY,DRUG GM,499,0.00199,0.044,0.108,2.40,336,1.48
DRIED FRUIT,GRAPES,NUTRITION,PRODUCE,507,0.00202,0.168,0.050,4.18,343,1.48
REFRIGERATED,VEGETABLES - ALL OTHERS,NUTRITION,PRODUCE,1038,0.00414,0.201,0.064,3.08,708,1.47
REFRIGERATED,YOGURT,NUTRITION,GROCERY,1104,0.00440,0.214,0.063,3.05,753,1.47
DRY SAUCES/GRAVY,SPICES & EXTRACTS,GROCERY,GROCERY,973,0.00388,0.150,0.103,3.98,663,1.47
HISPANIC,TOMATOES,GROCERY,PRODUCE,3229,0.01287,0.227,0.212,3.73,2196,1.47
CHICKEN,TURKEY,MEAT,MEAT,614,0.00245,0.041,0.220,3.67,417,1.47
APPLES,BERRIES,PRODUCE,PRODUCE,1858,0.00740,0.141,0.204,3.87,1260,1.47
PEPPERS-ALL,PROCESSED,PRODUCE,PRODUCE,635,0.00253,0.077,0.135,4.13,433,1.47
PROCESSED,TOMATOES,PRODUCE,PRODUCE,1089,0.00434,0.232,0.071,3.82,742,1.47
CARROTS,CITRUS,PRODUCE,PRODUCE,1352,0.00539,0.161,0.134,4.00,921,1.47
BERRIES,BREAD,PRODUCE,PASTRY,896,0.00357,0.098,0.113,3.10,608,1.47
SMOKED MEATS,VEGETABLES - ALL OTHERS,MEAT,PRODUCE,920,0.00367,0.235,0.056,3.61,626,1.47
DINNER MXS:DRY,FROZEN BREAD/DOUGH,GROCERY,GROCERY,1723,0.00687,0.130,0.240,4.52,1171,1.47
BATH TISSUES,DOG FOODS,GROCERY,GROCERY,1036,0.00413,0.076,0.146,2.69,703,1.47
DIAPERS & DISPOSABLES,LAUNDRY DETERGENTS,DRUG GM,GROCERY,355,0.00141,0.078,0.042,2.30,243,1.46
BAKING MIXES,SPICES & EXTRACTS,GROCERY,GROCERY,1534,0.00611,0.136,0.162,3.61,1052,1.46
DINNER MXS:DRY,FROZEN MEAT,GROCERY,MEAT-PCKGD,1986,0.00791,0.149,0.242,4.56,1363,1.46
BAKED SWEET GOODS,WAREHOUSE SNACKS,GROCERY,GROCERY,1370,0.00546,0.073,0.210,2.82,941,1.46
BUTTER,SNACK NUTS,GROCERY,GROCERY,328,0.00131,0.066,0.070,3.56,225,1.46
BABY HBC,BATH TISSUES,DRUG GM,GROCERY,596,0.00237,0.150,0.044,2.76,409,1.46
CONDIMENTS/SAUCES,SPICES & EXTRACTS,GROCERY,GROCERY,2508,0.00999,0.140,0.265,3.72,1718,1.46
DRY BN/VEG/POTATO/RICE,SEAFOOD - SHELF STABLE,GROCERY,GROCERY,1938,0.00772,0.146,0.246,4.65,1331,1.46
BEERS/ALES,SNACK NUTS,GROCERY,GROCERY,579,0.00231,0.037,0.124,2.00,397,1.46
BATH TISSUES,HAND/BODY/FACIAL PRODUCTS,GROCERY,DRUG GM,463,0.00184,0.034,0.163,3.00,317,1.46
LAUNDRY DETERGENTS,STATIONERY & SCHOOL SUPPLIES,GROCERY,DRUG GM,358,0.00143,0.042,0.077,2.29,246,1.46
FRUIT - SHELF STABLE,VEGETABLES - SHELF STABLE,GROCERY,GROCERY,5318,0.02119,0.400,0.235,4.44,3648,1.46
PAPER TOWELS,SHAVING CARE PRODUCTS,GROCERY,DRUG GM,412,0.00164,0.041,0.125,3.09,283,1.46
DRIED FRUIT,YOGURT,NUTRITION,GROCERY,846,0.00337,0.281,0.048,4.01,579,1.46
BAKING NEEDS,HERBS,GROCERY,PRODUCE,470,0.00187,0.045,0.144,3.48,321,1.46
POPCORN,PWDR/CRYSTL DRNK MX,PRODUCE,GROCERY,326,0.00130,0.083,0.061,3.91,223,1.46
CONVENIENT BRKFST/WHLSM SNACKS,WAREHOUSE SNACKS,GROCERY,GROCERY,1227,0.00489,0.088,0.188,3.37,840,1.46
CHEESES,HERBS,DELI,PRODUCE,546,0.00218,0.048,0.167,3.71,377,1.45
BATH TISSUES,PET CARE SUPPLIES,GROCERY,GROCERY,380,0.00151,0.028,0.151,2.79,262,1.45
LAUNDRY DETERGENTS,PAPER HOUSEWARES,GROCERY,GROCERY,836,0.00333,0.099,0.109,3.23,576,1.45
CANNED JUICES,DIAPERS & DISPOSABLES,GROCERY,DRUG GM,846,0.00337,0.042,0.185,2.30,583,1.45
CONDIMENTS/SAUCES,SHORTENING/OIL,GROCERY,GROCERY,2247,0.00895,0.126,0.272,3.82,1548,1.45
BREAKFAST SWEETS,SALAD BAR,PASTRY,SALAD BAR,410,0.00163,0.050,0.049,1.50,282,1.45
HOT DOGS,LUNCHMEAT,MEAT-PCKGD,MEAT-PCKGD,3496,0.01393,0.320,0.148,3.39,2404,1.45
MAGAZINE,SALAD BAR,DRUG GM,SALAD BAR,372,0.00148,0.051,0.044,1.54,256,1.45
BROCCOLI/CAULIFLOWER,GRAPES,PRODUCE,PRODUCE,748,0.00298,0.167,0.074,4.16,516,1.45
CANNED JUICES,PWDR/CRYSTL DRNK MX,GROCERY,GROCERY,1543,0.00615,0.077,0.290,3.61,1066,1.45
DIAPERS & DISPOSABLES,HAIR CARE PRODUCTS,DRUG GM,DRUG GM,314,0.00125,0.069,0.040,2.17,216,1.45
DISHWASH DETERGENTS,DOG FOODS,GROCERY,GROCERY,491,0.00196,0.079,0.069,2.78,339,1.45
CEREAL/BREAKFAST,VEGETABLES - ALL OTHERS,NUTRITION,PRODUCE,376,0.00150,0.257,0.023,3.95,259,1.45
COCOA MIXES,DRY MIX DESSERTS,GROCERY,GROCERY,336,0.00134,0.088,0.062,4.05,232,1.45
PAPER HOUSEWARES,SALADS/DIPS,GROCERY,DELI,526,0.00210,0.068,0.087,2.85,362,1.45
BEANS - CANNED GLASS & MW,SPICES & EXTRACTS,GROCERY,GROCERY,1445,0.00576,0.152,0.153,4.04,993,1.45
DOG FOODS,PAPER TOWELS,GROCERY,GROCERY,814,0.00324,0.115,0.080,2.83,563,1.45
PEPPERS-ALL,TURKEY,PRODUCE,MEAT,356,0.00142,0.043,0.128,3.90,247,1.44
CONDIMENTS/SAUCES,MEAT - MISC,GROCERY,MEAT-PCKGD,2273,0.00906,0.127,0.270,3.79,1583,1.44
CHEESES,MUSHROOMS,DELI,PRODUCE,823,0.00328,0.073,0.174,3.85,572,1.44
FRZN VEGETABLE/VEG DSH,SEAFOOD - FROZEN,GROCERY,SEAFOOD-PCKGD,1391,0.00554,0.109,0.185,3.65,964,1.44
DRY SAUCES/GRAVY,FRUIT - SHELF STABLE,GROCERY,GROCERY,1526,0.00608,0.235,0.115,4.44,1056,1.44
EGGS,FLOUR & MEALS,GROCERY,GROCERY,1184,0.00472,0.042,0.378,3.40,820,1.44
ONIONS,SPICES & EXTRACTS,PRODUCE,GROCERY,2172,0.00865,0.140,0.230,3.70,1510,1.44
HOT CEREAL,SUGARS/SWEETNERS,GROCERY,GROCERY,855,0.00341,0.153,0.083,3.72,592,1.44
BROCCOLI/CAULIFLOWER,YOGURT,PRODUCE,GROCERY,1256,0.00500,0.281,0.071,4.01,871,1.44
HISPANIC,SQUASH,GROCERY,PRODUCE,484,0.00193,0.034,0.239,4.20,337,1.44
ORGANICS FRUIT & VEGETABLES,VALUE ADDED FRUIT,PRODUCE,PRODUCE,430,0.00171,0.081,0.074,3.49,299,1.44
PROCESSED,SALADS/DIPS,PRODUCE,DELI,345,0.00137,0.074,0.057,3.07,240,1.44
CAT FOOD,DISHWASH DETERGENTS,GROCERY,GROCERY,431,0.00172,0.066,0.069,2.65,299,1.44
PAPER TOWELS,PET CARE SUPPLIES,GROCERY,GROCERY,303,0.00121,0.030,0.121,2.98,211,1.44
CAT FOOD,COFFEE,GROCERY,GROCERY,748,0.00298,0.114,0.065,2.50,520,1.44
DRY SAUCES/GRAVY,MEAT - SHELF STABLE,GROCERY,GROCERY,1497,0.00597,0.231,0.109,4.20,1043,1.44
MEAT - MISC,SHORTENING/OIL,MEAT-PCKGD,GROCERY,1085,0.00432,0.129,0.131,3.92,756,1.44
CHEESES,OLIVES,DELI,GROCERY,483,0.00192,0.043,0.183,4.05,336,1.44
ANALGESICS,LAUNDRY DETERGENTS,DRUG GM,GROCERY,317,0.00126,0.075,0.037,2.22,220,1.44
POTATOES,TURKEY,PRODUCE,MEAT,642,0.00256,0.042,0.230,3.78,446,1.44
FRZN POTATOES,SHORTENING/OIL,GROCERY,GROCERY,994,0.00396,0.123,0.120,3.72,696,1.43
BAKED SWEET GOODS,FRZN BREAKFAST FOODS,GROCERY,GROCERY,1796,0.00716,0.096,0.246,3.30,1260,1.43
CAT FOOD,FACIAL TISS/DNR NAPKIN,GROCERY,GROCERY,485,0.00193,0.074,0.071,2.71,340,1.43
FROZEN BREAD/DOUGH,HEAT/SERVE,GROCERY,MEAT-PCKGD,561,0.00224,0.078,0.106,3.71,392,1.43
DOG FOODS,SOAP - LIQUID & BAR,GROCERY,DRUG GM,443,0.00177,0.062,0.076,2.67,309,1.43
BEANS - CANNED GLASS & MW,DRY NOODLES/PASTA,GROCERY,GROCERY,2303,0.00918,0.243,0.164,4.34,1608,1.43
BROCCOLI/CAULIFLOWER,SALAD MIX,PRODUCE,PRODUCE,1115,0.00444,0.249,0.072,4.03,780,1.43
STONE FRUIT,VEGETABLES - ALL OTHERS,PRODUCE,PRODUCE,1224,0.00488,0.223,0.075,3.43,857,1.43
GREETING CARDS/WRAP/PARTY SPLY,ORAL HYGIENE PRODUCTS,DRUG GM,DRUG GM,475,0.00189,0.063,0.061,2.02,332,1.43
FROZEN PIE/DESSERTS,SMOKED MEATS,GROCERY,MEAT,307,0.00122,0.048,0.078,3.06,215,1.43
TOMATOES,VALUE ADDED VEGETABLES,PRODUCE,PRODUCE,476,0.00190,0.031,0.227,3.73,333,1.43
BREAKFAST SAUSAGE/SANDWICHES,MEAT - MISC,MEAT-PCKGD,MEAT-PCKGD,1400,0.00558,0.128,0.166,3.80,982,1.43
CORN,GRAPES,PRODUCE,PRODUCE,386,0.00154,0.141,0.038,3.50,270,1.43
TROPICAL FRUIT,VALUE ADDED FRUIT,PRODUCE,PRODUCE,2376,0.00947,0.073,0.406,3.14,1668,1.42
CAT FOOD,LAUNDRY ADDITIVES,GROCERY,GROCERY,305,0.00122,0.047,0.069,2.62,214,1.42
FRZN BREAKFAST FOODS,ISOTONIC DRINKS,GROCERY,GROCERY,506,0.00202,0.069,0.095,3.25,355,1.42
DRY BN/VEG/POTATO/RICE,DRY NOODLES/PASTA,GROCERY,GROCERY,3215,0.01281,0.242,0.229,4.34,2259,1.42
BUTTER,CITRUS,GROCERY,PRODUCE,732,0.00292,0.148,0.072,3.67,516,1.42
BERRIES,YOGURT,PRODUCE,GROCERY,2275,0.00907,0.250,0.129,3.56,1602,1.42
CANNED JUICES,CONVENIENT BRKFST/WHLSM SNACKS,GROCERY,GROCERY,4048,0.01613,0.201,0.289,3.60,2850,1.42
BEANS - CANNED GLASS & MW,MEAT - SHELF STABLE,GROCERY,GROCERY,2210,0.00881,0.233,0.160,4.23,1562,1.42
FRZN POTATOES,PWDR/CRYSTL DRNK MX,GROCERY,GROCERY,649,0.00259,0.080,0.122,3.77,456,1.42
CONDIMENTS/SAUCES,FRZN POTATOES,GROCERY,GROCERY,2082,0.00830,0.117,0.257,3.61,1461,1.42
CANDY - PACKAGED,SNACK NUTS,DRUG GM,GROCERY,921,0.00367,0.043,0.197,2.30,648,1.42
DRY MIX DESSERTS,PWDR/CRYSTL DRNK MX,GROCERY,GROCERY,450,0.00179,0.083,0.085,3.90,317,1.42
BEANS - CANNED GLASS & MW,HOT DOGS,GROCERY,MEAT-PCKGD,1642,0.00654,0.173,0.150,3.97,1153,1.42
BAKED SWEET GOODS,CONVENIENT BRKFST/WHLSM SNACKS,GROCERY,GROCERY,3459,0.01378,0.185,0.247,3.32,2442,1.42
APPLES,YOGURT,PRODUCE,GROCERY,3439,0.01370,0.260,0.195,3.71,2420,1.42
FRZN FRUITS,TROPICAL FRUIT,GROCERY,PRODUCE,453,0.00181,0.413,0.014,3.19,319,1.42
CARROTS,GRAPES,PRODUCE,PRODUCE,1372,0.00547,0.163,0.136,4.06,966,1.42
DEODORANTS,FD WRAPS/BAGS/TRSH BG,DRUG GM,GROCERY,563,0.00224,0.132,0.050,2.96,396,1.42
BACON,PORK,MEAT-PCKGD,MEAT,2100,0.00837,0.193,0.170,3.92,1477,1.42
FRZN MEAT/MEAT DINNERS,FRZN VEGETABLE/VEG DSH,GROCERY,GROCERY,3552,0.01415,0.156,0.279,3.08,2528,1.41
BREAKFAST SAUSAGE/SANDWICHES,HOT DOGS,MEAT-PCKGD,MEAT-PCKGD,1751,0.00698,0.160,0.160,3.67,1239,1.41
BEANS - CANNED GLASS & MW,ONIONS,GROCERY,PRODUCE,2328,0.00928,0.245,0.150,3.96,1648,1.41
FROZEN,TROPICAL FRUIT,NUTRITION,PRODUCE,649,0.00259,0.420,0.020,3.24,459,1.41
BAKING NEEDS,CAKES,GROCERY,PASTRY,352,0.00140,0.034,0.079,1.92,250,1.41
FLOUR & MEALS,POTATOES,GROCERY,PRODUCE,688,0.00274,0.219,0.045,3.60,490,1.41
MEAT - SHELF STABLE,PASTA SAUCE,GROCERY,GROCERY,2802,0.01117,0.203,0.239,4.35,1986,1.41
DRY SAUCES/GRAVY,MEAT - MISC,GROCERY,MEAT-PCKGD,862,0.00343,0.133,0.102,3.96,613,1.41
FRZN JCE CONC/DRNKS,ICE CREAM/MILK/SHERBTS,GROCERY,GROCERY,374,0.00149,0.197,0.019,2.47,265,1.41
FROZEN MEAT,PWDR/CRYSTL DRNK MX,MEAT-PCKGD,GROCERY,704,0.00281,0.086,0.132,4.05,501,1.41
CHICKEN,HERBS,MEAT,PRODUCE,701,0.00279,0.047,0.215,3.59,497,1.41
HAND/BODY/FACIAL PRODUCTS,PAPER TOWELS,DRUG GM,GROCERY,360,0.00143,0.127,0.035,3.12,255,1.41
APPLES,ORGANICS FRUIT & VEGETABLES,PRODUCE,PRODUCE,1070,0.00426,0.081,0.202,3.84,760,1.41
APPLES,PROCESSED,PRODUCE,PRODUCE,958,0.00382,0.073,0.204,3.88,678,1.41
BAKING MIXES,BUTTER,GROCERY,GROCERY,812,0.00324,0.072,0.164,3.65,575,1.41
DRY BN/VEG/POTATO/RICE,MEAT - SHELF STABLE,GROCERY,GROCERY,3091,0.01232,0.233,0.224,4.24,2197,1.41
BERRIES,HERBS,PRODUCE,PRODUCE,429,0.00171,0.047,0.132,3.62,305,1.41
COOKIES/CONES,WAREHOUSE SNACKS,GROCERY,GROCERY,1291,0.00514,0.075,0.197,2.90,918,1.41
CARROTS,ORGANICS FRUIT & VEGETABLES,PRODUCE,PRODUCE,722,0.00288,0.086,0.137,4.08,514,1.40
BAKING NEEDS,GREETING CARDS/WRAP/PARTY SPLY,GROCERY,DRUG GM,645,0.00257,0.062,0.085,2.05,461,1.40
FITNESS&DIET,TROPICAL FRUIT,NUTRITION,PRODUCE,530,0.00211,0.322,0.016,2.49,379,1.40
MARGARINES,SHORTENING/OIL,GROCERY,GROCERY,1651,0.00658,0.122,0.200,3.70,1177,1.40
OLIVES,SALAD MIX,GROCERY,PRODUCE,654,0.00261,0.248,0.042,4.00,468,1.40
BATH TISSUES,FIRST AID PRODUCTS,GROCERY,DRUG GM,312,0.00124,0.023,0.118,2.18,222,1.40
FROZEN PIZZA,ISOTONIC DRINKS,GROCERY,GROCERY,1340,0.00534,0.058,0.251,2.72,960,1.40
DINNER SAUSAGE,SMOKED MEATS,MEAT-PCKGD,MEAT,523,0.00208,0.053,0.133,3.40,372,1.40
BREAKFAST SAUSAGE/SANDWICHES,HEAT/SERVE,MEAT-PCKGD,MEAT-PCKGD,812,0.00324,0.074,0.154,3.52,579,1.40
FROZEN PIZZA,MEAT - SHELF STABLE,GROCERY,GROCERY,4242,0.01690,0.183,0.307,3.33,3041,1.40
FROZEN,HISPANIC,NUTRITION,GROCERY,308,0.00123,0.199,0.022,3.51,220,1.40
MISC. DAIRY,OLIVES,GROCERY,GROCERY,333,0.00133,0.045,0.126,4.31,238,1.40
MEAT - SHELF STABLE,SOUP,GROCERY,GROCERY,5025,0.02002,0.364,0.213,3.88,3583,1.40
CORN,ONIONS,PRODUCE,PRODUCE,578,0.00230,0.211,0.037,3.40,414,1.40
CITRUS,ONIONS,PRODUCE,PRODUCE,2197,0.00875,0.217,0.141,3.51,1572,1.40
PAPER HOUSEWARES,SOAP - LIQUID & BAR,GROCERY,DRUG GM,564,0.00225,0.073,0.096,3.14,402,1.40
MOLASSES/SYRUP/PANCAKE MIXS,SPICES & EXTRACTS,GROCERY,GROCERY,675,0.00269,0.150,0.071,3.97,484,1.40
SEAFOOD - FROZEN,SEAFOOD - SHELF STABLE,SEAFOOD-PCKGD,GROCERY,940,0.00375,0.125,0.119,3.98,674,1.40
BACON,MEAT - MISC,MEAT-PCKGD,MEAT-PCKGD,1412,0.00563,0.130,0.168,3.87,1012,1.40
DRY SAUCES/GRAVY,REFRGRATD DOUGH PRODUCTS,GROCERY,GROCERY,1381,0.00550,0.213,0.098,3.78,989,1.40
SALAD BAR,SALD DRSNG/SNDWCH SPRD,SALAD BAR,GROCERY,906,0.00361,0.108,0.054,1.62,652,1.39
BROCCOLI/CAULIFLOWER,POTATOES,PRODUCE,PRODUCE,1106,0.00441,0.247,0.072,4.06,794,1.39
DINNER MXS:DRY,FROZEN PIZZA,GROCERY,GROCERY,4293,0.01711,0.323,0.186,3.50,3099,1.39
COOKIES/CONES,CRACKERS/MISC BKD FD,GROCERY,GROCERY,5202,0.02073,0.304,0.229,3.36,3736,1.39
FRZN BREAKFAST FOODS,ICE CREAM/MILK/SHERBTS,GROCERY,GROCERY,1555,0.00620,0.213,0.078,2.66,1116,1.39
FROZEN BREAD/DOUGH,FRZN VEGETABLE/VEG DSH,GROCERY,GROCERY,1350,0.00538,0.188,0.106,3.70,973,1.39
REFRIGERATED,VALUE ADDED FRUIT,NUTRITION,PRODUCE,329,0.00131,0.064,0.056,2.73,237,1.39
GRAPES,REFRIGERATED,PRODUCE,NUTRITION,615,0.00245,0.061,0.119,2.96,443,1.39
FD WRAPS/BAGS/TRSH BG,HAIR CARE PRODUCTS,GROCERY,DRUG GM,1048,0.00418,0.093,0.132,2.95,754,1.39
COFFEE,ELECTRICAL SUPPPLIES,GROCERY,DRUG GM,339,0.00135,0.030,0.128,2.80,244,1.39
CEREAL/BREAKFAST,SALAD MIX,NUTRITION,PRODUCE,343,0.00137,0.235,0.022,3.80,246,1.39
BAKING MIXES,SMOKED MEATS,GROCERY,MEAT,580,0.00231,0.051,0.148,3.29,418,1.39
FRZN BREAKFAST FOODS,MEAT - SHELF STABLE,GROCERY,GROCERY,1612,0.00642,0.221,0.117,4.01,1158,1.39
PORK,POTATOES,MEAT,PRODUCE,2829,0.01127,0.229,0.185,3.75,2042,1.39
ANALGESICS,PAPER TOWELS,DRUG GM,GROCERY,384,0.00153,0.091,0.038,2.23,277,1.39
DINNER MXS:DRY,HOT DOGS,GROCERY,MEAT-PCKGD,2338,0.00932,0.176,0.214,4.04,1682,1.39
COCOA MIXES,ICE CREAM/MILK/SHERBTS,GROCERY,GROCERY,819,0.00326,0.214,0.041,2.68,588,1.39
BREAKFAST SAUSAGE/SANDWICHES,PORK,MEAT-PCKGD,MEAT,1996,0.00795,0.182,0.161,3.69,1434,1.39
FROZEN PIE/DESSERTS,FRZN NOVELTIES/WTR ICE,GROCERY,GROCERY,699,0.00279,0.109,0.068,2.64,502,1.39
FD WRAPS/BAGS/TRSH BG,ORAL HYGIENE PRODUCTS,GROCERY,DRUG GM,1032,0.00411,0.092,0.132,2.96,741,1.39
CIGARETTES,DOG FOODS,DRUG GM,GROCERY,428,0.00171,0.039,0.060,1.38,309,1.39
BAKING NEEDS,TURKEY,GROCERY,MEAT,374,0.00149,0.036,0.134,3.24,270,1.39
CITRUS,TOMATOES,PRODUCE,PRODUCE,2089,0.00832,0.207,0.137,3.40,1504,1.39
CONVENIENT BRKFST/WHLSM SNACKS,COOKIES/CONES,GROCERY,GROCERY,3364,0.01340,0.241,0.197,3.53,2429,1.39
BEANS - CANNED GLASS & MW,PICKLE/RELISH/PKLD VEG,GROCERY,GROCERY,998,0.00398,0.105,0.162,4.28,716,1.39
ORGANICS FRUIT & VEGETABLES,VEGETABLES SALAD,PRODUCE,PRODUCE,806,0.00321,0.152,0.075,3.57,579,1.39
CONDIMENTS/SAUCES,DINNER SAUSAGE,GROCERY,MEAT-PCKGD,2453,0.00977,0.137,0.249,3.50,1765,1.39
BEANS - CANNED GLASS & MW,PEPPERS-ALL,GROCERY,PRODUCE,1283,0.00511,0.135,0.156,4.13,922,1.39
FRZN POTATOES,REFRGRATD DOUGH PRODUCTS,GROCERY,GROCERY,1607,0.00640,0.198,0.114,3.52,1152,1.39
DINNER MXS:DRY,VEGETABLES - SHELF STABLE,GROCERY,GROCERY,5150,0.02052,0.387,0.228,4.30,3701,1.39
DRY BN/VEG/POTATO/RICE,FRUIT - SHELF STABLE,GROCERY,GROCERY,3085,0.01229,0.233,0.232,4.39,2226,1.39
BAG SNACKS,FRZN ICE,GROCERY,GROCERY,603,0.00240,0.014,0.259,1.55,436,1.38
BREAD,PEPPERS-ALL,PASTRY,PRODUCE,798,0.00318,0.100,0.097,3.06,577,1.38
BREAD,VEGETABLES SALAD,PASTRY,PRODUCE,975,0.00389,0.123,0.091,2.87,707,1.38
BREAD,VEGETABLES - ALL OTHERS,PASTRY,PRODUCE,1516,0.00604,0.191,0.093,2.93,1097,1.38
BREAKFAST SAUSAGE/SANDWICHES,FROZEN BREAD/DOUGH,MEAT-PCKGD,GROCERY,1166,0.00465,0.106,0.162,3.71,847,1.38
CHICKEN,MUSHROOMS,MEAT,PRODUCE,1045,0.00416,0.069,0.221,3.68,755,1.38
FEMININE HYGIENE,PAPER TOWELS,DRUG GM,GROCERY,410,0.00163,0.095,0.040,2.36,298,1.38
CHICKEN,DRY BN/VEG/POTATO/RICE,MEAT,GROCERY,2996,0.01194,0.199,0.226,3.77,2166,1.38
FROZEN PIE/DESSERTS,FRUIT - SHELF STABLE,GROCERY,GROCERY,1143,0.00455,0.178,0.086,3.36,827,1.38
SALAD MIX,VEGETABLES - ALL OTHERS,PRODUCE,PRODUCE,3581,0.01427,0.231,0.219,3.54,2596,1.38
PNT BTR/JELLY/JAMS,SUGARS/SWEETNERS,GROCERY,GROCERY,1507,0.00600,0.145,0.147,3.55,1089,1.38
PEPPERS-ALL,SPICES & EXTRACTS,PRODUCE,GROCERY,1156,0.00461,0.141,0.122,3.73,840,1.38
MUSHROOMS,SEAFOOD - FROZEN,PRODUCE,SEAFOOD-PCKGD,525,0.00209,0.111,0.070,3.70,381,1.38
MEAT - MISC,SEAFOOD - FROZEN,MEAT-PCKGD,SEAFOOD-PCKGD,908,0.00362,0.108,0.121,3.60,659,1.38
MARGARINES,REFRGRATD DOUGH PRODUCTS,GROCERY,GROCERY,2680,0.01068,0.198,0.190,3.52,1948,1.38
MARGARINES,MOLASSES/SYRUP/PANCAKE MIXS,GROCERY,GROCERY,961,0.00383,0.071,0.213,3.95,695,1.38
DINNER MXS:DRY,MEAT - MISC,GROCERY,MEAT-PCKGD,1860,0.00741,0.140,0.221,4.17,1346,1.38
DRY BN/VEG/POTATO/RICE,PORK,GROCERY,MEAT,2600,0.01036,0.196,0.210,3.98,1881,1.38
TURKEY,VEGETABLES - SHELF STABLE,MEAT,GROCERY,936,0.00373,0.335,0.041,3.73,676,1.38
COCOA MIXES,MEAT - SHELF STABLE,GROCERY,GROCERY,850,0.00339,0.222,0.062,4.05,619,1.37
FRZN NOVELTIES/WTR ICE,ISOTONIC DRINKS,GROCERY,GROCERY,557,0.00222,0.054,0.104,2.53,408,1.37
DISHWASH DETERGENTS,PAPER HOUSEWARES,GROCERY,GROCERY,611,0.00243,0.098,0.080,3.20,445,1.37
CITRUS,OLIVES,PRODUCE,GROCERY,403,0.00161,0.040,0.153,3.79,295,1.37
BREAD,CITRUS,PASTRY,PRODUCE,903,0.00360,0.114,0.089,2.82,661,1.37
DRY BN/VEG/POTATO/RICE,SHORTENING/OIL,GROCERY,GROCERY,1726,0.00688,0.130,0.209,3.95,1262,1.37
MISC. DAIRY,REFRIGERATED,GROCERY,NUTRITION,456,0.00182,0.062,0.088,3.02,334,1.37
PORK,SEAFOOD - FROZEN,MEAT,SEAFOOD-PCKGD,1315,0.00524,0.106,0.175,3.55,963,1.37
DRY BN/VEG/POTATO/RICE,SMOKED MEATS,GROCERY,MEAT,751,0.00299,0.057,0.192,3.63,549,1.37
EGGS,MARGARINES,GROCERY,GROCERY,5019,0.02000,0.180,0.370,3.34,3663,1.37
DOG FOODS,FACIAL TISS/DNR NAPKIN,GROCERY,GROCERY,529,0.00211,0.074,0.077,2.73,386,1.37
DINNER MXS:DRY,FRUIT - SHELF STABLE,GROCERY,GROCERY,3198,0.01274,0.240,0.241,4.54,2332,1.37
CONVENIENT BRKFST/WHLSM SNACKS,FROZEN PIZZA,GROCERY,GROCERY,4218,0.01681,0.302,0.182,3.27,3081,1.37
HEAT/SERVE,SALADS/DIPS,MEAT-PCKGD,DELI,353,0.00141,0.067,0.059,2.79,257,1.37
DRY BN/VEG/POTATO/RICE,MEAT - MISC,GROCERY,MEAT-PCKGD,1761,0.00702,0.133,0.209,3.96,1289,1.37
FRUIT - SHELF STABLE,HOT CEREAL,GROCERY,GROCERY,1230,0.00490,0.093,0.220,4.14,900,1.37
HEAT/SERVE,SEAFOOD - FROZEN,MEAT-PCKGD,SEAFOOD-PCKGD,532,0.00212,0.101,0.071,3.37,389,1.37
BAKING NEEDS,OLIVES,GROCERY,GROCERY,390,0.00155,0.038,0.148,3.57,285,1.37
COCOA MIXES,FROZEN MEAT,GROCERY,MEAT-PCKGD,503,0.00200,0.132,0.061,4.02,367,1.37
SALD DRSNG/SNDWCH SPRD,SPICES & EXTRACTS,GROCERY,GROCERY,2223,0.00886,0.133,0.235,3.52,1622,1.37
CONDIMENTS/SAUCES,MISCELLANEOUS,GROCERY,MEAT-PCKGD,583,0.00232,0.033,0.265,3.72,424,1.37
BEANS - CANNED GLASS & MW,CONDIMENTS/SAUCES,GROCERY,GROCERY,2578,0.01027,0.272,0.144,3.82,1878,1.37
BAKED SWEET GOODS,FROZEN MEAT,GROCERY,MEAT-PCKGD,1964,0.00783,0.105,0.239,3.21,1432,1.37
BEANS - CANNED GLASS & MW,DINNER SAUSAGE,GROCERY,MEAT-PCKGD,1397,0.00557,0.147,0.142,3.74,1017,1.37
DIAPERS & DISPOSABLES,PAPER TOWELS,DRUG GM,GROCERY,420,0.00167,0.092,0.041,2.27,306,1.37
SEAFOOD - SHELF STABLE,SOUP,GROCERY,GROCERY,2969,0.01183,0.376,0.126,4.01,2163,1.37
CHIPS&SNACKS,VEGETABLES - ALL OTHERS,NUTRITION,PRODUCE,360,0.00143,0.213,0.022,3.27,262,1.37
FROZEN BREAD/DOUGH,FROZEN PIE/DESSERTS,GROCERY,GROCERY,574,0.00229,0.080,0.089,3.12,419,1.37
CONVENIENT BRKFST/WHLSM SNACKS,PWDR/CRYSTL DRNK MX,GROCERY,GROCERY,1172,0.00467,0.084,0.220,3.95,855,1.37
FROZEN,TOMATOES,NUTRITION,PRODUCE,313,0.00125,0.202,0.021,3.33,229,1.37
COFFEE,HOT CEREAL,GROCERY,GROCERY,842,0.00336,0.073,0.150,3.29,615,1.37
DRIED FRUIT,TROPICAL FRUIT,NUTRITION,PRODUCE,1355,0.00540,0.450,0.042,3.48,990,1.37
CANNED MILK,FRUIT - SHELF STABLE,GROCERY,GROCERY,335,0.00133,0.185,0.025,3.49,245,1.37
CANNED MILK,POTATOES,GROCERY,PRODUCE,357,0.00142,0.197,0.023,3.24,261,1.37
FROZEN BREAD/DOUGH,REFRGRATD DOUGH PRODUCTS,GROCERY,GROCERY,1482,0.00591,0.206,0.105,3.66,1078,1.37
DRY BN/VEG/POTATO/RICE,PWDR/CRYSTL DRNK MX,GROCERY,GROCERY,1137,0.00453,0.086,0.214,4.04,831,1.37
HEAT/SERVE,MISC. DAIRY,MEAT-PCKGD,GROCERY,554,0.00221,0.105,0.076,3.59,408,1.36
BAKING MIXES,COCOA MIXES,GROCERY,GROCERY,618,0.00246,0.055,0.162,3.60,455,1.36
BAKED BREAD/BUNS/ROLLS,HOT DOGS,GROCERY,MEAT-PCKGD,7705,0.03070,0.128,0.706,2.94,5662,1.36
CANDY - PACKAGED,WAREHOUSE SNACKS,DRUG GM,GROCERY,1180,0.00470,0.055,0.180,2.11,865,1.36
BAKING MIXES,DRY SAUCES/GRAVY,GROCERY,GROCERY,1046,0.00417,0.093,0.161,3.59,768,1.36
BAG SNACKS,WAREHOUSE SNACKS,GROCERY,GROCERY,2678,0.01067,0.064,0.410,2.45,1965,1.36
BUTTER,ONIONS,GROCERY,PRODUCE,1120,0.00446,0.226,0.072,3.65,826,1.36
BREAD,SEAFOOD-FRESH,PASTRY,SEAFOOD,305,0.00122,0.038,0.083,2.62,224,1.36
BEANS - CANNED GLASS & MW,SMOKED MEATS,GROCERY,MEAT,535,0.00213,0.056,0.137,3.61,393,1.36
COCOA MIXES,CONVENIENT BRKFST/WHLSM SNACKS,GROCERY,GROCERY,852,0.00339,0.223,0.061,4.00,627,1.36
PAPER TOWELS,STATIONERY & SCHOOL SUPPLIES,GROCERY,DRUG GM,421,0.00168,0.041,0.091,2.24,310,1.36
COFFEE,FACIAL TISS/DNR NAPKIN,GROCERY,GROCERY,988,0.00394,0.086,0.144,3.16,728,1.36
SPICES & EXTRACTS,VEGETABLES - SHELF STABLE,GROCERY,GROCERY,3131,0.01248,0.331,0.139,3.68,2298,1.36
DOG FOODS,ORAL HYGIENE PRODUCTS,GROCERY,DRUG GM,520,0.00207,0.073,0.067,2.36,383,1.36
SMOKED MEATS,VEGETABLES - SHELF STABLE,MEAT,GROCERY,1238,0.00493,0.316,0.055,3.51,911,1.36
SHORTENING/OIL,TURKEY,GROCERY,MEAT,328,0.00131,0.040,0.118,3.57,241,1.36
BAKED SWEET GOODS,COOKIES/CONES,GROCERY,GROCERY,3643,0.01452,0.195,0.213,2.86,2672,1.36
FRZN JCE CONC/DRNKS,FRZN VEGETABLE/VEG DSH,GROCERY,GROCERY,313,0.00125,0.165,0.025,3.25,230,1.36
DOG FOODS,FD WRAPS/BAGS/TRSH BG,GROCERY,GROCERY,829,0.00330,0.117,0.074,2.61,609,1.36
MISCELLANEOUS,SALD DRSNG/SNDWCH SPRD,MEAT-PCKGD,GROCERY,545,0.00217,0.248,0.033,3.71,401,1.36
CONVENIENT BRKFST/WHLSM SNACKS,MOLASSES/SYRUP/PANCAKE MIXS,GROCERY,GROCERY,1052,0.00419,0.075,0.233,4.18,775,1.36
DRY SAUCES/GRAVY,PORK,GROCERY,MEAT,1213,0.00483,0.187,0.098,3.79,895,1.36
SALD DRSNG/SNDWCH SPRD,VEGETABLES SALAD,GROCERY,PRODUCE,2434,0.00970,0.145,0.227,3.40,1794,1.36
FROZEN,ONIONS,NUTRITION,PRODUCE,326,0.00130,0.211,0.021,3.40,240,1.36
BREAKFAST SAUSAGE/SANDWICHES,DRY SAUCES/GRAVY,MEAT-PCKGD,GROCERY,1057,0.00421,0.096,0.163,3.73,777,1.36
DINNER MXS:DRY,DRY NOODLES/PASTA,GROCERY,GROCERY,3204,0.01277,0.241,0.229,4.31,2363,1.36
BEANS - CANNED GLASS & MW,BEEF,GROCERY,MEAT,4720,0.01881,0.497,0.129,3.40,3466,1.36
BERRIES,TOMATOES,PRODUCE,PRODUCE,1889,0.00753,0.207,0.124,3.41,1387,1.36
FROZEN PIE/DESSERTS,SUGARS/SWEETNERS,GROCERY,GROCERY,766,0.00305,0.119,0.074,2.91,562,1.36
REFRIGERATED,TROPICAL FRUIT,NUTRITION,PRODUCE,1797,0.00716,0.348,0.055,2.69,1321,1.36
CANNED JUICES,TEAS,GROCERY,GROCERY,923,0.00368,0.046,0.265,3.30,682,1.35
DINNER MXS:DRY,PORK,GROCERY,MEAT,2660,0.01060,0.200,0.215,4.06,1963,1.35
BEANS - CANNED GLASS & MW,HISPANIC,GROCERY,GROCERY,2047,0.00816,0.216,0.144,3.80,1521,1.35
CIGARETTES,ISOTONIC DRINKS,DRUG GM,GROCERY,321,0.00128,0.029,0.060,1.38,237,1.35
APPLES,FRZN JCE CONC/DRNKS,PRODUCE,GROCERY,334,0.00133,0.025,0.176,3.35,247,1.35
DINNER MXS:DRY,SOUP,GROCERY,GROCERY,4955,0.01974,0.373,0.210,3.97,3675,1.35
HISPANIC,PASTA SAUCE,GROCERY,GROCERY,2609,0.01040,0.183,0.223,3.92,1929,1.35
BAKED SWEET GOODS,MEAT - SHELF STABLE,GROCERY,GROCERY,3259,0.01299,0.174,0.236,3.17,2409,1.35
PEPPERS-ALL,REFRIGERATED,PRODUCE,NUTRITION,505,0.00201,0.061,0.098,2.98,374,1.35
FRZN NOVELTIES/WTR ICE,PWDR/CRYSTL DRNK MX,GROCERY,GROCERY,652,0.00260,0.063,0.123,2.97,484,1.35
MEAT - MISC,PICKLE/RELISH/PKLD VEG,MEAT-PCKGD,GROCERY,811,0.00323,0.096,0.132,3.93,601,1.35
DRY SAUCES/GRAVY,PASTA SAUCE,GROCERY,GROCERY,1251,0.00498,0.193,0.107,4.13,929,1.35
PEPPERS-ALL,POTATOES,PRODUCE,PRODUCE,1897,0.00756,0.231,0.124,3.79,1405,1.35
BEEF,PASTA SAUCE,MEAT,GROCERY,5909,0.02355,0.161,0.504,3.45,4361,1.35
BLEACH,PAPER HOUSEWARES,GROCERY,GROCERY,315,0.00126,0.089,0.041,2.90,234,1.35
BATH TISSUES,DIAPERS & DISPOSABLES,GROCERY,DRUG GM,522,0.00208,0.038,0.114,2.10,386,1.35
BERRIES,SEAFOOD-FRESH,PRODUCE,SEAFOOD,407,0.00162,0.045,0.111,3.05,301,1.35
CITRUS,MELONS,PRODUCE,PRODUCE,568,0.00226,0.056,0.131,3.26,421,1.35
PEARS,TOMATOES,PRODUCE,PRODUCE,437,0.00174,0.221,0.029,3.64,324,1.35
CONVENIENT BRKFST/WHLSM SNACKS,POPCORN,GROCERY,PRODUCE,805,0.00321,0.058,0.205,3.68,596,1.35
BACON,HOT DOGS,MEAT-PCKGD,MEAT-PCKGD,1721,0.00686,0.158,0.158,3.64,1274,1.35
CONVENIENT BRKFST/WHLSM SNACKS,DIAPERS & DISPOSABLES,GROCERY,DRUG GM,598,0.00238,0.043,0.131,2.35,444,1.35
COFFEE,SHAVING CARE PRODUCTS,GROCERY,DRUG GM,396,0.00158,0.035,0.121,2.64,293,1.35
MILK BY-PRODUCTS,OLIVES,GROCERY,GROCERY,773,0.00308,0.039,0.293,3.73,573,1.35
PNT BTR/JELLY/JAMS,TEAS,GROCERY,GROCERY,531,0.00212,0.051,0.152,3.69,394,1.35
MOLASSES/SYRUP/PANCAKE MIXS,PASTA SAUCE,GROCERY,GROCERY,924,0.00368,0.205,0.079,4.39,682,1.35
OLIVES,SPICES & EXTRACTS,GROCERY,GROCERY,384,0.00153,0.145,0.041,3.86,285,1.35
CAT FOOD,FD WRAPS/BAGS/TRSH BG,GROCERY,GROCERY,726,0.00289,0.111,0.065,2.47,536,1.35
CONDIMENTS/SAUCES,HOT DOGS,GROCERY,MEAT-PCKGD,2668,0.01063,0.149,0.244,3.43,1995,1.34
BEANS - CANNED GLASS & MW,DINNER MXS:DRY,GROCERY,GROCERY,2150,0.00857,0.226,0.162,4.27,1608,1.34
GRAPES,YOGURT,PRODUCE,GROCERY,2437,0.00971,0.241,0.139,3.44,1816,1.34
ANALGESICS,BATH TISSUES,DRUG GM,GROCERY,471,0.00188,0.111,0.035,2.05,351,1.34
BERRIES,VEGETABLES - ALL OTHERS,PRODUCE,PRODUCE,2024,0.00807,0.222,0.124,3.41,1510,1.34
CANDY - CHECKLANE,DIAPERS & DISPOSABLES,DRUG GM,DRUG GM,598,0.00238,0.026,0.131,1.41,446,1.34
BAKING NEEDS,FD WRAPS/BAGS/TRSH BG,GROCERY,GROCERY,1420,0.00566,0.137,0.126,3.05,1058,1.34
BREAD,DELI MEATS,PASTRY,DELI,1460,0.00582,0.184,0.085,2.69,1094,1.34
PAPER HOUSEWARES,WATER - CARBONATED/FLVRD DRINK,GROCERY,GROCERY,1346,0.00536,0.175,0.075,2.45,1005,1.34
BUTTER,EGGS,GROCERY,GROCERY,1856,0.00740,0.375,0.067,3.38,1386,1.34
COCOA MIXES,SHORTENING/OIL,GROCERY,GROCERY,478,0.00190,0.125,0.058,3.80,356,1.34
PAPER TOWELS,WATER - CARBONATED/FLVRD DRINK,GROCERY,GROCERY,1864,0.00743,0.183,0.104,2.56,1390,1.34
CONDIMENTS/SAUCES,OLIVES,GROCERY,GROCERY,724,0.00288,0.041,0.274,3.85,539,1.34
PASTA SAUCE,PWDR/CRYSTL DRNK MX,GROCERY,GROCERY,1008,0.00402,0.086,0.189,4.06,751,1.34
FD WRAPS/BAGS/TRSH BG,HAND/BODY/FACIAL PRODUCTS,GROCERY,DRUG GM,371,0.00148,0.033,0.130,2.92,276,1.34
DRY SAUCES/GRAVY,FRZN POTATOES,GROCERY,GROCERY,758,0.00302,0.117,0.093,3.62,564,1.34
CARROTS,CORN,PRODUCE,PRODUCE,324,0.00129,0.039,0.118,3.53,241,1.34
MELONS,PEPPERS-ALL,PRODUCE,PRODUCE,499,0.00199,0.115,0.061,3.53,373,1.34
CHEESES,SQUASH,DELI,PRODUCE,346,0.00138,0.031,0.171,3.78,259,1.34
BEEF,CHICKEN,MEAT,MEAT,6711,0.02674,0.183,0.446,3.05,5023,1.34
BREAKFAST SWEETS,VALUE ADDED FRUIT,PASTRY,PRODUCE,387,0.00154,0.047,0.066,2.04,289,1.34
PASTA SAUCE,VEGETABLES - SHELF STABLE,GROCERY,GROCERY,4289,0.01709,0.366,0.190,4.07,3203,1.34
CHEESES,VALUE ADDED VEGETABLES,DELI,PRODUCE,332,0.00132,0.029,0.158,3.51,248,1.34
HERBS,MISC. DAIRY,PRODUCE,GROCERY,353,0.00141,0.108,0.048,3.70,264,1.34
COCOA MIXES,FRZN BREAKFAST FOODS,GROCERY,GROCERY,431,0.00172,0.113,0.059,3.88,321,1.34
CHARCOAL AND LIGHTER FLUID,SALD DRSNG/SNDWCH SPRD,DRUG GM,GROCERY,303,0.00121,0.154,0.018,2.30,227,1.34
PEPPERS-ALL,SEAFOOD-FRESH,PRODUCE,SEAFOOD,386,0.00154,0.047,0.105,3.21,287,1.34
DRY MIX DESSERTS,MEAT - SHELF STABLE,GROCERY,GROCERY,1122,0.00447,0.206,0.081,3.75,838,1.34
GRAPES,SQUASH,PRODUCE,PRODUCE,320,0.00128,0.032,0.158,3.92,239,1.34
CARROTS,OLIVES,PRODUCE,GROCERY,376,0.00150,0.045,0.142,4.25,281,1.34
BERRIES,CHEESES,PRODUCE,DELI,1383,0.00551,0.152,0.122,3.36,1031,1.34
DRIED FRUIT,VEGETABLES - ALL OTHERS,NUTRITION,PRODUCE,731,0.00291,0.243,0.045,3.72,545,1.34
DRY SAUCES/GRAVY,MOLASSES/SYRUP/PANCAKE MIXS,GROCERY,GROCERY,480,0.00191,0.074,0.106,4.12,358,1.34
GRAPES,VALUE ADDED VEGETABLES,PRODUCE,PRODUCE,307,0.00122,0.030,0.146,3.63,229,1.34
FRZN BREAKFAST FOODS,HEAT/SERVE,GROCERY,MEAT-PCKGD,538,0.00214,0.074,0.102,3.50,400,1.34
FROZEN MEAT,LUNCHMEAT,MEAT-PCKGD,MEAT-PCKGD,2528,0.01007,0.308,0.107,3.26,1892,1.34
FRUIT - SHELF STABLE,MEAT - SHELF STABLE,GROCERY,GROCERY,3022,0.01204,0.227,0.219,4.13,2260,1.34
CHICKEN,PEPPERS-ALL,MEAT,PRODUCE,1760,0.00701,0.117,0.214,3.57,1310,1.34
COCOA MIXES,DINNER MXS:DRY,GROCERY,GROCERY,854,0.00340,0.224,0.064,4.22,637,1.34
MARGARINES,PWDR/CRYSTL DRNK MX,GROCERY,GROCERY,1036,0.00413,0.076,0.195,3.61,770,1.34
BAKED SWEET GOODS,ISOTONIC DRINKS,GROCERY,GROCERY,1028,0.00410,0.055,0.192,2.58,765,1.34
CARROTS,REFRIGERATED,PRODUCE,NUTRITION,528,0.00210,0.063,0.102,3.05,393,1.34
DRY BN/VEG/POTATO/RICE,FRZN VEGETABLE/VEG DSH,GROCERY,GROCERY,2496,0.00995,0.188,0.196,3.71,1875,1.33
COLD CEREAL,PNT BTR/JELLY/JAMS,GROCERY,GROCERY,3620,0.01442,0.144,0.349,3.49,2713,1.33
CONVENIENT BRKFST/WHLSM SNACKS,FROZEN MEAT,GROCERY,MEAT-PCKGD,1785,0.00711,0.128,0.217,3.90,1342,1.33
BAKED SWEET GOODS,FROZEN PIZZA,GROCERY,GROCERY,4557,0.01816,0.244,0.197,2.65,3418,1.33
BABY FOODS,FROZEN MEAT,DRUG GM,MEAT-PCKGD,360,0.00143,0.085,0.044,2.60,271,1.33
CONVENIENT BRKFST/WHLSM SNACKS,YOGURT,GROCERY,GROCERY,3494,0.01392,0.250,0.199,3.56,2636,1.33
BREAD,ONIONS,PASTRY,PRODUCE,1399,0.00557,0.176,0.090,2.84,1053,1.33
SALD DRSNG/SNDWCH SPRD,SEAFOOD - SHELF STABLE,GROCERY,GROCERY,2030,0.00809,0.121,0.257,3.86,1526,1.33
BAKING NEEDS,PNT BTR/JELLY/JAMS,GROCERY,GROCERY,1388,0.00553,0.134,0.134,3.23,1047,1.33
BREAKFAST SAUSAGE/SANDWICHES,MISCELLANEOUS,MEAT-PCKGD,MEAT-PCKGD,351,0.00140,0.032,0.159,3.65,263,1.33
DRY SAUCES/GRAVY,PWDR/CRYSTL DRNK MX,GROCERY,GROCERY,524,0.00209,0.081,0.098,3.81,395,1.33
FRZN BREAKFAST FOODS,REFRGRATD DOUGH PRODUCTS,GROCERY,GROCERY,1470,0.00586,0.201,0.104,3.58,1101,1.33
BEERS/ALES,SEAFOOD-FRESH,GROCERY,SEAFOOD,412,0.00164,0.027,0.112,1.82,310,1.33
BAKED SWEET GOODS,COCOA MIXES,GROCERY,GROCERY,890,0.00355,0.048,0.233,3.13,667,1.33
CRACKERS/MISC BKD FD,SOUP,GROCERY,GROCERY,7376,0.02939,0.325,0.313,3.46,5558,1.33
ONIONS,VALUE ADDED VEGETABLES,PRODUCE,PRODUCE,466,0.00186,0.030,0.222,3.59,349,1.33
DIAPERS & DISPOSABLES,FRZN BREAKFAST FOODS,DRUG GM,GROCERY,306,0.00122,0.067,0.042,2.30,229,1.33
FROZEN MEAT,ISOTONIC DRINKS,MEAT-PCKGD,GROCERY,540,0.00215,0.066,0.101,3.09,405,1.33
PORK,SHORTENING/OIL,MEAT,GROCERY,1470,0.00586,0.119,0.178,3.61,1104,1.33
CARROTS,SALAD MIX,PRODUCE,PRODUCE,1948,0.00776,0.232,0.126,3.75,1462,1.33
HISPANIC,ONIONS,GROCERY,PRODUCE,3062,0.01220,0.215,0.197,3.47,2303,1.33
FRZN MEAT/MEAT DINNERS,HEAT/SERVE,GROCERY,MEAT-PCKGD,1358,0.00541,0.060,0.257,2.84,1023,1.33
MISC. DAIRY,MOLASSES/SYRUP/PANCAKE MIXS,GROCERY,GROCERY,539,0.00215,0.073,0.119,4.09,406,1.33
CAT FOOD,SOAP - LIQUID & BAR,GROCERY,DRUG GM,364,0.00145,0.056,0.062,2.38,274,1.33
CAT FOOD,HOUSEHOLD CLEANG NEEDS,GROCERY,GROCERY,460,0.00183,0.070,0.062,2.38,346,1.33
BREAD,TOMATOES,PASTRY,PRODUCE,1353,0.00539,0.170,0.089,2.80,1014,1.33
BAKING NEEDS,CANDY - PACKAGED,GROCERY,DRUG GM,1916,0.00763,0.184,0.089,2.15,1442,1.33
APPLES,REFRIGERATED,PRODUCE,NUTRITION,782,0.00312,0.059,0.151,2.88,588,1.33
SOUP,VEGETABLES - SHELF STABLE,GROCERY,GROCERY,7724,0.03078,0.328,0.342,3.64,5802,1.33
DRY NOODLES/PASTA,SEAFOOD - SHELF STABLE,GROCERY,GROCERY,1848,0.00736,0.132,0.234,4.20,1389,1.33
BAKING MIXES,REFRGRATD DOUGH PRODUCTS,GROCERY,GROCERY,2087,0.00832,0.185,0.148,3.29,1568,1.33
BABY HBC,FRZN BREAKFAST FOODS,DRUG GM,GROCERY,327,0.00130,0.082,0.045,2.83,247,1.33
SEAFOOD - FROZEN,SHORTENING/OIL,SEAFOOD-PCKGD,GROCERY,857,0.00341,0.114,0.104,3.46,645,1.33
BREAD,CARROTS,PASTRY,PRODUCE,804,0.00320,0.101,0.096,3.02,605,1.33
DRY NOODLES/PASTA,HERBS,GROCERY,PRODUCE,678,0.00270,0.048,0.208,3.72,511,1.33
BEANS - CANNED GLASS & MW,SEAFOOD - SHELF STABLE,GROCERY,GROCERY,1262,0.00503,0.133,0.160,4.23,945,1.33
DINNER SAUSAGE,FRZN POTATOES,MEAT-PCKGD,GROCERY,1057,0.00421,0.107,0.130,3.32,794,1.33
STONE FRUIT,TOMATOES,PRODUCE,PRODUCE,1038,0.00414,0.189,0.068,3.11,789,1.32
CORN,PORK,PRODUCE,MEAT,439,0.00175,0.160,0.035,3.25,333,1.32
TROPICAL FRUIT,YOGURT,PRODUCE,GROCERY,7032,0.02802,0.217,0.400,3.09,5323,1.32
BEANS - CANNED GLASS & MW,PASTA SAUCE,GROCERY,GROCERY,1836,0.00732,0.193,0.157,4.14,1390,1.32
ORGANICS FRUIT & VEGETABLES,YOGURT,PRODUCE,GROCERY,1274,0.00508,0.241,0.072,3.44,965,1.32
CITRUS,DOMESTIC WINE,PRODUCE,GROCERY,376,0.00150,0.037,0.083,2.06,285,1.32
DRIED FRUIT,PNT BTR/JELLY/JAMS,NUTRITION,GROCERY,478,0.00190,0.159,0.046,3.84,363,1.32
HOT DOGS,MISCELLANEOUS,MEAT-PCKGD,MEAT-PCKGD,343,0.00137,0.031,0.156,3.58,260,1.32
BUTTER,VEGETABLES - ALL OTHERS,GROCERY,PRODUCE,1132,0.00451,0.229,0.069,3.51,860,1.32
SMOKED MEATS,SPICES & EXTRACTS,MEAT,GROCERY,476,0.00190,0.121,0.050,3.22,361,1.32
FRZN MEAT/MEAT DINNERS,FRZN NOVELTIES/WTR ICE,GROCERY,GROCERY,2318,0.00924,0.102,0.224,2.47,1755,1.32
BABY FOODS,FRUIT - SHELF STABLE,DRUG GM,GROCERY,599,0.00239,0.142,0.045,2.67,455,1.32
SEAFOOD - SHELF STABLE,VEGETABLES - SHELF STABLE,GROCERY,GROCERY,2870,0.01144,0.364,0.127,4.04,2178,1.32
BAKED SWEET GOODS,FRZN NOVELTIES/WTR ICE,GROCERY,GROCERY,1938,0.00772,0.104,0.187,2.52,1464,1.32
COCOA MIXES,FROZEN BREAD/DOUGH,GROCERY,GROCERY,418,0.00167,0.109,0.058,3.82,315,1.32
DRY BN/VEG/POTATO/RICE,FLOUR & MEALS,GROCERY,GROCERY,593,0.00236,0.045,0.189,3.58,450,1.32
CHEESES,PEARS,DELI,PRODUCE,320,0.00128,0.028,0.162,3.59,242,1.32
DRY BN/VEG/POTATO/RICE,SPICES & EXTRACTS,GROCERY,GROCERY,1844,0.00735,0.139,0.195,3.69,1392,1.32
CITRUS,PROCESSED,PRODUCE,PRODUCE,641,0.00255,0.063,0.137,3.39,486,1.32
PWDR/CRYSTL DRNK MX,WAREHOUSE SNACKS,GROCERY,GROCERY,414,0.00165,0.078,0.063,2.99,314,1.32
BABY HBC,CANNED JUICES,DRUG GM,GROCERY,813,0.00324,0.204,0.040,2.54,617,1.32
DOG FOODS,MAGAZINE,GROCERY,DRUG GM,377,0.00150,0.053,0.052,1.84,286,1.32
DRY BN/VEG/POTATO/RICE,SOUP,GROCERY,GROCERY,4663,0.01858,0.352,0.198,3.74,3522,1.32
HEAT/SERVE,SALAD MIX,MEAT-PCKGD,PRODUCE,1074,0.00428,0.204,0.069,3.29,813,1.32
FROZEN PIE/DESSERTS,FRZN BREAKFAST FOODS,GROCERY,GROCERY,568,0.00226,0.088,0.078,3.04,431,1.32
FRUIT - SHELF STABLE,FRZN BREAKFAST FOODS,GROCERY,GROCERY,1551,0.00618,0.117,0.212,4.01,1173,1.32
CONDIMENTS/SAUCES,SUGARS/SWEETNERS,GROCERY,GROCERY,2372,0.00945,0.133,0.231,3.24,1799,1.32
DRY BN/VEG/POTATO/RICE,SEAFOOD - FROZEN,GROCERY,SEAFOOD-PCKGD,1445,0.00576,0.109,0.192,3.64,1098,1.32
ONIONS,TURKEY,PRODUCE,MEAT,588,0.00234,0.038,0.211,3.40,444,1.32
TROPICAL FRUIT,WATER,PRODUCE,NUTRITION,382,0.00152,0.012,0.269,2.08,290,1.32
CIGARETTES,HAIR CARE PRODUCTS,DRUG GM,DRUG GM,464,0.00185,0.042,0.058,1.34,352,1.32
MOLASSES/SYRUP/PANCAKE MIXS,REFRGRATD DOUGH PRODUCTS,GROCERY,GROCERY,943,0.00376,0.209,0.067,3.72,722,1.31
BROCCOLI/CAULIFLOWER,CHICKEN,PRODUCE,MEAT,964,0.00384,0.216,0.064,3.60,739,1.31
DRY SAUCES/GRAVY,FRZN VEGETABLE/VEG DSH,GROCERY,GROCERY,1167,0.00465,0.180,0.092,3.54,893,1.31
BUTTER,POTATOES,GROCERY,PRODUCE,1086,0.00433,0.219,0.071,3.60,830,1.31
FRUIT - SHELF STABLE,TURKEY,GROCERY,MEAT,553,0.00220,0.042,0.198,3.74,422,1.31
CANDY - PACKAGED,COOKIES,DRUG GM,PASTRY,573,0.00228,0.027,0.155,1.81,436,1.31
COCOA MIXES,PNT BTR/JELLY/JAMS,GROCERY,GROCERY,595,0.00237,0.156,0.057,3.77,453,1.31
PASTA SAUCE,SEAFOOD - SHELF STABLE,GROCERY,GROCERY,1577,0.00628,0.135,0.200,4.28,1205,1.31
POTATOES,SHORTENING/OIL,PRODUCE,GROCERY,1788,0.00712,0.117,0.216,3.55,1368,1.31
SALADS/DIPS,VALUE ADDED FRUIT,DELI,PRODUCE,360,0.00143,0.060,0.062,2.57,275,1.31
COCOA MIXES,COOKIES/CONES,GROCERY,GROCERY,870,0.00347,0.228,0.051,3.34,664,1.31
PAPER HOUSEWARES,PICKLE/RELISH/PKLD VEG,GROCERY,GROCERY,646,0.00257,0.084,0.105,3.43,493,1.31
BEEF,FROZEN BREAD/DOUGH,MEAT,GROCERY,3293,0.01312,0.090,0.458,3.13,2518,1.31
CHIPS&SNACKS,YOGURT,NUTRITION,GROCERY,366,0.00146,0.216,0.021,3.09,279,1.31
FROZEN PIZZA,WAREHOUSE SNACKS,GROCERY,GROCERY,1534,0.00611,0.066,0.235,2.54,1175,1.31
FRZN POTATOES,PASTA SAUCE,GROCERY,GROCERY,1400,0.00558,0.173,0.119,3.70,1069,1.31
BUTTER,SHORTENING/OIL,GROCERY,GROCERY,587,0.00234,0.119,0.071,3.60,448,1.31
FRZN VEGETABLE/VEG DSH,SQUASH,GROCERY,PRODUCE,388,0.00155,0.030,0.191,3.77,296,1.31
BABY FOODS,CANNED JUICES,DRUG GM,GROCERY,790,0.00315,0.187,0.039,2.32,601,1.31
CARROTS,MELONS,PRODUCE,PRODUCE,514,0.00205,0.061,0.119,3.55,393,1.31
CIGARETTES,SOFT DRINKS,DRUG GM,GROCERY,4065,0.01620,0.372,0.057,1.31,3106,1.31
DRY SAUCES/GRAVY,SOUP,GROCERY,GROCERY,2192,0.00873,0.338,0.093,3.60,1675,1.31
BABY HBC,CONVENIENT BRKFST/WHLSM SNACKS,DRUG GM,GROCERY,626,0.00249,0.157,0.045,2.82,478,1.31
COOKIES/CONES,PWDR/CRYSTL DRNK MX,GROCERY,GROCERY,1192,0.00475,0.070,0.224,3.29,908,1.31
COLD CEREAL,MOLASSES/SYRUP/PANCAKE MIXS,GROCERY,GROCERY,1649,0.00657,0.066,0.366,3.65,1259,1.31
FRZN BREAKFAST FOODS,POPCORN,GROCERY,PRODUCE,402,0.00160,0.055,0.102,3.52,306,1.31
BAKING MIXES,DINNER MXS:DRY,GROCERY,GROCERY,2196,0.00875,0.195,0.165,3.67,1680,1.31
GRAPES,PROCESSED,PRODUCE,PRODUCE,668,0.00266,0.066,0.142,3.53,508,1.31
FRZN JCE CONC/DRNKS,YOGURT,GROCERY,GROCERY,411,0.00164,0.217,0.023,3.09,314,1.31
BABY FOODS,CONVENIENT BRKFST/WHLSM SNACKS,DRUG GM,GROCERY,607,0.00242,0.143,0.043,2.57,462,1.31
CITRUS,YOGURT,PRODUCE,GROCERY,2277,0.00907,0.225,0.129,3.21,1739,1.31
PNT BTR/JELLY/JAMS,SEAFOOD - SHELF STABLE,GROCERY,GROCERY,1297,0.00517,0.125,0.164,3.98,988,1.31
BREAKFAST SAUSAGE/SANDWICHES,FRZN BREAKFAST FOODS,MEAT-PCKGD,GROCERY,1131,0.00451,0.103,0.155,3.54,866,1.31
BEANS - CANNED GLASS & MW,FRUIT - SHELF STABLE,GROCERY,GROCERY,2078,0.00828,0.219,0.156,4.13,1583,1.31
MISC. DAIRY,PASTA SAUCE,GROCERY,GROCERY,1382,0.00551,0.188,0.118,4.03,1055,1.31
MISC. DAIRY,MUSHROOMS,GROCERY,PRODUCE,526,0.00210,0.072,0.111,3.80,402,1.31
CITRUS,VEGETABLES SALAD,PRODUCE,PRODUCE,1371,0.00546,0.136,0.128,3.18,1047,1.31
BACON,FLOUR & MEALS,MEAT-PCKGD,GROCERY,465,0.00185,0.043,0.148,3.43,354,1.31
MARGARINES,POTATOES,GROCERY,PRODUCE,2862,0.01140,0.211,0.187,3.47,2183,1.31
MUSHROOMS,POTATOES,PRODUCE,PRODUCE,1061,0.00423,0.224,0.069,3.68,809,1.31
CANDY - PACKAGED,PET CARE SUPPLIES,DRUG GM,GROCERY,418,0.00167,0.019,0.167,1.94,322,1.30
BAKING NEEDS,FRUIT - SHELF STABLE,GROCERY,GROCERY,1866,0.00744,0.180,0.140,3.39,1435,1.30
COFFEE,LAUNDRY DETERGENTS,GROCERY,GROCERY,1074,0.00428,0.094,0.127,2.78,826,1.30
CHEESES,MISCELLANEOUS,DELI,MEAT-PCKGD,344,0.00137,0.030,0.156,3.46,265,1.30
GRAPES,VEGETABLES - ALL OTHERS,PRODUCE,PRODUCE,2229,0.00888,0.221,0.136,3.39,1710,1.30
COCOA MIXES,FRUIT - SHELF STABLE,GROCERY,GROCERY,812,0.00324,0.213,0.061,4.01,626,1.30
BACON,FRZN POTATOES,MEAT-PCKGD,GROCERY,1208,0.00481,0.111,0.149,3.44,932,1.30
COFFEE,LAUNDRY ADDITIVES,GROCERY,GROCERY,593,0.00236,0.052,0.133,2.92,456,1.30
BREAKFAST SAUSAGE/SANDWICHES,MARGARINES,MEAT-PCKGD,GROCERY,1988,0.00792,0.181,0.147,3.36,1535,1.30
CHEESE,MILK BY-PRODUCTS,GROCERY,GROCERY,10920,0.04351,0.233,0.554,2.97,8395,1.30
OLIVES,SEAFOOD - SHELF STABLE,GROCERY,GROCERY,354,0.00141,0.134,0.045,4.27,272,1.30
FLOUR & MEALS,MEAT - MISC,GROCERY,MEAT-PCKGD,351,0.00140,0.112,0.042,3.34,270,1.30
CARROTS,YOGURT,PRODUCE,GROCERY,2127,0.00848,0.253,0.121,3.61,1632,1.30
FROZEN BREAD/DOUGH,MEAT - SHELF STABLE,GROCERY,GROCERY,1484,0.00591,0.206,0.108,3.75,1137,1.30
ORGANICS FRUIT & VEGETABLES,TROPICAL FRUIT,PRODUCE,PRODUCE,2162,0.00861,0.409,0.067,3.16,1663,1.30
CEREAL/BREAKFAST,TOMATOES,NUTRITION,PRODUCE,309,0.00123,0.211,0.020,3.48,237,1.30
DRY NOODLES/PASTA,SPICES & EXTRACTS,GROCERY,GROCERY,1899,0.00757,0.135,0.201,3.59,1459,1.30
FACIAL TISS/DNR NAPKIN,SNACK NUTS,GROCERY,GROCERY,393,0.00157,0.057,0.084,3.08,303,1.30
CANNED JUICES,FRUIT - SHELF STABLE,GROCERY,GROCERY,3675,0.01464,0.182,0.276,3.44,2836,1.30
BERRIES,PEPPERS-ALL,PRODUCE,PRODUCE,1045,0.00416,0.115,0.127,3.50,804,1.30
CHICKEN,SHORTENING/OIL,MEAT,GROCERY,1655,0.00659,0.110,0.200,3.34,1276,1.30
DRIED FRUIT,FACIAL TISS/DNR NAPKIN,NUTRITION,GROCERY,302,0.00120,0.100,0.044,3.67,232,1.30
PWDR/CRYSTL DRNK MX,SEAFOOD - SHELF STABLE,GROCERY,GROCERY,664,0.00265,0.125,0.084,3.97,510,1.30
BERRIES,OLIVES,PRODUCE,GROCERY,354,0.00141,0.039,0.134,3.69,272,1.30
COOKIES/CONES,FRZN BREAKFAST FOODS,GROCERY,GROCERY,1622,0.00646,0.095,0.222,3.26,1250,1.30
BAG SNACKS,HISPANIC,GROCERY,GROCERY,6349,0.02530,0.151,0.445,2.66,4889,1.30
BREAKFAST SWEETS,SALADS/DIPS,PASTRY,DELI,364,0.00145,0.045,0.060,1.86,279,1.30
DINNER MXS:DRY,MOLASSES/SYRUP/PANCAKE MIXS,GROCERY,GROCERY,1028,0.00410,0.077,0.228,4.30,790,1.30
POTATOES,SPICES & EXTRACTS,PRODUCE,GROCERY,1967,0.00784,0.129,0.208,3.41,1517,1.30
PROCESSED,VEGETABLES SALAD,PRODUCE,PRODUCE,673,0.00268,0.143,0.063,3.36,516,1.30
FRZN NOVELTIES/WTR ICE,MELONS,GROCERY,PRODUCE,482,0.00192,0.047,0.112,2.71,371,1.30
BEEF,FRZN POTATOES,MEAT,GROCERY,3536,0.01409,0.096,0.436,2.98,2728,1.30
BEEF,DRY NOODLES/PASTA,MEAT,GROCERY,6616,0.02636,0.180,0.472,3.23,5090,1.30
COFFEE,SQUASH,GROCERY,PRODUCE,310,0.00124,0.027,0.153,3.34,238,1.30
BAKING MIXES,EGGS,GROCERY,GROCERY,3819,0.01522,0.339,0.137,3.05,2941,1.30
CONVENIENT BRKFST/WHLSM SNACKS,MEAT - SHELF STABLE,GROCERY,GROCERY,2940,0.01172,0.210,0.213,3.82,2260,1.30
COLD CEREAL,RICE CAKES,GROCERY,NUTRITION,407,0.00162,0.016,0.326,3.26,313,1.30
COLD CEREAL,PWDR/CRYSTL DRNK MX,GROCERY,GROCERY,1821,0.00726,0.072,0.342,3.42,1398,1.30
CHICKEN,ORGANICS FRUIT & VEGETABLES,MEAT,PRODUCE,1061,0.00423,0.071,0.201,3.35,818,1.30
REFRIGERATED,TOMATOES,NUTRITION,PRODUCE,847,0.00338,0.164,0.056,2.70,653,1.30
BAKING NEEDS,PAPER HOUSEWARES,GROCERY,GROCERY,914,0.00364,0.088,0.119,2.87,702,1.30
FRUIT - SHELF STABLE,SEAFOOD - SHELF STABLE,GROCERY,GROCERY,1766,0.00704,0.133,0.224,4.23,1371,1.29
DRY NOODLES/PASTA,HISPANIC,GROCERY,GROCERY,2874,0.01145,0.205,0.202,3.61,2235,1.29
DRY NOODLES/PASTA,MEAT - SHELF STABLE,GROCERY,GROCERY,2964,0.01181,0.211,0.215,3.85,2295,1.29
MISC. DAIRY,YOGURT,GROCERY,GROCERY,1781,0.00710,0.243,0.101,3.46,1383,1.29
BUTTER,CHEESES,GROCERY,DELI,758,0.00302,0.153,0.067,3.40,587,1.29
FRZN NOVELTIES/WTR ICE,STONE FRUIT,GROCERY,PRODUCE,590,0.00235,0.057,0.108,2.61,458,1.29
CAT FOOD,ORAL HYGIENE PRODUCTS,GROCERY,DRUG GM,439,0.00175,0.067,0.056,2.16,341,1.29
STONE FRUIT,VEGETABLES SALAD,PRODUCE,PRODUCE,706,0.00281,0.129,0.066,3.02,549,1.29
BAG SNACKS,POPCORN,GROCERY,PRODUCE,1721,0.00686,0.041,0.438,2.62,1330,1.29
BEANS - CANNED GLASS & MW,MISCELLANEOUS,GROCERY,MEAT-PCKGD,319,0.00127,0.034,0.145,3.83,247,1.29
MILK BY-PRODUCTS,MISC. DAIRY,GROCERY,GROCERY,1953,0.00778,0.099,0.266,3.39,1518,1.29
COOKIES/CONES,ICE CREAM/MILK/SHERBTS,GROCERY,GROCERY,3102,0.01236,0.181,0.155,2.27,2411,1.29
COCOA MIXES,DRY SAUCES/GRAVY,GROCERY,GROCERY,373,0.00149,0.098,0.057,3.78,289,1.29
CANNED MILK,EGGS,GROCERY,GROCERY,569,0.00227,0.314,0.020,2.83,440,1.29
COCOA MIXES,COLD CEREAL,GROCERY,GROCERY,1321,0.00526,0.346,0.053,3.45,1023,1.29
FRZN JCE CONC/DRNKS,VEGETABLES - ALL OTHERS,GROCERY,PRODUCE,381,0.00152,0.201,0.023,3.09,295,1.29
PICKLE/RELISH/PKLD VEG,PWDR/CRYSTL DRNK MX,GROCERY,GROCERY,498,0.00198,0.081,0.094,3.81,386,1.29
DRIED FRUIT,MISC. DAIRY,NUTRITION,GROCERY,340,0.00135,0.113,0.046,3.86,264,1.29
FRZN BREAKFAST FOODS,WAREHOUSE SNACKS,GROCERY,GROCERY,557,0.00222,0.076,0.085,2.93,433,1.29
DRY MIX DESSERTS,FRZN BREAKFAST FOODS,GROCERY,GROCERY,561,0.00224,0.103,0.077,3.54,436,1.29
PNT BTR/JELLY/JAMS,PWDR/CRYSTL DRNK MX,GROCERY,GROCERY,800,0.00319,0.077,0.150,3.64,618,1.29
DINNER MXS:DRY,FRZN BREAKFAST FOODS,GROCERY,GROCERY,1532,0.00610,0.115,0.210,3.96,1191,1.29
FRUIT - SHELF STABLE,SOUP,GROCERY,GROCERY,4664,0.01858,0.351,0.198,3.73,3624,1.29
BAKED BREAD/BUNS/ROLLS,DELI MEATS,GROCERY,DELI,10856,0.04326,0.180,0.634,2.64,8430,1.29
CANNED JUICES,HOT CEREAL,GROCERY,GROCERY,1448,0.00577,0.072,0.258,3.22,1124,1.29
BATTERIES,CANDY - PACKAGED,DRUG GM,DRUG GM,339,0.00135,0.151,0.016,1.76,262,1.29
FROZEN BREAD/DOUGH,FRZN NOVELTIES/WTR ICE,GROCERY,GROCERY,840,0.00335,0.117,0.081,2.83,652,1.29
BABY HBC,PAPER HOUSEWARES,DRUG GM,GROCERY,304,0.00121,0.076,0.040,2.50,236,1.29
FRUIT - SHELF STABLE,FRZN JCE CONC/DRNKS,GROCERY,GROCERY,346,0.00138,0.026,0.182,3.44,269,1.29
BERRIES,CARROTS,PRODUCE,PRODUCE,1100,0.00438,0.121,0.131,3.61,850,1.29
CONDIMENTS/SAUCES,DINNER MXS:DRY,GROCERY,GROCERY,3547,0.01413,0.199,0.267,3.75,2746,1.29
CHEESES,SEAFOOD-FRESH,DELI,SEAFOOD,480,0.00191,0.042,0.131,2.90,372,1.29
APPLES,HERBS,PRODUCE,PRODUCE,596,0.00237,0.045,0.183,3.47,461,1.29
SALD DRSNG/SNDWCH SPRD,TOMATOES,GROCERY,PRODUCE,3325,0.01325,0.198,0.218,3.26,2576,1.29
BERRIES,VEGETABLES SALAD,PRODUCE,PRODUCE,1241,0.00495,0.136,0.116,3.19,965,1.29
SEAFOOD - SHELF STABLE,TEAS,GROCERY,GROCERY,421,0.00168,0.053,0.121,3.84,325,1.29
HISPANIC,ORGANICS FRUIT & VEGETABLES,GROCERY,PRODUCE,1036,0.00413,0.073,0.196,3.45,801,1.29
CANDY - PACKAGED,COOKIES/CONES,DRUG GM,GROCERY,3100,0.01235,0.144,0.181,2.12,2400,1.29
CARROTS,TOMATOES,PRODUCE,PRODUCE,1810,0.00721,0.215,0.119,3.54,1405,1.29
BEEF,DINNER MXS:DRY,MEAT,GROCERY,6469,0.02578,0.176,0.486,3.33,5018,1.29
BACON,MARGARINES,MEAT-PCKGD,GROCERY,2016,0.00803,0.186,0.149,3.44,1578,1.28
CORN,DINNER SAUSAGE,PRODUCE,MEAT-PCKGD,328,0.00131,0.120,0.033,3.05,256,1.28
BABY FOODS,FRZN BREAKFAST FOODS,DRUG GM,GROCERY,304,0.00121,0.072,0.042,2.47,238,1.28
CONVENIENT BRKFST/WHLSM SNACKS,FRUIT - SHELF STABLE,GROCERY,GROCERY,2922,0.01164,0.209,0.220,3.94,2290,1.28
FROZEN PIZZA,PWDR/CRYSTL DRNK MX,GROCERY,GROCERY,1474,0.00587,0.064,0.277,3.00,1153,1.28
BEERS/ALES,DOG FOODS,GROCERY,GROCERY,705,0.00281,0.045,0.099,1.61,552,1.28
CONDIMENTS/SAUCES,PORK,GROCERY,MEAT,2951,0.01176,0.165,0.239,3.35,2312,1.28
BUTTER,REFRGRATD DOUGH PRODUCTS,GROCERY,GROCERY,947,0.00377,0.191,0.067,3.40,741,1.28
FRZN VEGETABLE/VEG DSH,SEAFOOD-FRESH,GROCERY,SEAFOOD,538,0.00214,0.042,0.146,2.89,421,1.28
DRY MIX DESSERTS,PNT BTR/JELLY/JAMS,GROCERY,GROCERY,787,0.00314,0.144,0.076,3.50,614,1.28
PICKLE/RELISH/PKLD VEG,SPICES & EXTRACTS,GROCERY,GROCERY,834,0.00332,0.135,0.088,3.59,650,1.28
FROZEN MEAT,MOLASSES/SYRUP/PANCAKE MIXS,MEAT-PCKGD,GROCERY,581,0.00232,0.071,0.129,3.94,454,1.28
BACON,SHORTENING/OIL,MEAT-PCKGD,GROCERY,1271,0.00506,0.117,0.154,3.55,990,1.28
FRZN VEGETABLE/VEG DSH,HEAT/SERVE,GROCERY,MEAT-PCKGD,852,0.00339,0.067,0.161,3.18,665,1.28
DOMESTIC WINE,SALAD MIX,GROCERY,PRODUCE,573,0.00228,0.127,0.037,2.05,447,1.28
COOKIES/CONES,FRZN NOVELTIES/WTR ICE,GROCERY,GROCERY,1819,0.00725,0.106,0.176,2.58,1421,1.28
DRY SAUCES/GRAVY,ONIONS,GROCERY,PRODUCE,1405,0.00560,0.217,0.090,3.49,1098,1.28
APPLES,MELONS,PRODUCE,PRODUCE,748,0.00298,0.057,0.173,3.29,584,1.28
BEEF,VEGETABLES - SHELF STABLE,MEAT,GROCERY,10308,0.04107,0.281,0.456,3.12,8054,1.28
BERRIES,SALAD MIX,PRODUCE,PRODUCE,1835,0.00731,0.201,0.118,3.26,1437,1.28
BEANS - CANNED GLASS & MW,OLIVES,GROCERY,GROCERY,401,0.00160,0.042,0.152,4.01,314,1.28
CRACKERS/MISC BKD FD,RICE CAKES,GROCERY,NUTRITION,374,0.00149,0.016,0.300,3.32,291,1.28
DIAPERS & DISPOSABLES,FD WRAPS/BAGS/TRSH BG,DRUG GM,GROCERY,424,0.00169,0.093,0.038,2.07,332,1.28
DRY SAUCES/GRAVY,FROZEN MEAT,GROCERY,MEAT-PCKGD,792,0.00316,0.122,0.096,3.73,619,1.28
PEPPERS-ALL,STONE FRUIT,PRODUCE,PRODUCE,582,0.00232,0.071,0.106,3.24,454,1.28
MARGARINES,SPICES & EXTRACTS,GROCERY,GROCERY,1673,0.00667,0.123,0.177,3.28,1307,1.28
BAKED SWEET GOODS,FRZN POTATOES,GROCERY,GROCERY,1705,0.00679,0.091,0.210,2.82,1331,1.28
CANDY - CHECKLANE,STATIONERY & SCHOOL SUPPLIES,DRUG GM,DRUG GM,592,0.00236,0.025,0.128,1.38,462,1.28
FRZN VEGETABLE/VEG DSH,PORK,GROCERY,MEAT,2111,0.00841,0.166,0.171,3.36,1647,1.28
PEPPERS-ALL,SALAD MIX,PRODUCE,PRODUCE,1768,0.00704,0.215,0.114,3.48,1384,1.28
FACIAL TISS/DNR NAPKIN,WATER - CARBONATED/FLVRD DRINK,GROCERY,GROCERY,1217,0.00485,0.178,0.068,2.48,954,1.28
FROZEN BREAD/DOUGH,MEAT - MISC,GROCERY,MEAT-PCKGD,857,0.00341,0.119,0.102,3.55,668,1.28
DRIED FRUIT,FD WRAPS/BAGS/TRSH BG,NUTRITION,GROCERY,465,0.00185,0.154,0.041,3.45,363,1.28
BAKED SWEET GOODS,PWDR/CRYSTL DRNK MX,GROCERY,GROCERY,1172,0.00467,0.063,0.220,2.96,914,1.28
BEANS - CANNED GLASS & MW,CRACKERS/MISC BKD FD,GROCERY,GROCERY,3073,0.01224,0.324,0.135,3.58,2412,1.27
DINNER MXS:DRY,REFRGRATD DOUGH PRODUCTS,GROCERY,GROCERY,2760,0.01100,0.207,0.195,3.69,2166,1.27
BEEF,CORN,MEAT,PRODUCE,1128,0.00449,0.031,0.412,2.82,885,1.27
COFFEE,ORAL HYGIENE PRODUCTS,GROCERY,DRUG GM,901,0.00359,0.079,0.116,2.53,709,1.27
DRY BN/VEG/POTATO/RICE,FROZEN BREAD/DOUGH,GROCERY,GROCERY,1424,0.00567,0.107,0.198,3.75,1120,1.27
CANNED JUICES,FRZN BREAKFAST FOODS,GROCERY,GROCERY,1857,0.00740,0.092,0.254,3.16,1465,1.27
EGGS,MOLASSES/SYRUP/PANCAKE MIXS,GROCERY,GROCERY,1698,0.00677,0.061,0.376,3.39,1337,1.27
LUNCHMEAT,MEAT - SHELF STABLE,MEAT-PCKGD,GROCERY,4031,0.01606,0.170,0.292,3.09,3184,1.27
CONDIMENTS/SAUCES,PWDR/CRYSTL DRNK MX,GROCERY,GROCERY,1292,0.00515,0.072,0.243,3.41,1015,1.27
CONVENIENT BRKFST/WHLSM SNACKS,DINNER MXS:DRY,GROCERY,GROCERY,2961,0.01180,0.212,0.223,3.99,2327,1.27
MEAT - SHELF STABLE,MOLASSES/SYRUP/PANCAKE MIXS,GROCERY,GROCERY,974,0.00388,0.071,0.216,3.93,765,1.27
CHICKEN,SEAFOOD - FROZEN,MEAT,SEAFOOD-PCKGD,1418,0.00565,0.094,0.189,3.15,1117,1.27
MEAT - SHELF STABLE,PICKLE/RELISH/PKLD VEG,GROCERY,GROCERY,1297,0.00517,0.094,0.211,3.83,1022,1.27
BAKING MIXES,PWDR/CRYSTL DRNK MX,GROCERY,GROCERY,787,0.00314,0.070,0.148,3.29,621,1.27
PEPPERS-ALL,VEGETABLES - SHELF STABLE,PRODUCE,GROCERY,2709,0.01079,0.330,0.120,3.66,2131,1.27
CHICKEN,FLOUR & MEALS,MEAT,GROCERY,583,0.00232,0.039,0.186,3.10,458,1.27
BEANS - CANNED GLASS & MW,MEAT - MISC,GROCERY,MEAT-PCKGD,1164,0.00464,0.123,0.138,3.65,918,1.27
SNACK NUTS,VALUE ADDED FRUIT,GROCERY,PRODUCE,301,0.00120,0.064,0.051,2.76,237,1.27
COFFEE,HAND/BODY/FACIAL PRODUCTS,GROCERY,DRUG GM,334,0.00133,0.029,0.117,2.57,264,1.27
BROOMS AND MOPS,COFFEE,DRUG GM,GROCERY,384,0.00153,0.126,0.033,2.77,302,1.27
FRZN MEAT/MEAT DINNERS,MEAT - SHELF STABLE,GROCERY,GROCERY,3683,0.01468,0.162,0.267,2.95,2897,1.27
CHICKEN,VEGETABLES - ALL OTHERS,MEAT,PRODUCE,3127,0.01246,0.208,0.191,3.19,2458,1.27
CANNED MILK,SOUP,GROCERY,GROCERY,500,0.00199,0.276,0.021,2.94,395,1.27
BEEF,POTATOES,MEAT,PRODUCE,6781,0.02702,0.185,0.444,3.03,5339,1.27
DRY NOODLES/PASTA,TURKEY,GROCERY,MEAT,547,0.00218,0.039,0.196,3.51,429,1.27
COFFEE,DOG FOODS,GROCERY,GROCERY,745,0.00297,0.065,0.105,2.29,586,1.27
COFFEE,DISHWASH DETERGENTS,GROCERY,GROCERY,809,0.00322,0.071,0.130,2.84,637,1.27
CONDIMENTS/SAUCES,PAPER HOUSEWARES,GROCERY,GROCERY,1657,0.00660,0.093,0.216,3.03,1308,1.27
FRUIT - SHELF STABLE,PNT BTR/JELLY/JAMS,GROCERY,GROCERY,2104,0.00838,0.158,0.203,3.83,1653,1.27
MISC. DAIRY,PEPPERS-ALL,GROCERY,PRODUCE,887,0.00353,0.121,0.108,3.69,699,1.27
BATH TISSUES,CIGARETTES,GROCERY,DRUG GM,775,0.00309,0.057,0.071,1.31,610,1.27
CHEESE,HISPANIC,GROCERY,GROCERY,7961,0.03172,0.170,0.558,2.99,6250,1.27
APPLES,VEGETABLES - ALL OTHERS,PRODUCE,PRODUCE,2894,0.01153,0.219,0.177,3.36,2278,1.27
FLOUR & MEALS,PORK,GROCERY,MEAT,501,0.00200,0.160,0.040,3.24,395,1.27
COLD CEREAL,FLUID MILK PRODUCTS,GROCERY,GROCERY,16830,0.06706,0.670,0.243,2.43,13298,1.27
ONIONS,PROCESSED,PRODUCE,PRODUCE,990,0.00394,0.064,0.211,3.40,777,1.27
BEEF,DINNER SAUSAGE,MEAT,MEAT-PCKGD,4225,0.01684,0.115,0.428,2.93,3316,1.27
OLIVES,VEGETABLES - SHELF STABLE,GROCERY,GROCERY,923,0.00368,0.349,0.041,3.88,725,1.27
DRY NOODLES/PASTA,MOLASSES/SYRUP/PANCAKE MIXS,GROCERY,GROCERY,1000,0.00398,0.071,0.222,3.97,787,1.27
DIETARY AID PRODUCTS,TROPICAL FRUIT,DRUG GM,PRODUCE,582,0.00232,0.326,0.018,2.52,459,1.27
COCOA MIXES,PASTA SAUCE,GROCERY,GROCERY,698,0.00278,0.183,0.060,3.91,551,1.27
COFFEE,SOAP - LIQUID & BAR,GROCERY,DRUG GM,733,0.00292,0.064,0.125,2.74,577,1.27
NUTS,YOGURT,PRODUCE,GROCERY,426,0.00170,0.232,0.024,3.31,335,1.27
DINNER MXS:DRY,MARGARINES,GROCERY,GROCERY,2646,0.01054,0.199,0.195,3.68,2083,1.27
ISOTONIC DRINKS,STONE FRUIT,GROCERY,PRODUCE,303,0.00121,0.057,0.055,2.59,239,1.27
NUTS,SALAD MIX,PRODUCE,PRODUCE,381,0.00152,0.208,0.025,3.36,300,1.27
BEANS - CANNED GLASS & MW,CORN,GROCERY,PRODUCE,341,0.00136,0.036,0.124,3.29,269,1.27
COFFEE,PAPER TOWELS,GROCERY,GROCERY,1341,0.00534,0.117,0.132,2.89,1056,1.27
DOMESTIC WINE,VEGETABLES - ALL OTHERS,GROCERY,PRODUCE,592,0.00236,0.131,0.036,2.01,469,1.26
CONDIMENTS/SAUCES,FLOUR & MEALS,GROCERY,GROCERY,699,0.00279,0.039,0.223,3.13,555,1.26
DRY BN/VEG/POTATO/RICE,PEPPERS-ALL,GROCERY,PRODUCE,1624,0.00647,0.122,0.198,3.74,1293,1.26
POTATOES,VEGETABLES - SHELF STABLE,PRODUCE,GROCERY,4823,0.01922,0.316,0.214,3.51,3842,1.26
FRUIT - SHELF STABLE,MISC. DAIRY,GROCERY,GROCERY,1507,0.00600,0.113,0.205,3.88,1200,1.26
DINNER MXS:DRY,TURKEY,GROCERY,MEAT,539,0.00215,0.041,0.193,3.64,427,1.26
CHEESES,PROCESSED,DELI,PRODUCE,694,0.00277,0.061,0.148,3.28,553,1.26
REFRIGERATED,WATER - CARBONATED/FLVRD DRINK,NUTRITION,GROCERY,771,0.00307,0.149,0.043,2.08,610,1.26
DINNER SAUSAGE,DRY BN/VEG/POTATO/RICE,MEAT-PCKGD,GROCERY,1787,0.00712,0.181,0.135,3.43,1422,1.26
FROZEN PIZZA,FRZN NOVELTIES/WTR ICE,GROCERY,GROCERY,2295,0.00914,0.099,0.222,2.41,1820,1.26
FD WRAPS/BAGS/TRSH BG,GREETING CARDS/WRAP/PARTY SPLY,GROCERY,DRUG GM,644,0.00257,0.057,0.085,1.90,511,1.26
PORK,VEGETABLES - SHELF STABLE,MEAT,GROCERY,3909,0.01558,0.316,0.173,3.51,3098,1.26
TROPICAL FRUIT,UNKNOWN,PRODUCE,FROZEN GROCERY,419,0.00167,0.013,0.395,3.06,332,1.26
EGGS,REFRGRATD DOUGH PRODUCTS,GROCERY,GROCERY,4760,0.01897,0.171,0.337,3.04,3786,1.26
CANDY - CHECKLANE,WAREHOUSE SNACKS,DRUG GM,GROCERY,907,0.00361,0.039,0.139,1.50,720,1.26
BERRIES,SALAD BAR,PRODUCE,SALAD BAR,448,0.00179,0.049,0.053,1.47,356,1.26
DOG FOODS,ISOTONIC DRINKS,GROCERY,GROCERY,329,0.00131,0.046,0.062,2.17,261,1.26
FRZN VEGETABLE/VEG DSH,MEAT - MISC,GROCERY,MEAT-PCKGD,1425,0.00568,0.112,0.169,3.34,1127,1.26
STONE FRUIT,YOGURT,PRODUCE,GROCERY,1146,0.00457,0.209,0.065,2.98,909,1.26
FRZN BREAKFAST FOODS,HOT CEREAL,GROCERY,GROCERY,581,0.00232,0.080,0.104,3.56,462,1.26
GREETING CARDS/WRAP/PARTY SPLY,SOAP - LIQUID & BAR,DRUG GM,DRUG GM,330,0.00131,0.043,0.056,1.86,262,1.26
SALD DRSNG/SNDWCH SPRD,SHORTENING/OIL,GROCERY,GROCERY,1837,0.00732,0.110,0.222,3.33,1462,1.26
FRZN POTATOES,PICKLE/RELISH/PKLD VEG,GROCERY,GROCERY,694,0.00277,0.086,0.113,3.49,552,1.26
DINNER SAUSAGE,PICKLE/RELISH/PKLD VEG,MEAT-PCKGD,GROCERY,839,0.00334,0.085,0.136,3.47,665,1.26
DINNER SAUSAGE,SEAFOOD - FROZEN,MEAT-PCKGD,SEAFOOD-PCKGD,927,0.00369,0.094,0.123,3.14,735,1.26
FRZN BREAKFAST FOODS,PWDR/CRYSTL DRNK MX,GROCERY,GROCERY,552,0.00220,0.076,0.104,3.57,438,1.26
MEAT - MISC,PASTA SAUCE,MEAT-PCKGD,GROCERY,1470,0.00586,0.175,0.125,3.74,1165,1.26
BREAKFAST SAUSAGE/SANDWICHES,MEAT - SHELF STABLE,MEAT-PCKGD,GROCERY,2099,0.00836,0.191,0.152,3.48,1662,1.26
BAKED SWEET GOODS,COOKIES,GROCERY,PASTRY,577,0.00230,0.031,0.156,2.10,456,1.26
BROCCOLI/CAULIFLOWER,SEAFOOD - FROZEN,PRODUCE,SEAFOOD-PCKGD,469,0.00187,0.105,0.062,3.50,374,1.26
BAG SNACKS,BAKED SWEET GOODS,GROCERY,GROCERY,7204,0.02871,0.172,0.386,2.31,5729,1.26
DRY SAUCES/GRAVY,MARGARINES,GROCERY,GROCERY,1202,0.00479,0.185,0.089,3.43,951,1.26
HISPANIC,MUSHROOMS,GROCERY,PRODUCE,932,0.00371,0.065,0.197,3.47,739,1.26
SMOKED MEATS,SUGARS/SWEETNERS,MEAT,GROCERY,478,0.00190,0.122,0.046,2.98,379,1.26
CHICKEN,SEAFOOD-FRESH,MEAT,SEAFOOD,619,0.00247,0.041,0.169,2.81,490,1.26
BREAD,GRAPES,PASTRY,PRODUCE,863,0.00344,0.108,0.085,2.69,685,1.26
CANNED JUICES,WAREHOUSE SNACKS,GROCERY,GROCERY,1349,0.00538,0.067,0.206,2.57,1075,1.26
COOKIES/CONES,FRUIT - SHELF STABLE,GROCERY,GROCERY,3047,0.01214,0.178,0.229,3.36,2418,1.26
COOKIES/CONES,POPCORN,GROCERY,PRODUCE,806,0.00321,0.047,0.205,3.01,638,1.26
DRY NOODLES/PASTA,SOUP,GROCERY,GROCERY,4654,0.01854,0.332,0.197,3.53,3687,1.26
BUTTER,PROCESSED,GROCERY,PRODUCE,323,0.00129,0.065,0.069,3.49,256,1.26
BAG SNACKS,SALADS/DIPS,GROCERY,DELI,2206,0.00879,0.053,0.367,2.19,1757,1.26
DRIED FRUIT,SALAD MIX,NUTRITION,PRODUCE,652,0.00260,0.216,0.042,3.50,518,1.26
ONIONS,VEGETABLES - SHELF STABLE,PRODUCE,GROCERY,4817,0.01919,0.310,0.213,3.44,3817,1.26
BAG SNACKS,SOFT DRINKS,GROCERY,GROCERY,20525,0.08179,0.489,0.287,1.72,16321,1.26
BEEF,HISPANIC,MEAT,GROCERY,6159,0.02454,0.168,0.432,2.95,4876,1.26
DELI MEATS,MISCELLANEOUS,DELI,MEAT-PCKGD,480,0.00191,0.028,0.218,3.20,380,1.26
FLOUR & MEALS,ONIONS,GROCERY,PRODUCE,614,0.00245,0.196,0.039,3.16,487,1.26
FROZEN BREAD/DOUGH,MOLASSES/SYRUP/PANCAKE MIXS,GROCERY,GROCERY,493,0.00196,0.069,0.109,3.81,390,1.26
CONDIMENTS/SAUCES,DRY SAUCES/GRAVY,GROCERY,GROCERY,1582,0.00630,0.089,0.244,3.43,1254,1.26
OLIVES,SHORTENING/OIL,GROCERY,GROCERY,324,0.00129,0.123,0.039,3.73,258,1.26
FRZN VEGETABLE/VEG DSH,POTATOES,GROCERY,PRODUCE,2570,0.01024,0.202,0.168,3.31,2044,1.26
HOT CEREAL,SEAFOOD - SHELF STABLE,GROCERY,GROCERY,676,0.00269,0.121,0.086,3.84,537,1.26
CHIPS&SNACKS,TROPICAL FRUIT,NUTRITION,PRODUCE,611,0.00243,0.361,0.019,2.79,486,1.26
BAKING MIXES,DRY BN/VEG/POTATO/RICE,GROCERY,GROCERY,2024,0.00807,0.179,0.153,3.40,1612,1.26
SUGARS/SWEETNERS,TURKEY,GROCERY,MEAT,353,0.00141,0.034,0.127,3.09,280,1.26
DRY BN/VEG/POTATO/RICE,FRZN POTATOES,GROCERY,GROCERY,1489,0.00593,0.112,0.184,3.47,1184,1.26
CONDIMENTS/SAUCES,DRY BN/VEG/POTATO/RICE,GROCERY,GROCERY,3322,0.01324,0.186,0.251,3.52,2634,1.26
BREAD,DRY NOODLES/PASTA,PASTRY,GROCERY,1243,0.00495,0.156,0.089,2.80,992,1.25
FROZEN,FRZN MEAT/MEAT DINNERS,NUTRITION,GROCERY,374,0.00149,0.242,0.016,2.67,299,1.25
CHICKEN,POTATOES,MEAT,PRODUCE,2959,0.01179,0.197,0.194,3.23,2367,1.25
COFFEE,MOLASSES/SYRUP/PANCAKE MIXS,GROCERY,GROCERY,653,0.00260,0.057,0.145,3.17,523,1.25
SEAFOOD - SHELF STABLE,SEAFOOD-FRESH,GROCERY,SEAFOOD,360,0.00143,0.046,0.098,3.12,288,1.25
ROLLS,TOMATOES,PASTRY,PRODUCE,778,0.00310,0.153,0.051,2.52,623,1.25
APPLES,VALUE ADDED FRUIT,PRODUCE,PRODUCE,934,0.00372,0.071,0.160,3.03,749,1.25
PWDR/CRYSTL DRNK MX,SPICES & EXTRACTS,GROCERY,GROCERY,671,0.00267,0.126,0.071,3.35,536,1.25
CONDIMENTS/SAUCES,MOLASSES/SYRUP/PANCAKE MIXS,GROCERY,GROCERY,1143,0.00455,0.064,0.253,3.56,915,1.25
POTATOES,SEAFOOD-FRESH,PRODUCE,SEAFOOD,650,0.00259,0.043,0.177,2.91,520,1.25
SQUASH,YOGURT,PRODUCE,GROCERY,502,0.00200,0.247,0.029,3.53,403,1.25
CONVENIENT BRKFST/WHLSM SNACKS,CRACKERS/MISC BKD FD,GROCERY,GROCERY,4361,0.01738,0.312,0.192,3.45,3490,1.25
POPCORN,WATER - CARBONATED/FLVRD DRINK,PRODUCE,GROCERY,676,0.00269,0.172,0.038,2.40,539,1.25
BACON,FROZEN BREAD/DOUGH,MEAT-PCKGD,GROCERY,1092,0.00435,0.101,0.152,3.51,874,1.25
BACON,REFRGRATD JUICES/DRNKS,MEAT-PCKGD,GROCERY,3164,0.01261,0.291,0.122,2.82,2526,1.25
PICKLE/RELISH/PKLD VEG,SHORTENING/OIL,GROCERY,GROCERY,734,0.00292,0.119,0.089,3.62,588,1.25
CHIPS&SNACKS,ONIONS,NUTRITION,PRODUCE,315,0.00126,0.186,0.020,3.00,252,1.25
BAG SNACKS,FROZEN PIZZA,GROCERY,GROCERY,8853,0.03528,0.211,0.383,2.29,7104,1.25
BAG SNACKS,MILK BY-PRODUCTS,GROCERY,GROCERY,8222,0.03276,0.196,0.417,2.50,6589,1.25
BAG SNACKS,SNACK NUTS,GROCERY,GROCERY,1854,0.00739,0.044,0.396,2.37,1487,1.25
NUTS,ONIONS,PRODUCE,PRODUCE,380,0.00151,0.207,0.024,3.34,303,1.25
CRACKERS/MISC BKD FD,MEAT - SHELF STABLE,GROCERY,GROCERY,4290,0.01709,0.189,0.311,3.44,3444,1.25
CRACKERS/MISC BKD FD,WAREHOUSE SNACKS,GROCERY,GROCERY,1624,0.00647,0.072,0.248,2.75,1299,1.25
MEAT - SHELF STABLE,VEGETABLES - SHELF STABLE,GROCERY,GROCERY,4500,0.01793,0.326,0.199,3.62,3602,1.25
MEAT - MISC,SALD DRSNG/SNDWCH SPRD,MEAT-PCKGD,GROCERY,1873,0.00746,0.222,0.112,3.33,1494,1.25
MEAT - MISC,MEAT - SHELF STABLE,MEAT-PCKGD,GROCERY,1638,0.00653,0.195,0.119,3.54,1311,1.25
CANNED JUICES,PNT BTR/JELLY/JAMS,GROCERY,GROCERY,2576,0.01026,0.128,0.249,3.09,2066,1.25
MARGARINES,SMOKED MEATS,GROCERY,MEAT,652,0.00260,0.048,0.166,3.08,520,1.25
DINNER MXS:DRY,DRY MIX DESSERTS,GROCERY,GROCERY,1072,0.00427,0.081,0.197,3.71,860,1.25
BAKING MIXES,FROZEN BREAD/DOUGH,GROCERY,GROCERY,1050,0.00418,0.093,0.146,3.25,837,1.25
BAKING MIXES,FRUIT - SHELF STABLE,GROCERY,GROCERY,2064,0.00822,0.183,0.155,3.45,1657,1.25
DINNER MXS:DRY,SUGARS/SWEETNERS,GROCERY,GROCERY,1895,0.00755,0.142,0.184,3.48,1516,1.25
CITRUS,VALUE ADDED FRUIT,PRODUCE,PRODUCE,675,0.00269,0.067,0.115,2.87,541,1.25
HOT DOGS,PICKLE/RELISH/PKLD VEG,MEAT-PCKGD,GROCERY,942,0.00375,0.086,0.153,3.52,754,1.25
HOT DOGS,PASTA SAUCE,MEAT-PCKGD,GROCERY,1829,0.00729,0.167,0.156,3.59,1458,1.25
HOT DOGS,MOLASSES/SYRUP/PANCAKE MIXS,MEAT-PCKGD,GROCERY,699,0.00279,0.064,0.155,3.56,561,1.25
HOT CEREAL,YOGURT,GROCERY,GROCERY,1296,0.00516,0.231,0.074,3.30,1040,1.25
HISPANIC,VEGETABLES - SHELF STABLE,GROCERY,GROCERY,4397,0.01752,0.308,0.195,3.43,3515,1.25
DRIED FRUIT,SUGARS/SWEETNERS,NUTRITION,GROCERY,412,0.00164,0.137,0.040,3.34,330,1.25
HEAT/SERVE,VALUE ADDED FRUIT,MEAT-PCKGD,PRODUCE,354,0.00141,0.067,0.061,2.88,282,1.25
HAIR CARE PRODUCTS,MAGAZINE,DRUG GM,DRUG GM,425,0.00169,0.054,0.059,1.86,339,1.25
GRAPES,MUSHROOMS,PRODUCE,PRODUCE,660,0.00263,0.065,0.139,3.46,526,1.25
BEANS - CANNED GLASS & MW,PORK,GROCERY,MEAT,1669,0.00665,0.176,0.135,3.57,1340,1.25
BEEF,CHARCOAL AND LIGHTER FLUID,MEAT,DRUG GM,589,0.00235,0.016,0.299,2.04,471,1.25
FRZN POTATOES,MOLASSES/SYRUP/PANCAKE MIXS,GROCERY,GROCERY,513,0.00204,0.063,0.114,3.52,411,1.25
FRZN NOVELTIES/WTR ICE,WAREHOUSE SNACKS,GROCERY,GROCERY,626,0.00249,0.061,0.096,2.32,502,1.25
BEEF,HOT DOGS,MEAT,MEAT-PCKGD,4678,0.01864,0.127,0.428,2.93,3732,1.25
BROCCOLI/CAULIFLOWER,TROPICAL FRUIT,PRODUCE,PRODUCE,1860,0.00741,0.416,0.057,3.22,1491,1.25
FRZN BREAKFAST FOODS,PASTA SAUCE,GROCERY,GROCERY,1290,0.00514,0.177,0.110,3.78,1030,1.25
EGGS,FRZN JCE CONC/DRNKS,GROCERY,GROCERY,598,0.00238,0.021,0.315,2.84,477,1.25
FRUIT - SHELF STABLE,PWDR/CRYSTL DRNK MX,GROCERY,GROCERY,1067,0.00425,0.080,0.201,3.79,854,1.25
FRUIT - SHELF STABLE,PASTA SAUCE,GROCERY,GROCERY,2516,0.01003,0.189,0.215,4.05,2014,1.25
FACIAL TISS/DNR NAPKIN,TEAS,GROCERY,GROCERY,314,0.00125,0.046,0.090,3.30,252,1.25
FROZEN PIZZA,MEAT - MISC,GROCERY,MEAT-PCKGD,2243,0.00894,0.097,0.266,2.89,1800,1.25
FD WRAPS/BAGS/TRSH BG,TURKEY,GROCERY,MEAT,386,0.00154,0.034,0.138,3.09,308,1.25
FROZEN BREAD/DOUGH,PORK,GROCERY,MEAT,1223,0.00487,0.170,0.099,3.45,975,1.25
BAKING MIXES,TEAS,GROCERY,GROCERY,491,0.00196,0.044,0.141,3.13,397,1.24
FRZN VEGETABLE/VEG DSH,MUSHROOMS,GROCERY,PRODUCE,810,0.00323,0.064,0.171,3.37,652,1.24
LIQUOR,SOFT DRINKS,SPIRITS,GROCERY,907,0.00361,0.393,0.013,1.38,733,1.24
CAT FOOD,PAPER HOUSEWARES,GROCERY,GROCERY,447,0.00178,0.068,0.058,2.23,359,1.24
MISC. DAIRY,SALAD MIX,GROCERY,PRODUCE,1529,0.00609,0.208,0.099,3.37,1237,1.24
ONIONS,SMOKED MEATS,PRODUCE,MEAT,747,0.00298,0.048,0.191,3.08,602,1.24
MARGARINES,TURKEY,GROCERY,MEAT,476,0.00190,0.035,0.171,3.16,385,1.24
BERRIES,GREETING CARDS/WRAP/PARTY SPLY,PRODUCE,DRUG GM,527,0.00210,0.058,0.069,1.91,424,1.24
BLEACH,SHORTENING/OIL,GROCERY,GROCERY,339,0.00135,0.096,0.041,2.91,274,1.24
BERRIES,SNACK NUTS,PRODUCE,GROCERY,491,0.00196,0.054,0.105,2.89,395,1.24
CONDIMENTS/SAUCES,FROZEN MEAT,GROCERY,MEAT-PCKGD,1971,0.00785,0.110,0.240,3.37,1592,1.24
FRZN NOVELTIES/WTR ICE,FRZN POTATOES,GROCERY,GROCERY,878,0.00350,0.085,0.108,2.63,707,1.24
CONVENIENT BRKFST/WHLSM SNACKS,FRZN MEAT/MEAT DINNERS,GROCERY,GROCERY,3638,0.01450,0.260,0.160,2.87,2936,1.24
CANNED JUICES,COLD CEREAL,GROCERY,GROCERY,5857,0.02334,0.290,0.233,2.90,4715,1.24
BACON,DRY SAUCES/GRAVY,MEAT-PCKGD,GROCERY,992,0.00395,0.091,0.153,3.53,802,1.24
SOUP,TURKEY,GROCERY,MEAT,835,0.00333,0.035,0.299,3.19,674,1.24
CONVENIENT BRKFST/WHLSM SNACKS,COOKIES,GROCERY,PASTRY,486,0.00194,0.035,0.132,2.36,392,1.24
DINNER SAUSAGE,FROZEN MEAT,MEAT-PCKGD,MEAT-PCKGD,1070,0.00426,0.108,0.130,3.32,861,1.24
HEAT/SERVE,PORK,MEAT-PCKGD,MEAT,823,0.00328,0.156,0.067,3.16,663,1.24
CARROTS,FRZN VEGETABLE/VEG DSH,PRODUCE,GROCERY,1488,0.00593,0.177,0.117,3.49,1196,1.24
HEAT/SERVE,PROCESSED,MEAT-PCKGD,PRODUCE,315,0.00126,0.060,0.067,3.19,254,1.24
COFFEE,HOUSEHOLD CLEANG NEEDS,GROCERY,GROCERY,917,0.00365,0.080,0.124,2.72,737,1.24
FRZN VEGETABLE/VEG DSH,SOUP,GROCERY,GROCERY,3823,0.01523,0.300,0.162,3.20,3086,1.24
ANALGESICS,COFFEE,DRUG GM,GROCERY,365,0.00145,0.086,0.032,1.88,293,1.24
DRY MIX DESSERTS,HOT CEREAL,GROCERY,GROCERY,414,0.00165,0.076,0.074,3.40,334,1.24
HOT DOGS,PORK,MEAT-PCKGD,MEAT,1758,0.00701,0.161,0.142,3.27,1420,1.24
CRACKERS/MISC BKD FD,DRY SAUCES/GRAVY,GROCERY,GROCERY,1991,0.00793,0.088,0.307,3.39,1610,1.24
BAKING NEEDS,BERRIES,GROCERY,PRODUCE,1089,0.00434,0.105,0.119,2.89,880,1.24
DRY NOODLES/PASTA,MUSHROOMS,GROCERY,PRODUCE,965,0.00385,0.069,0.204,3.65,780,1.24
HOT CEREAL,SOUP,GROCERY,GROCERY,1772,0.00706,0.316,0.075,3.37,1430,1.24
HISPANIC,SALAD MIX,GROCERY,PRODUCE,2836,0.01130,0.199,0.183,3.22,2282,1.24
BEEF,MEAT - MISC,MEAT,MEAT-PCKGD,3646,0.01453,0.099,0.433,2.96,2937,1.24
BAKED SWEET GOODS,LUNCHMEAT,GROCERY,MEAT-PCKGD,4465,0.01779,0.239,0.188,2.53,3615,1.24
MELONS,ONIONS,PRODUCE,PRODUCE,831,0.00331,0.192,0.053,3.10,672,1.24
FD WRAPS/BAGS/TRSH BG,FLOUR & MEALS,GROCERY,GROCERY,419,0.00167,0.037,0.134,2.99,338,1.24
COLD CEREAL,FRZN BREAKFAST FOODS,GROCERY,GROCERY,2394,0.00954,0.095,0.328,3.27,1925,1.24
GREETING CARDS/WRAP/PARTY SPLY,HAIR CARE PRODUCTS,DRUG GM,DRUG GM,417,0.00166,0.055,0.053,1.74,337,1.24
BEERS/ALES,CAT FOOD,GROCERY,GROCERY,633,0.00252,0.041,0.097,1.56,510,1.24
APPLES,HOT CEREAL,PRODUCE,GROCERY,1020,0.00406,0.077,0.182,3.46,821,1.24
BREAKFAST SAUSAGE/SANDWICHES,SEAFOOD - FROZEN,MEAT-PCKGD,SEAFOOD-PCKGD,1044,0.00416,0.095,0.139,3.18,840,1.24
MISC. DAIRY,SEAFOOD - SHELF STABLE,GROCERY,GROCERY,888,0.00354,0.121,0.113,3.85,717,1.24
CITRUS,TURKEY,PRODUCE,MEAT,345,0.00137,0.034,0.124,3.07,278,1.24
PICKLE/RELISH/PKLD VEG,VEGETABLES SALAD,GROCERY,PRODUCE,888,0.00354,0.144,0.083,3.38,714,1.24
BAKED SWEET GOODS,DRY MIX DESSERTS,GROCERY,GROCERY,1132,0.00451,0.061,0.208,2.79,916,1.24
DIAPERS & DISPOSABLES,FRUIT - SHELF STABLE,DRUG GM,GROCERY,541,0.00216,0.118,0.041,2.23,437,1.24
FROZEN PIZZA,POPCORN,GROCERY,PRODUCE,1005,0.00400,0.043,0.256,2.77,812,1.24
CANNED JUICES,MOLASSES/SYRUP/PANCAKE MIXS,GROCERY,GROCERY,1185,0.00472,0.059,0.263,3.27,959,1.24
DRY NOODLES/PASTA,PEPPERS-ALL,GROCERY,PRODUCE,1673,0.00667,0.119,0.204,3.64,1355,1.24
FRZN BREAKFAST FOODS,PNT BTR/JELLY/JAMS,GROCERY,GROCERY,1051,0.00419,0.144,0.101,3.49,849,1.24
COCOA MIXES,REFRGRATD DOUGH PRODUCTS,GROCERY,GROCERY,727,0.00290,0.190,0.051,3.38,586,1.24
BUTTER,MOLASSES/SYRUP/PANCAKE MIXS,GROCERY,GROCERY,330,0.00131,0.067,0.073,3.71,266,1.24
BROCCOLI/CAULIFLOWER,MILK BY-PRODUCTS,PRODUCE,GROCERY,1182,0.00471,0.264,0.060,3.37,956,1.24
CRACKERS/MISC BKD FD,SEAFOOD - SHELF STABLE,GROCERY,GROCERY,2576,0.01026,0.113,0.327,3.61,2078,1.24
COFFEE,FD WRAPS/BAGS/TRSH BG,GROCERY,GROCERY,1405,0.00560,0.123,0.125,2.74,1143,1.23
MISC. DAIRY,ORGANICS FRUIT & VEGETABLES,GROCERY,PRODUCE,536,0.00214,0.073,0.101,3.47,435,1.23
MEAT - MISC,SPICES & EXTRACTS,MEAT-PCKGD,GROCERY,1033,0.00412,0.123,0.109,3.25,837,1.23
MILK BY-PRODUCTS,VEGETABLES SALAD,GROCERY,PRODUCE,2513,0.01001,0.128,0.235,2.99,2043,1.23
GRAPES,SALAD MIX,PRODUCE,PRODUCE,2001,0.00797,0.198,0.129,3.20,1627,1.23
BREAKFAST SAUSAGE/SANDWICHES,SHORTENING/OIL,MEAT-PCKGD,GROCERY,1186,0.00473,0.108,0.144,3.28,961,1.23
APPLES,MUSHROOMS,PRODUCE,PRODUCE,861,0.00343,0.065,0.182,3.45,702,1.23
FD WRAPS/BAGS/TRSH BG,MOLASSES/SYRUP/PANCAKE MIXS,GROCERY,GROCERY,687,0.00274,0.061,0.152,3.40,557,1.23
COCOA MIXES,SEAFOOD - SHELF STABLE,GROCERY,GROCERY,461,0.00184,0.121,0.058,3.84,375,1.23
MILK BY-PRODUCTS,TOMATOES,GROCERY,PRODUCE,3618,0.01442,0.184,0.237,3.02,2935,1.23
FD WRAPS/BAGS/TRSH BG,FEMININE HYGIENE,GROCERY,DRUG GM,399,0.00159,0.036,0.093,2.08,323,1.23
CHEESES,TOMATOES,DELI,PRODUCE,2111,0.00841,0.186,0.138,3.07,1711,1.23
BEANS - CANNED GLASS & MW,POTATOES,GROCERY,PRODUCE,2050,0.00817,0.216,0.134,3.55,1662,1.23
DINNER SAUSAGE,PASTA SAUCE,MEAT-PCKGD,GROCERY,1577,0.00628,0.160,0.135,3.42,1284,1.23
CANNED MILK,VEGETABLES - SHELF STABLE,GROCERY,GROCERY,487,0.00194,0.269,0.022,2.99,395,1.23
MILK BY-PRODUCTS,MUSHROOMS,GROCERY,PRODUCE,1200,0.00478,0.061,0.253,3.23,978,1.23
FROZEN PIE/DESSERTS,SPICES & EXTRACTS,GROCERY,GROCERY,658,0.00262,0.102,0.070,2.72,535,1.23
DRY SAUCES/GRAVY,SHORTENING/OIL,GROCERY,GROCERY,739,0.00294,0.114,0.089,3.46,600,1.23
FRZN BREAKFAST FOODS,LUNCHMEAT,GROCERY,MEAT-PCKGD,2053,0.00818,0.281,0.087,2.98,1665,1.23
FRUIT - SHELF STABLE,PIES,GROCERY,PASTRY,350,0.00139,0.026,0.126,2.38,286,1.23
BREAKFAST SAUSAGE/SANDWICHES,DINNER MXS:DRY,MEAT-PCKGD,GROCERY,2094,0.00834,0.191,0.157,3.60,1701,1.23
HERBS,VEGETABLES - SHELF STABLE,PRODUCE,GROCERY,993,0.00396,0.305,0.044,3.38,805,1.23
EGGS,SUGARS/SWEETNERS,GROCERY,GROCERY,3289,0.01311,0.118,0.320,2.88,2664,1.23
BACON,BEEF,MEAT-PCKGD,MEAT,4734,0.01886,0.436,0.129,2.98,3853,1.23
PEARS,POTATOES,PRODUCE,PRODUCE,422,0.00168,0.214,0.028,3.51,342,1.23
DRY BN/VEG/POTATO/RICE,FROZEN MEAT,GROCERY,MEAT-PCKGD,1608,0.00641,0.121,0.196,3.71,1304,1.23
ONIONS,SEAFOOD-FRESH,PRODUCE,SEAFOOD,644,0.00257,0.041,0.175,2.83,522,1.23
MEAT - MISC,SEAFOOD - SHELF STABLE,MEAT-PCKGD,GROCERY,974,0.00388,0.116,0.123,3.68,792,1.23
ANALGESICS,FD WRAPS/BAGS/TRSH BG,DRUG GM,GROCERY,370,0.00147,0.087,0.033,1.95,301,1.23
COCOA MIXES,FRZN POTATOES,GROCERY,GROCERY,412,0.00164,0.108,0.051,3.34,334,1.23
FROZEN MEAT,FRZN NOVELTIES/WTR ICE,MEAT-PCKGD,GROCERY,937,0.00373,0.114,0.091,2.77,759,1.23
DRY BN/VEG/POTATO/RICE,HOT CEREAL,GROCERY,GROCERY,1073,0.00428,0.081,0.192,3.62,874,1.23
MUSHROOMS,SPICES & EXTRACTS,PRODUCE,GROCERY,596,0.00237,0.126,0.063,3.34,484,1.23
SHORTENING/OIL,SMOKED MEATS,GROCERY,MEAT,400,0.00159,0.048,0.102,3.10,325,1.23
CRACKERS/MISC BKD FD,PNT BTR/JELLY/JAMS,GROCERY,GROCERY,3112,0.01240,0.137,0.300,3.32,2527,1.23
HEAT/SERVE,REFRGRATD DOUGH PRODUCTS,MEAT-PCKGD,GROCERY,904,0.00360,0.171,0.064,3.05,736,1.23
DRY BN/VEG/POTATO/RICE,MOLASSES/SYRUP/PANCAKE MIXS,GROCERY,GROCERY,924,0.00368,0.070,0.205,3.88,754,1.23
CANNED JUICES,COOKIES/CONES,GROCERY,GROCERY,3787,0.01509,0.188,0.221,2.76,3072,1.23
APPLES,BREAD,PRODUCE,PASTRY,1115,0.00444,0.084,0.140,2.66,908,1.23
CARROTS,TROPICAL FRUIT,PRODUCE,PRODUCE,3440,0.01371,0.410,0.106,3.17,2798,1.23
BAG SNACKS,ISOTONIC DRINKS,GROCERY,GROCERY,1959,0.00781,0.047,0.367,2.19,1593,1.23
CONVENIENT BRKFST/WHLSM SNACKS,PNT BTR/JELLY/JAMS,GROCERY,GROCERY,2032,0.00810,0.145,0.196,3.52,1655,1.23
HISPANIC,REFRIGERATED,GROCERY,NUTRITION,763,0.00304,0.054,0.148,2.60,621,1.23
SPICES & EXTRACTS,VEGETABLES - ALL OTHERS,GROCERY,PRODUCE,1928,0.00768,0.204,0.118,3.13,1573,1.23
DINNER MXS:DRY,PICKLE/RELISH/PKLD VEG,GROCERY,GROCERY,1291,0.00514,0.097,0.210,3.96,1052,1.23
DRY SAUCES/GRAVY,HEAT/SERVE,GROCERY,MEAT-PCKGD,441,0.00176,0.068,0.084,3.23,359,1.23
LUNCHMEAT,PWDR/CRYSTL DRNK MX,MEAT-PCKGD,GROCERY,1487,0.00593,0.063,0.280,2.96,1206,1.23
SALD DRSNG/SNDWCH SPRD,VALUE ADDED VEGETABLES,GROCERY,PRODUCE,462,0.00184,0.028,0.220,3.30,376,1.23
CHICKEN,FRZN VEGETABLE/VEG DSH,MEAT,GROCERY,2360,0.00940,0.157,0.185,3.09,1911,1.23
CHEESES,FACIAL TISS/DNR NAPKIN,DELI,GROCERY,970,0.00387,0.086,0.142,3.14,789,1.23
DINNER MXS:DRY,FRZN MEAT/MEAT DINNERS,GROCERY,GROCERY,3610,0.01438,0.271,0.159,2.99,2943,1.23
TOMATOES,TROPICAL FRUIT,PRODUCE,PRODUCE,5683,0.02265,0.372,0.175,2.88,4626,1.23
FLOUR & MEALS,PNT BTR/JELLY/JAMS,GROCERY,GROCERY,413,0.00165,0.132,0.040,3.19,336,1.23
MARGARINES,MEAT - MISC,GROCERY,MEAT-PCKGD,1479,0.00589,0.109,0.176,3.25,1203,1.23
HAIR CARE PRODUCTS,ISOTONIC DRINKS,DRUG GM,GROCERY,396,0.00158,0.050,0.074,2.34,321,1.23
HISPANIC,PROCESSED,GROCERY,PRODUCE,875,0.00349,0.061,0.186,3.28,714,1.23
DRY BN/VEG/POTATO/RICE,SQUASH,GROCERY,PRODUCE,420,0.00167,0.032,0.207,3.92,342,1.23
MARGARINES,PORK,GROCERY,MEAT,2171,0.00865,0.160,0.175,3.25,1758,1.23
FROZEN PIZZA,PASTA SAUCE,GROCERY,GROCERY,3316,0.01321,0.143,0.283,3.07,2689,1.23
EGGS,SHORTENING/OIL,GROCERY,GROCERY,2812,0.01120,0.101,0.340,3.07,2281,1.23
FROZEN PIE/DESSERTS,FRZN VEGETABLE/VEG DSH,GROCERY,GROCERY,888,0.00354,0.138,0.070,2.72,721,1.23
SQUASH,TROPICAL FRUIT,PRODUCE,PRODUCE,848,0.00338,0.418,0.026,3.23,687,1.23
DRIED FRUIT,SPICES & EXTRACTS,NUTRITION,GROCERY,389,0.00155,0.129,0.041,3.42,315,1.23
SALAD MIX,VALUE ADDED FRUIT,PRODUCE,PRODUCE,1054,0.00420,0.068,0.180,2.92,857,1.23
CANDY - PACKAGED,PAPER HOUSEWARES,DRUG GM,GROCERY,1324,0.00528,0.062,0.172,2.01,1077,1.23
BEANS - CANNED GLASS & MW,TURKEY,GROCERY,MEAT,360,0.00143,0.038,0.129,3.41,292,1.23
COCOA MIXES,HOT DOGS,GROCERY,MEAT-PCKGD,555,0.00221,0.145,0.051,3.34,455,1.22
DINNER SAUSAGE,LUNCHMEAT,MEAT-PCKGD,MEAT-PCKGD,2602,0.01037,0.264,0.110,2.79,2136,1.22
BAKED SWEET GOODS,HOT DOGS,GROCERY,MEAT-PCKGD,2211,0.00881,0.118,0.202,2.72,1818,1.22
BACON,SUGARS/SWEETNERS,MEAT-PCKGD,GROCERY,1401,0.00558,0.129,0.136,3.15,1147,1.22
CHEESES,CHICKEN/POULTRY,DELI,DELI,433,0.00173,0.038,0.074,1.63,354,1.22
BUTTER,FD WRAPS/BAGS/TRSH BG,GROCERY,GROCERY,695,0.00277,0.140,0.062,3.14,572,1.22
FD WRAPS/BAGS/TRSH BG,PICKLE/RELISH/PKLD VEG,GROCERY,GROCERY,915,0.00365,0.081,0.149,3.32,748,1.22
BUTTER,PNT BTR/JELLY/JAMS,GROCERY,GROCERY,693,0.00276,0.140,0.067,3.39,570,1.22
FROZEN BREAD/DOUGH,VEGETABLES - SHELF STABLE,GROCERY,GROCERY,2248,0.00896,0.313,0.100,3.47,1835,1.22
BABY HBC,CANDY - CHECKLANE,DRUG GM,DRUG GM,529,0.00211,0.133,0.023,1.44,433,1.22
WAREHOUSE SNACKS,WATER - CARBONATED/FLVRD DRINK,GROCERY,GROCERY,970,0.00387,0.148,0.054,2.07,796,1.22
CONVENIENT BRKFST/WHLSM SNACKS,DRIED FRUIT,GROCERY,NUTRITION,612,0.00244,0.044,0.203,3.64,503,1.22
LUNCHMEAT,MEAT - MISC,MEAT-PCKGD,MEAT-PCKGD,2318,0.00924,0.098,0.275,2.92,1892,1.22
BERRIES,BUTTER,PRODUCE,GROCERY,580,0.00231,0.064,0.117,3.23,476,1.22
COOKIES/CONES,SNACK NUTS,GROCERY,GROCERY,858,0.00342,0.050,0.183,2.69,704,1.22
BREAKFAST SWEETS,ICE CREAM/MILK/SHERBTS,PASTRY,GROCERY,1061,0.00423,0.130,0.053,1.63,867,1.22
DRY BN/VEG/POTATO/RICE,SEAFOOD-FRESH,GROCERY,SEAFOOD,576,0.00230,0.043,0.157,2.97,470,1.22
BREAKFAST SAUSAGE/SANDWICHES,REFRGRATD JUICES/DRNKS,MEAT-PCKGD,GROCERY,3021,0.01204,0.275,0.117,2.67,2475,1.22
PWDR/CRYSTL DRNK MX,SALD DRSNG/SNDWCH SPRD,GROCERY,GROCERY,1172,0.00467,0.220,0.070,3.30,958,1.22
GRAPES,VEGETABLES SALAD,PRODUCE,PRODUCE,1329,0.00530,0.131,0.124,3.08,1092,1.22
SALAD MIX,YOGURT,PRODUCE,GROCERY,3353,0.01336,0.216,0.191,3.08,2755,1.22
BAKED SWEET GOODS,HEAT/SERVE,GROCERY,MEAT-PCKGD,1041,0.00415,0.056,0.197,2.65,853,1.22
BEERS/ALES,DINNER SAUSAGE,GROCERY,MEAT-PCKGD,1061,0.00423,0.068,0.108,1.74,869,1.22
PICKLE/RELISH/PKLD VEG,TOMATOES,GROCERY,PRODUCE,1249,0.00498,0.203,0.082,3.34,1026,1.22
CANDY - PACKAGED,MAGAZINE,DRUG GM,DRUG GM,993,0.00396,0.046,0.137,1.60,817,1.22
MISCELLANEOUS,POTATOES,MEAT-PCKGD,PRODUCE,456,0.00182,0.207,0.030,3.40,375,1.22
BREAD,BREAKFAST SWEETS,PASTRY,PASTRY,455,0.00181,0.057,0.056,1.76,374,1.22
SALAD MIX,SEAFOOD-FRESH,PRODUCE,SEAFOOD,632,0.00252,0.041,0.172,2.78,517,1.22
FRZN VEGETABLE/VEG DSH,VEGETABLES - SHELF STABLE,GROCERY,GROCERY,3767,0.01501,0.296,0.167,3.29,3096,1.22
BERRIES,DIAPERS & DISPOSABLES,PRODUCE,DRUG GM,335,0.00133,0.037,0.073,2.02,274,1.22
FROZEN PIZZA,REFRGRATD DOUGH PRODUCTS,GROCERY,GROCERY,3579,0.01426,0.155,0.254,2.75,2923,1.22
BEANS - CANNED GLASS & MW,SOUP,GROCERY,GROCERY,3054,0.01217,0.322,0.130,3.42,2509,1.22
CONVENIENT BRKFST/WHLSM SNACKS,HAND/BODY/FACIAL PRODUCTS,GROCERY,DRUG GM,459,0.00183,0.033,0.161,2.90,377,1.22
FRZN NOVELTIES/WTR ICE,POPCORN,GROCERY,PRODUCE,419,0.00167,0.040,0.107,2.59,343,1.22
MEAT - MISC,SUGARS/SWEETNERS,MEAT-PCKGD,GROCERY,1066,0.00425,0.127,0.104,3.09,876,1.22
BEANS - CANNED GLASS & MW,SHORTENING/OIL,GROCERY,GROCERY,1094,0.00436,0.115,0.132,3.50,899,1.22
SOFT DRINKS,WAREHOUSE SNACKS,GROCERY,GROCERY,3163,0.01260,0.044,0.484,1.70,2598,1.22
BACON,FRZN BREAKFAST FOODS,MEAT-PCKGD,GROCERY,1088,0.00434,0.100,0.149,3.44,893,1.22
FROZEN BREAD/DOUGH,SEAFOOD - FROZEN,GROCERY,SEAFOOD-PCKGD,694,0.00277,0.097,0.092,3.22,570,1.22
HOT CEREAL,SHORTENING/OIL,GROCERY,GROCERY,623,0.00248,0.111,0.075,3.38,512,1.22
SOAP - LIQUID & BAR,WATER - CARBONATED/FLVRD DRINK,DRUG GM,GROCERY,932,0.00371,0.159,0.052,2.22,765,1.22
ISOTONIC DRINKS,SOAP - LIQUID & BAR,GROCERY,DRUG GM,313,0.00125,0.059,0.053,2.51,257,1.22
BREAKFAST SAUSAGE/SANDWICHES,LUNCHMEAT,MEAT-PCKGD,MEAT-PCKGD,2970,0.01183,0.271,0.125,2.87,2426,1.22
CONVENIENT BRKFST/WHLSM SNACKS,SHAVING CARE PRODUCTS,GROCERY,DRUG GM,506,0.00202,0.036,0.154,2.76,416,1.22
FRZN MEAT/MEAT DINNERS,SEAFOOD - FROZEN,GROCERY,SEAFOOD-PCKGD,1800,0.00717,0.079,0.239,2.64,1479,1.22
HOT DOGS,MARGARINES,MEAT-PCKGD,GROCERY,1847,0.00736,0.169,0.136,3.13,1519,1.22
COOKIES/CONES,ISOTONIC DRINKS,GROCERY,GROCERY,915,0.00365,0.053,0.171,2.51,749,1.22
SNACK NUTS,WATER - CARBONATED/FLVRD DRINK,GROCERY,GROCERY,736,0.00293,0.157,0.041,2.20,603,1.22
PICKLE/RELISH/PKLD VEG,SALADS/DIPS,GROCERY,DELI,403,0.00161,0.065,0.067,2.73,329,1.22
CONDIMENTS/SAUCES,MEAT - SHELF STABLE,GROCERY,GROCERY,3279,0.01307,0.184,0.238,3.34,2681,1.22
SHORTENING/OIL,VEGETABLES - SHELF STABLE,GROCERY,GROCERY,2530,0.01008,0.306,0.112,3.40,2076,1.22
ORGANICS FRUIT & VEGETABLES,SALADS/DIPS,PRODUCE,DELI,330,0.00131,0.062,0.055,2.60,270,1.22
ISOTONIC DRINKS,PAPER TOWELS,GROCERY,GROCERY,570,0.00227,0.107,0.056,2.63,468,1.22
GRAPES,TOMATOES,PRODUCE,PRODUCE,1910,0.00761,0.189,0.125,3.11,1568,1.22
BEEF,BREAKFAST SAUSAGE/SANDWICHES,MEAT,MEAT-PCKGD,4584,0.01827,0.125,0.418,2.86,3766,1.22
BAKING NEEDS,BROCCOLI/CAULIFLOWER,GROCERY,PRODUCE,579,0.00231,0.056,0.130,3.13,476,1.22
DRY MIX DESSERTS,SOUP,GROCERY,GROCERY,1654,0.00659,0.304,0.070,3.23,1350,1.22
BAKING MIXES,MARGARINES,GROCERY,GROCERY,1845,0.00735,0.164,0.136,3.03,1512,1.22
PASTA SAUCE,PNT BTR/JELLY/JAMS,GROCERY,GROCERY,1768,0.00704,0.151,0.171,3.65,1453,1.22
SPICES & EXTRACTS,TEAS,GROCERY,GROCERY,418,0.00167,0.044,0.120,3.18,343,1.22
COOKIES/CONES,PNT BTR/JELLY/JAMS,GROCERY,GROCERY,2149,0.00856,0.126,0.207,3.04,1761,1.22
ONIONS,SHORTENING/OIL,PRODUCE,GROCERY,1661,0.00662,0.107,0.201,3.24,1359,1.22
COCOA MIXES,DRY NOODLES/PASTA,GROCERY,GROCERY,773,0.00308,0.202,0.055,3.62,636,1.22
FRZN POTATOES,PORK,GROCERY,MEAT,1269,0.00506,0.156,0.103,3.17,1040,1.22
CARROTS,TURKEY,PRODUCE,MEAT,318,0.00127,0.038,0.114,3.41,261,1.22
FROZEN PIZZA,LUNCHMEAT,GROCERY,MEAT-PCKGD,5484,0.02185,0.237,0.231,2.51,4495,1.22
BACON,HEAT/SERVE,MEAT-PCKGD,MEAT-PCKGD,725,0.00289,0.067,0.137,3.17,595,1.22
COLD CEREAL,COOKIES/CONES,GROCERY,GROCERY,4923,0.01962,0.196,0.288,2.87,4029,1.22
CHEESES,SNACK NUTS,DELI,GROCERY,594,0.00237,0.052,0.127,2.82,489,1.22
MEAT - SHELF STABLE,WAREHOUSE SNACKS,GROCERY,GROCERY,1008,0.00402,0.073,0.154,2.80,829,1.22
CIGARETTES,MAGAZINE,DRUG GM,DRUG GM,400,0.00159,0.037,0.055,1.27,327,1.22
BAKING NEEDS,SNACK NUTS,GROCERY,GROCERY,506,0.00202,0.049,0.108,2.61,420,1.21
DRY SAUCES/GRAVY,SUGARS/SWEETNERS,GROCERY,GROCERY,842,0.00336,0.130,0.082,3.17,694,1.21
PEPPERS-ALL,SHORTENING/OIL,PRODUCE,GROCERY,915,0.00365,0.111,0.111,3.38,759,1.21
CONVENIENT BRKFST/WHLSM SNACKS,WATER - CARBONATED/FLVRD DRINK,GROCERY,GROCERY,2442,0.00973,0.175,0.136,2.44,2024,1.21
CHEESE,DRY NOODLES/PASTA,GROCERY,GROCERY,7860,0.03132,0.168,0.561,3.00,6521,1.21
CONVENIENT BRKFST/WHLSM SNACKS,PASTA SAUCE,GROCERY,GROCERY,2428,0.00967,0.174,0.207,3.72,2012,1.21
FRZN BREAKFAST FOODS,HOT DOGS,GROCERY,MEAT-PCKGD,1036,0.00413,0.142,0.095,3.26,857,1.21
BACON,SEAFOOD - FROZEN,MEAT-PCKGD,SEAFOOD-PCKGD,1049,0.00418,0.097,0.140,3.22,863,1.21
FRZN BREAKFAST FOODS,MISC. DAIRY,GROCERY,GROCERY,743,0.00296,0.102,0.101,3.48,616,1.21
DINNER SAUSAGE,MOLASSES/SYRUP/PANCAKE MIXS,MEAT-PCKGD,GROCERY,596,0.00237,0.060,0.132,3.36,494,1.21
COCOA MIXES,SOUP,GROCERY,GROCERY,1201,0.00479,0.314,0.051,3.35,993,1.21
ISOTONIC DRINKS,MEAT - SHELF STABLE,GROCERY,GROCERY,826,0.00329,0.155,0.060,2.81,682,1.21
ISOTONIC DRINKS,ORAL HYGIENE PRODUCTS,GROCERY,DRUG GM,383,0.00153,0.072,0.049,2.31,316,1.21
VITAMINS,YOGURT,DRUG GM,GROCERY,340,0.00135,0.171,0.019,2.43,281,1.21
BAKING MIXES,HOT CEREAL,GROCERY,GROCERY,796,0.00317,0.071,0.142,3.16,655,1.21
DINNER MXS:DRY,SHORTENING/OIL,GROCERY,GROCERY,1600,0.00638,0.120,0.194,3.65,1318,1.21
KITCHEN GADGETS,ONIONS,DRUG GM,PRODUCE,321,0.00128,0.168,0.021,2.72,266,1.21
FROZEN MEAT,HISPANIC,MEAT-PCKGD,GROCERY,1566,0.00624,0.191,0.110,3.36,1290,1.21
BATH TISSUES,PLASTIC HOUSEWARES,GROCERY,DRUG GM,312,0.00124,0.023,0.143,2.63,258,1.21
SHAVING CARE PRODUCTS,WATER - CARBONATED/FLVRD DRINK,DRUG GM,GROCERY,476,0.00190,0.145,0.027,2.02,394,1.21
SEAFOOD-FRESH,VEGETABLES SALAD,SEAFOOD,PRODUCE,421,0.00168,0.115,0.039,2.69,349,1.21
SEAFOOD-FRESH,SHORTENING/OIL,SEAFOOD,GROCERY,337,0.00134,0.092,0.041,2.79,280,1.21
CHICKEN,ONIONS,MEAT,PRODUCE,2852,0.01136,0.190,0.183,3.06,2360,1.21
COFFEE,PNT BTR/JELLY/JAMS,GROCERY,GROCERY,1370,0.00546,0.120,0.132,2.89,1131,1.21
APPLES,CONVENIENT BRKFST/WHLSM SNACKS,PRODUCE,GROCERY,2529,0.01008,0.191,0.181,3.43,2084,1.21
FROZEN MEAT,REFRGRATD DOUGH PRODUCTS,MEAT-PCKGD,GROCERY,1518,0.00605,0.185,0.108,3.29,1256,1.21
SEAFOOD - FROZEN,SMOKED MEATS,SEAFOOD-PCKGD,MEAT,343,0.00137,0.046,0.088,2.92,284,1.21
SALD DRSNG/SNDWCH SPRD,VEGETABLES - ALL OTHERS,GROCERY,PRODUCE,3413,0.01360,0.204,0.209,3.13,2809,1.21
HAIR CARE PRODUCTS,PAPER HOUSEWARES,DRUG GM,GROCERY,605,0.00241,0.076,0.079,2.49,501,1.21
CHICKEN,DRY NOODLES/PASTA,MEAT,GROCERY,2743,0.01093,0.182,0.196,3.26,2272,1.21
BAG SNACKS,DELI MEATS,GROCERY,DELI,6758,0.02693,0.161,0.395,2.36,5580,1.21
HOT CEREAL,MISC. DAIRY,GROCERY,GROCERY,573,0.00228,0.102,0.078,3.50,472,1.21
DRY MIX DESSERTS,FROZEN BREAD/DOUGH,GROCERY,GROCERY,517,0.00206,0.095,0.072,3.31,427,1.21
BATH TISSUES,COLD AND FLU,GROCERY,DRUG GM,427,0.00170,0.031,0.088,1.61,352,1.21
MARGARINES,TEAS,GROCERY,GROCERY,594,0.00237,0.044,0.170,3.16,492,1.21
COCOA MIXES,MISC. DAIRY,GROCERY,GROCERY,397,0.00158,0.104,0.054,3.55,329,1.21
BAKED SWEET GOODS,DINNER MXS:DRY,GROCERY,GROCERY,2965,0.01181,0.159,0.223,2.99,2445,1.21
CHICKEN,DINNER MXS:DRY,MEAT,GROCERY,2731,0.01088,0.182,0.205,3.43,2256,1.21
MEAT - SHELF STABLE,PNT BTR/JELLY/JAMS,GROCERY,GROCERY,1979,0.00789,0.143,0.191,3.47,1633,1.21
CHEESES,VEGETABLES SALAD,DELI,PRODUCE,1436,0.00572,0.127,0.134,2.97,1191,1.21
APPLES,SALAD MIX,PRODUCE,PRODUCE,2620,0.01044,0.198,0.169,3.21,2168,1.21
CHEESES,REFRIGERATED,DELI,NUTRITION,586,0.00234,0.052,0.113,2.51,485,1.21
CANDY - PACKAGED,FEMININE HYGIENE,DRUG GM,DRUG GM,590,0.00235,0.027,0.137,1.60,486,1.21
BREAKFAST SAUSAGE/SANDWICHES,FLOUR & MEALS,MEAT-PCKGD,GROCERY,417,0.00166,0.038,0.133,3.04,344,1.21
FRZN VEGETABLE/VEG DSH,SEAFOOD - SHELF STABLE,GROCERY,GROCERY,1393,0.00555,0.109,0.177,3.48,1151,1.21
MISC. DAIRY,TOMATOES,GROCERY,PRODUCE,1440,0.00574,0.196,0.094,3.23,1188,1.21
BUTTER,FRZN VEGETABLE/VEG DSH,GROCERY,GROCERY,809,0.00322,0.164,0.064,3.22,669,1.21
REFRGRATD DOUGH PRODUCTS,REFRGRATD JUICES/DRNKS,GROCERY,GROCERY,3793,0.01511,0.269,0.146,2.60,3139,1.21
FRZN VEGETABLE/VEG DSH,MARGARINES,GROCERY,GROCERY,2126,0.00847,0.167,0.157,3.09,1761,1.21
FROZEN BREAD/DOUGH,PWDR/CRYSTL DRNK MX,GROCERY,GROCERY,519,0.00207,0.072,0.098,3.40,430,1.21
FRUIT - SHELF STABLE,GRAPES,GROCERY,PRODUCE,1891,0.00754,0.142,0.187,3.53,1557,1.21
PREPAID WIRELESS&ACCESSORIES,SOFT DRINKS,DRUG GM,GROCERY,322,0.00128,0.307,0.005,1.08,266,1.21
BABY HBC,WATER - CARBONATED/FLVRD DRINK,DRUG GM,GROCERY,559,0.00223,0.141,0.031,1.96,462,1.21
ONIONS,PEARS,PRODUCE,PRODUCE,411,0.00164,0.026,0.208,3.36,340,1.21
BUTTER,COFFEE,GROCERY,GROCERY,651,0.00259,0.132,0.057,2.88,540,1.21
FRUIT - SHELF STABLE,MOLASSES/SYRUP/PANCAKE MIXS,GROCERY,GROCERY,940,0.00375,0.071,0.208,3.93,776,1.21
ORAL HYGIENE PRODUCTS,PAPER HOUSEWARES,DRUG GM,GROCERY,598,0.00238,0.077,0.078,2.51,493,1.21
CAT FOOD,SEAFOOD - SHELF STABLE,GROCERY,GROCERY,509,0.00203,0.078,0.065,2.47,421,1.21
COCOA MIXES,DISHWASH DETERGENTS,GROCERY,GROCERY,306,0.00122,0.080,0.049,3.23,253,1.21
ORGANICS FRUIT & VEGETABLES,POTATOES,PRODUCE,PRODUCE,1060,0.00422,0.200,0.069,3.29,876,1.21
DRY NOODLES/PASTA,SHORTENING/OIL,GROCERY,GROCERY,1603,0.00639,0.114,0.194,3.47,1321,1.21
CORN,HOT DOGS,PRODUCE,MEAT-PCKGD,349,0.00139,0.127,0.032,2.93,289,1.21
EGGS,REFRGRATD JUICES/DRNKS,GROCERY,GROCERY,7222,0.02878,0.259,0.279,2.51,5981,1.21
BAG SNACKS,HOT DOGS,GROCERY,MEAT-PCKGD,4523,0.01802,0.108,0.414,2.48,3745,1.21
PORK,SEAFOOD-FRESH,MEAT,SEAFOOD,508,0.00202,0.041,0.138,2.81,418,1.21
BEERS/ALES,MUSHROOMS,GROCERY,PRODUCE,520,0.00207,0.034,0.110,1.78,428,1.21
COOKIES/CONES,MOLASSES/SYRUP/PANCAKE MIXS,GROCERY,GROCERY,991,0.00395,0.058,0.220,3.22,816,1.21
COOKIES/CONES,MEAT - SHELF STABLE,GROCERY,GROCERY,2908,0.01159,0.170,0.211,3.09,2397,1.21
PEARS,SALAD MIX,PRODUCE,PRODUCE,407,0.00162,0.206,0.026,3.33,337,1.21
SALAD MIX,STONE FRUIT,PRODUCE,PRODUCE,979,0.00390,0.063,0.179,2.89,815,1.20
VALUE ADDED FRUIT,WATER - CARBONATED/FLVRD DRINK,PRODUCE,GROCERY,910,0.00363,0.156,0.051,2.17,758,1.20
CHICKEN,DINNER SAUSAGE,MEAT,MEAT-PCKGD,1757,0.00700,0.117,0.178,2.97,1460,1.20
BEANS - CANNED GLASS & MW,SUGARS/SWEETNERS,GROCERY,GROCERY,1246,0.00496,0.131,0.121,3.20,1038,1.20
DOMESTIC WINE,ONIONS,GROCERY,PRODUCE,540,0.00215,0.119,0.035,1.92,450,1.20
BAKED BREAD/BUNS/ROLLS,LUNCHMEAT,GROCERY,MEAT-PCKGD,13615,0.05425,0.226,0.575,2.39,11368,1.20
BATH TISSUES,COFFEE,GROCERY,GROCERY,1568,0.00625,0.115,0.137,2.52,1308,1.20
REFRGRATD JUICES/DRNKS,YOGURT,GROCERY,GROCERY,4651,0.01853,0.179,0.264,2.56,3889,1.20
FRZN VEGETABLE/VEG DSH,SMOKED MEATS,GROCERY,MEAT,582,0.00232,0.046,0.149,2.93,487,1.20
CONVENIENT BRKFST/WHLSM SNACKS,DEODORANTS,GROCERY,DRUG GM,647,0.00258,0.046,0.152,2.73,538,1.20
COCOA MIXES,MEAT - MISC,GROCERY,MEAT-PCKGD,437,0.00174,0.114,0.052,3.41,363,1.20
HISPANIC,SPICES & EXTRACTS,GROCERY,GROCERY,1659,0.00661,0.116,0.175,3.09,1388,1.20
BABY FOODS,FROZEN PIZZA,DRUG GM,GROCERY,792,0.00316,0.187,0.034,2.03,661,1.20
SALD DRSNG/SNDWCH SPRD,SEAFOOD - FROZEN,GROCERY,SEAFOOD-PCKGD,1539,0.00613,0.092,0.205,3.07,1277,1.20
DINNER MXS:DRY,HISPANIC,GROCERY,GROCERY,2671,0.01064,0.201,0.187,3.54,2228,1.20
DRY NOODLES/PASTA,FROZEN MEAT,GROCERY,MEAT-PCKGD,1633,0.00651,0.117,0.199,3.56,1362,1.20
FLOUR & MEALS,PEPPERS-ALL,GROCERY,PRODUCE,325,0.00130,0.104,0.040,3.17,271,1.20
CONVENIENT BRKFST/WHLSM SNACKS,DRY MIX DESSERTS,GROCERY,GROCERY,1016,0.00405,0.073,0.187,3.35,849,1.20
DINNER MXS:DRY,LUNCHMEAT,GROCERY,MEAT-PCKGD,3879,0.01546,0.292,0.164,3.09,3233,1.20
FACIAL TISS/DNR NAPKIN,ISOTONIC DRINKS,GROCERY,GROCERY,388,0.00155,0.057,0.073,2.66,322,1.20
CANNED JUICES,DRY MIX DESSERTS,GROCERY,GROCERY,1275,0.00508,0.063,0.234,2.91,1063,1.20
CARROTS,STONE FRUIT,PRODUCE,PRODUCE,576,0.00230,0.069,0.105,3.14,479,1.20
LAUNDRY DETERGENTS,WATER - CARBONATED/FLVRD DRINK,GROCERY,GROCERY,1312,0.00523,0.155,0.073,2.17,1093,1.20
HAND/BODY/FACIAL PRODUCTS,WATER - CARBONATED/FLVRD DRINK,DRUG GM,GROCERY,422,0.00168,0.148,0.023,2.07,352,1.20
BREAKFAST SAUSAGE/SANDWICHES,PASTA SAUCE,MEAT-PCKGD,GROCERY,1770,0.00705,0.161,0.151,3.45,1474,1.20
FRUIT - SHELF STABLE,SUGARS/SWEETNERS,GROCERY,GROCERY,1790,0.00713,0.135,0.174,3.29,1497,1.20
BATH TISSUES,STATIONERY & SCHOOL SUPPLIES,GROCERY,DRUG GM,471,0.00188,0.035,0.102,1.87,392,1.20
POTATOES,VEGETABLES SALAD,PRODUCE,PRODUCE,2005,0.00799,0.131,0.187,3.07,1676,1.20
DRY BN/VEG/POTATO/RICE,MISC. DAIRY,GROCERY,GROCERY,1399,0.00557,0.105,0.191,3.61,1167,1.20
CANDY - CHECKLANE,FEMININE HYGIENE,DRUG GM,DRUG GM,518,0.00206,0.022,0.121,1.30,431,1.20
HEAT/SERVE,SEAFOOD - SHELF STABLE,MEAT-PCKGD,GROCERY,555,0.00221,0.105,0.070,3.35,462,1.20
CHEESE,LUNCHMEAT,GROCERY,MEAT-PCKGD,11420,0.04551,0.244,0.482,2.58,9513,1.20
NUTS,TOMATOES,PRODUCE,PRODUCE,346,0.00138,0.188,0.023,3.10,289,1.20
CITRUS,TEAS,PRODUCE,GROCERY,425,0.00169,0.042,0.122,3.03,355,1.20
CRACKERS/MISC BKD FD,HOT CEREAL,GROCERY,GROCERY,1652,0.00658,0.073,0.295,3.26,1375,1.20
CHICKEN,SPICES & EXTRACTS,MEAT,GROCERY,1699,0.00677,0.113,0.180,3.00,1418,1.20
CHEESE,REFRGRATD DOUGH PRODUCTS,GROCERY,GROCERY,7349,0.02928,0.157,0.521,2.79,6121,1.20
DRY NOODLES/PASTA,OLIVES,GROCERY,GROCERY,556,0.00222,0.040,0.211,3.77,462,1.20
BREAKFAST SAUSAGE/SANDWICHES,COCOA MIXES,MEAT-PCKGD,GROCERY,554,0.00221,0.050,0.145,3.32,460,1.20
HERBS,SEAFOOD - FROZEN,PRODUCE,SEAFOOD-PCKGD,300,0.00120,0.092,0.040,3.07,250,1.20
CHICKEN,VALUE ADDED VEGETABLES,MEAT,PRODUCE,392,0.00156,0.026,0.187,3.12,328,1.20
DINNER SAUSAGE,MEAT - SHELF STABLE,MEAT-PCKGD,GROCERY,1740,0.00693,0.176,0.126,3.21,1450,1.20
CANDY - PACKAGED,CONVENIENT BRKFST/WHLSM SNACKS,DRUG GM,GROCERY,2557,0.01019,0.119,0.183,2.13,2123,1.20
EGGS,SMOKED MEATS,GROCERY,MEAT,1223,0.00487,0.044,0.312,2.81,1016,1.20
CORN,TROPICAL FRUIT,PRODUCE,PRODUCE,956,0.00381,0.349,0.029,2.70,797,1.20
DRY NOODLES/PASTA,PWDR/CRYSTL DRNK MX,GROCERY,GROCERY,1044,0.00416,0.074,0.196,3.51,868,1.20
FRUIT - SHELF STABLE,SMOKED MEATS,GROCERY,MEAT,677,0.00270,0.051,0.173,3.26,566,1.20
COCOA MIXES,MARGARINES,GROCERY,GROCERY,678,0.00270,0.177,0.050,3.29,564,1.20
DRY SAUCES/GRAVY,PEPPERS-ALL,GROCERY,PRODUCE,740,0.00295,0.114,0.090,3.48,615,1.20
CONVENIENT BRKFST/WHLSM SNACKS,PAPER HOUSEWARES,GROCERY,GROCERY,1309,0.00522,0.094,0.170,3.06,1091,1.20
VALUE ADDED FRUIT,YOGURT,PRODUCE,GROCERY,1151,0.00459,0.197,0.065,2.81,956,1.20
FRUIT - SHELF STABLE,TEAS,GROCERY,GROCERY,654,0.00261,0.049,0.188,3.54,544,1.20
PICKLE/RELISH/PKLD VEG,SMOKED MEATS,GROCERY,MEAT,309,0.00123,0.050,0.079,3.21,257,1.20
BAG SNACKS,MISCELLANEOUS,GROCERY,MEAT-PCKGD,940,0.00375,0.022,0.427,2.55,781,1.20
FROZEN BREAD/DOUGH,SALAD MIX,GROCERY,PRODUCE,1426,0.00568,0.198,0.092,3.21,1185,1.20
BEEF,ONIONS,MEAT,PRODUCE,6398,0.02549,0.174,0.411,2.81,5350,1.20
CONVENIENT BRKFST/WHLSM SNACKS,FRZN NOVELTIES/WTR ICE,GROCERY,GROCERY,1554,0.00619,0.111,0.150,2.69,1294,1.20
RICE CAKES,TROPICAL FRUIT,NUTRITION,PRODUCE,457,0.00182,0.366,0.014,2.83,380,1.20
BEANS - CANNED GLASS & MW,MOLASSES/SYRUP/PANCAKE MIXS,GROCERY,GROCERY,641,0.00255,0.068,0.142,3.76,535,1.20
TOMATOES,VALUE ADDED FRUIT,PRODUCE,PRODUCE,997,0.00397,0.065,0.171,2.80,829,1.20
APPLES,TOMATOES,PRODUCE,PRODUCE,2509,0.01000,0.190,0.164,3.12,2087,1.20
BEANS - CANNED GLASS & MW,PNT BTR/JELLY/JAMS,GROCERY,GROCERY,1375,0.00548,0.145,0.133,3.51,1143,1.20
APPLES,VEGETABLES SALAD,PRODUCE,PRODUCE,1749,0.00697,0.132,0.163,3.10,1453,1.20
FD WRAPS/BAGS/TRSH BG,MAKEUP AND TREATMENT,GROCERY,COSMETICS,385,0.00153,0.034,0.098,2.19,322,1.20
GRAPES,HERBS,PRODUCE,PRODUCE,415,0.00165,0.041,0.127,3.16,346,1.20
DEODORANTS,PAPER HOUSEWARES,DRUG GM,GROCERY,317,0.00126,0.075,0.041,2.44,263,1.20
FROZEN PIZZA,HOT DOGS,GROCERY,MEAT-PCKGD,2738,0.01091,0.118,0.251,2.72,2276,1.20
DISHWASH DETERGENTS,MOLASSES/SYRUP/PANCAKE MIXS,GROCERY,GROCERY,374,0.00149,0.060,0.083,3.34,311,1.20
BAKED SWEET GOODS,CANDY - CHECKLANE,GROCERY,DRUG GM,2509,0.01000,0.134,0.108,1.45,2086,1.20
BAKED SWEET GOODS,CANDY - PACKAGED,GROCERY,DRUG GM,3025,0.01205,0.162,0.141,1.89,2517,1.20
BAKED SWEET GOODS,CANNED JUICES,GROCERY,GROCERY,3760,0.01498,0.201,0.186,2.51,3124,1.20
BACON,BUTTER,MEAT-PCKGD,GROCERY,717,0.00286,0.066,0.145,3.35,601,1.19
TROPICAL FRUIT,VITAMINS,PRODUCE,DRUG GM,583,0.00232,0.018,0.293,2.26,491,1.19
FROZEN PIE/DESSERTS,REFRGRATD DOUGH PRODUCTS,GROCERY,GROCERY,949,0.00378,0.148,0.067,2.63,797,1.19
NUTS,TROPICAL FRUIT,PRODUCE,PRODUCE,684,0.00273,0.373,0.021,2.88,576,1.19
FROZEN PIE/DESSERTS,PROCESSED,GROCERY,PRODUCE,325,0.00130,0.051,0.069,2.70,274,1.19
FRZN NOVELTIES/WTR ICE,HOT DOGS,GROCERY,MEAT-PCKGD,1151,0.00459,0.111,0.105,2.56,965,1.19
BAKED BREAD/BUNS/ROLLS,BAKED SWEET GOODS,GROCERY,GROCERY,10278,0.04095,0.171,0.550,2.29,8627,1.19
BAKING MIXES,GREETING CARDS/WRAP/PARTY SPLY,GROCERY,DRUG GM,616,0.00245,0.055,0.081,1.81,516,1.19
HISPANIC,MEAT - SHELF STABLE,GROCERY,GROCERY,2577,0.01027,0.181,0.187,3.29,2172,1.19
PORK,PWDR/CRYSTL DRNK MX,MEAT,GROCERY,860,0.00343,0.070,0.162,3.28,724,1.19
ONIONS,PICKLE/RELISH/PKLD VEG,PRODUCE,GROCERY,1281,0.00510,0.082,0.208,3.36,1079,1.19
ONIONS,REFRIGERATED,PRODUCE,NUTRITION,809,0.00322,0.052,0.157,2.53,680,1.19
CHEESE,OLIVES,GROCERY,GROCERY,1513,0.00603,0.032,0.573,3.07,1269,1.19
HOT DOGS,PAPER HOUSEWARES,MEAT-PCKGD,GROCERY,960,0.00383,0.088,0.125,2.87,803,1.19
FROZEN PIZZA,HEAT/SERVE,GROCERY,MEAT-PCKGD,1269,0.00506,0.055,0.240,2.61,1068,1.19
DRIED FRUIT,FRZN VEGETABLE/VEG DSH,NUTRITION,GROCERY,507,0.00202,0.168,0.040,3.32,425,1.19
PORK,SPICES & EXTRACTS,MEAT,GROCERY,1453,0.00579,0.117,0.154,3.12,1223,1.19
BAG SNACKS,COOKIES/CONES,GROCERY,GROCERY,6594,0.02628,0.157,0.386,2.30,5531,1.19
CITRUS,POTATOES,PRODUCE,PRODUCE,1870,0.00745,0.185,0.122,3.04,1576,1.19
STONE FRUIT,WATER - CARBONATED/FLVRD DRINK,PRODUCE,GROCERY,860,0.00343,0.157,0.048,2.19,720,1.19
CARROTS,MILK BY-PRODUCTS,PRODUCE,GROCERY,2128,0.00848,0.253,0.108,3.23,1792,1.19
DIAPERS & DISPOSABLES,HOT DOGS,DRUG GM,MEAT-PCKGD,394,0.00157,0.086,0.036,1.98,332,1.19
ISOTONIC DRINKS,MISC. DAIRY,GROCERY,GROCERY,430,0.00171,0.080,0.059,2.75,362,1.19
FRZN BREAKFAST FOODS,YOGURT,GROCERY,GROCERY,1619,0.00645,0.222,0.092,3.16,1356,1.19
DRY SAUCES/GRAVY,HISPANIC,GROCERY,GROCERY,1206,0.00481,0.186,0.085,3.27,1016,1.19
HERBS,TROPICAL FRUIT,PRODUCE,PRODUCE,1210,0.00482,0.371,0.037,2.87,1013,1.19
FRZN VEGETABLE/VEG DSH,SPICES & EXTRACTS,GROCERY,GROCERY,1456,0.00580,0.114,0.154,3.03,1224,1.19
DRY MIX DESSERTS,DRY SAUCES/GRAVY,GROCERY,GROCERY,468,0.00186,0.086,0.072,3.32,392,1.19
PNT BTR/JELLY/JAMS,SOUP,GROCERY,GROCERY,3117,0.01242,0.301,0.132,3.20,2629,1.19
DRY BN/VEG/POTATO/RICE,SUGARS/SWEETNERS,GROCERY,GROCERY,1736,0.00692,0.131,0.169,3.19,1456,1.19
DRIED FRUIT,HISPANIC,NUTRITION,GROCERY,575,0.00229,0.191,0.040,3.36,483,1.19
FLUID MILK PRODUCTS,REFRGRATD JUICES/DRNKS,GROCERY,GROCERY,14752,0.05878,0.213,0.569,2.06,12389,1.19
CANDY - PACKAGED,POPCORN,DRUG GM,PRODUCE,681,0.00271,0.032,0.173,2.02,572,1.19
BREAD,PASTA SAUCE,PASTRY,GROCERY,1008,0.00402,0.127,0.086,2.71,848,1.19
CANNED JUICES,MEAT - SHELF STABLE,GROCERY,GROCERY,3347,0.01334,0.166,0.243,3.02,2813,1.19
CHEESE,FROZEN BREAD/DOUGH,GROCERY,GROCERY,3852,0.01535,0.082,0.536,2.87,3225,1.19
CHEESE,PASTA SAUCE,GROCERY,GROCERY,6621,0.02638,0.141,0.565,3.03,5584,1.19
BAKING NEEDS,MARGARINES,GROCERY,GROCERY,1571,0.00626,0.151,0.116,2.80,1320,1.19
APPLES,FRUIT - SHELF STABLE,PRODUCE,GROCERY,2487,0.00991,0.188,0.187,3.55,2082,1.19
BAKED SWEET GOODS,REFRGRATD DOUGH PRODUCTS,GROCERY,GROCERY,2764,0.01101,0.148,0.196,2.63,2329,1.19
MISCELLANEOUS,ONIONS,MEAT-PCKGD,PRODUCE,443,0.00177,0.201,0.028,3.25,372,1.19
DINNER MXS:DRY,HEAT/SERVE,GROCERY,MEAT-PCKGD,934,0.00372,0.070,0.177,3.34,785,1.19
CRACKERS/MISC BKD FD,DINNER MXS:DRY,GROCERY,GROCERY,4214,0.01679,0.186,0.317,3.50,3531,1.19
COFFEE,TURKEY,GROCERY,MEAT,347,0.00138,0.030,0.124,2.72,292,1.19
CITRUS,HISPANIC,PRODUCE,GROCERY,1713,0.00683,0.169,0.120,2.98,1441,1.19
CONDIMENTS/SAUCES,CORN,GROCERY,PRODUCE,557,0.00222,0.031,0.203,2.86,469,1.19
EGGS,FLUID MILK PRODUCTS,GROCERY,GROCERY,17254,0.06875,0.619,0.249,2.25,14479,1.19
FRZN BREAKFAST FOODS,MEAT - MISC,GROCERY,MEAT-PCKGD,810,0.00323,0.111,0.096,3.31,682,1.19
BAKED SWEET GOODS,BREAKFAST SAUSAGE/SANDWICHES,GROCERY,MEAT-PCKGD,2180,0.00869,0.117,0.199,2.67,1835,1.19
REFRGRATD DOUGH PRODUCTS,SMOKED MEATS,GROCERY,MEAT,640,0.00255,0.045,0.163,2.90,538,1.19
CONVENIENT BRKFST/WHLSM SNACKS,SNACK NUTS,GROCERY,GROCERY,772,0.00308,0.055,0.165,2.96,651,1.19
FRZN JCE CONC/DRNKS,HISPANIC,GROCERY,GROCERY,311,0.00124,0.164,0.022,2.89,261,1.19
DRY NOODLES/PASTA,FRZN VEGETABLE/VEG DSH,GROCERY,GROCERY,2335,0.00930,0.167,0.183,3.28,1965,1.19
HOT DOGS,WAREHOUSE SNACKS,MEAT-PCKGD,GROCERY,742,0.00296,0.068,0.113,2.61,624,1.19
BACON,PWDR/CRYSTL DRNK MX,MEAT-PCKGD,GROCERY,772,0.00308,0.071,0.145,3.35,649,1.19
COCOA MIXES,DRY BN/VEG/POTATO/RICE,GROCERY,GROCERY,727,0.00290,0.190,0.055,3.60,609,1.19
BAKED SWEET GOODS,SOFT DRINKS,GROCERY,GROCERY,8983,0.03579,0.481,0.126,1.69,7555,1.19
BACON,LUNCHMEAT,MEAT-PCKGD,MEAT-PCKGD,2946,0.01174,0.271,0.124,2.87,2482,1.19
BREAD,YOGURT,PASTRY,GROCERY,1389,0.00553,0.175,0.079,2.49,1165,1.19
HOT CEREAL,MEAT - SHELF STABLE,GROCERY,GROCERY,1054,0.00420,0.188,0.076,3.42,889,1.19
DRY SAUCES/GRAVY,PICKLE/RELISH/PKLD VEG,GROCERY,GROCERY,566,0.00226,0.087,0.092,3.56,478,1.19
CHICKEN,CONDIMENTS/SAUCES,MEAT,GROCERY,3203,0.01276,0.213,0.179,2.99,2681,1.19
COOKIES/CONES,DINNER MXS:DRY,GROCERY,GROCERY,2902,0.01156,0.170,0.218,3.20,2447,1.19
CITRUS,SEAFOOD - FROZEN,PRODUCE,SEAFOOD-PCKGD,888,0.00354,0.088,0.118,2.93,744,1.19
BUTTER,FACIAL TISS/DNR NAPKIN,GROCERY,GROCERY,435,0.00173,0.088,0.063,3.22,365,1.19
MILK BY-PRODUCTS,SALAD MIX,GROCERY,PRODUCE,3627,0.01445,0.184,0.234,2.98,3038,1.19
BAKING MIXES,TURKEY,GROCERY,MEAT,367,0.00146,0.033,0.132,2.93,309,1.19
COFFEE,SNACK NUTS,GROCERY,GROCERY,539,0.00215,0.047,0.115,2.52,454,1.19
COFFEE,OLIVES,GROCERY,GROCERY,368,0.00147,0.032,0.139,3.05,308,1.19
BEEF,SMOKED MEATS,MEAT,MEAT,1532,0.00610,0.042,0.391,2.67,1284,1.19
BUTTER,DISHWASH DETERGENTS,GROCERY,GROCERY,378,0.00151,0.076,0.061,3.08,318,1.19
HEAT/SERVE,LUNCHMEAT,MEAT-PCKGD,MEAT-PCKGD,1337,0.00533,0.253,0.056,2.68,1125,1.19
FRUIT - SHELF STABLE,YOGURT,GROCERY,GROCERY,3132,0.01248,0.236,0.178,3.36,2629,1.19
FRUIT - SHELF STABLE,ISOTONIC DRINKS,GROCERY,GROCERY,817,0.00326,0.061,0.153,2.89,685,1.19
PICKLE/RELISH/PKLD VEG,SUGARS/SWEETNERS,GROCERY,GROCERY,809,0.00322,0.131,0.079,3.21,679,1.19
CRACKERS/MISC BKD FD,POPCORN,GROCERY,PRODUCE,1088,0.00434,0.048,0.277,3.06,912,1.19
SEAFOOD-FRESH,TOMATOES,SEAFOOD,PRODUCE,598,0.00238,0.163,0.039,2.68,501,1.19
APPLES,POPCORN,PRODUCE,PRODUCE,647,0.00258,0.049,0.165,3.13,544,1.19
BAKING MIXES,CONDIMENTS/SAUCES,GROCERY,GROCERY,2368,0.00944,0.210,0.133,2.95,1989,1.19
SALAD MIX,SQUASH,PRODUCE,PRODUCE,431,0.00172,0.028,0.212,3.44,361,1.19
HOUSEHOLD CLEANG NEEDS,MAGAZINE,GROCERY,DRUG GM,396,0.00158,0.054,0.055,1.86,333,1.19
DRY BN/VEG/POTATO/RICE,MARGARINES,GROCERY,GROCERY,2384,0.00950,0.180,0.176,3.33,1999,1.19
CONDIMENTS/SAUCES,PNT BTR/JELLY/JAMS,GROCERY,GROCERY,2341,0.00933,0.131,0.226,3.17,1968,1.19
BREAKFAST SAUSAGE/SANDWICHES,FROZEN PIZZA,MEAT-PCKGD,GROCERY,2739,0.01091,0.250,0.118,2.71,2298,1.19
REFRIGERATED,SALAD MIX,NUTRITION,PRODUCE,799,0.00318,0.155,0.051,2.50,674,1.19
HOT CEREAL,TROPICAL FRUIT,GROCERY,PRODUCE,2112,0.00842,0.377,0.065,2.91,1786,1.18
HISPANIC,SHORTENING/OIL,GROCERY,GROCERY,1480,0.00590,0.104,0.179,3.15,1253,1.18
BAKING NEEDS,HOT CEREAL,GROCERY,GROCERY,674,0.00269,0.065,0.120,2.90,570,1.18
BAKING NEEDS,EGGS,GROCERY,GROCERY,3041,0.01212,0.293,0.109,2.64,2579,1.18
DRIED FRUIT,SEAFOOD - SHELF STABLE,NUTRITION,GROCERY,355,0.00141,0.118,0.045,3.75,300,1.18
DISHWASH DETERGENTS,GREETING CARDS/WRAP/PARTY SPLY,GROCERY,DRUG GM,335,0.00133,0.054,0.044,1.78,285,1.18
HISPANIC,MOLASSES/SYRUP/PANCAKE MIXS,GROCERY,GROCERY,876,0.00349,0.061,0.194,3.42,742,1.18
BAKING NEEDS,BREAD,GROCERY,PASTRY,764,0.00304,0.074,0.096,2.32,647,1.18
BAKING MIXES,VEGETABLES - SHELF STABLE,GROCERY,GROCERY,3124,0.01245,0.277,0.138,3.08,2658,1.18
DINNER SAUSAGE,MELONS,MEAT-PCKGD,PRODUCE,493,0.00196,0.050,0.114,2.90,416,1.18
BATH TISSUES,MAKEUP AND TREATMENT,GROCERY,COSMETICS,440,0.00175,0.032,0.112,2.07,372,1.18
DINNER MXS:DRY,SPICES & EXTRACTS,GROCERY,GROCERY,1706,0.00680,0.128,0.180,3.40,1451,1.18
BAKING MIXES,FRZN POTATOES,GROCERY,GROCERY,1054,0.00420,0.093,0.130,2.89,895,1.18
FLOUR & MEALS,VEGETABLES - SHELF STABLE,GROCERY,GROCERY,878,0.00350,0.280,0.039,3.11,742,1.18
DRY BN/VEG/POTATO/RICE,HOT DOGS,GROCERY,MEAT-PCKGD,1901,0.00757,0.143,0.174,3.29,1615,1.18
BAKING MIXES,BEANS - CANNED GLASS & MW,GROCERY,GROCERY,1361,0.00542,0.121,0.143,3.19,1149,1.18
CANNED JUICES,DRIED FRUIT,GROCERY,NUTRITION,738,0.00294,0.037,0.245,3.05,625,1.18
BAKED SWEET GOODS,MOLASSES/SYRUP/PANCAKE MIXS,GROCERY,GROCERY,961,0.00383,0.051,0.213,2.86,817,1.18
MARGARINES,PICKLE/RELISH/PKLD VEG,GROCERY,GROCERY,1102,0.00439,0.081,0.179,3.32,934,1.18
MARGARINES,PNT BTR/JELLY/JAMS,GROCERY,GROCERY,1768,0.00704,0.131,0.171,3.16,1496,1.18
BAKED SWEET GOODS,MEAT - MISC,GROCERY,MEAT-PCKGD,1689,0.00673,0.090,0.201,2.69,1432,1.18
DINNER MXS:DRY,DINNER SAUSAGE,GROCERY,MEAT-PCKGD,1743,0.00695,0.131,0.177,3.33,1481,1.18
BAKED SWEET GOODS,FRZN MEAT/MEAT DINNERS,GROCERY,GROCERY,3887,0.01549,0.208,0.171,2.30,3292,1.18
BAKED SWEET GOODS,FROZEN BREAD/DOUGH,GROCERY,GROCERY,1451,0.00578,0.078,0.202,2.71,1230,1.18
GRAPES,WATER - CARBONATED/FLVRD DRINK,PRODUCE,GROCERY,1659,0.00661,0.164,0.092,2.29,1411,1.18
DIAPERS & DISPOSABLES,YOGURT,DRUG GM,GROCERY,622,0.00248,0.136,0.035,1.94,527,1.18
BEANS - CANNED GLASS & MW,FROZEN BREAD/DOUGH,GROCERY,GROCERY,940,0.00375,0.099,0.131,3.46,796,1.18
CAKES,CHEESES,PASTRY,DELI,333,0.00133,0.075,0.029,1.67,282,1.18
BREAD,SALAD MIX,PASTRY,PRODUCE,1231,0.00491,0.155,0.079,2.50,1044,1.18
DELI MEATS,VEGETABLES SALAD,DELI,PRODUCE,2031,0.00809,0.119,0.190,2.78,1720,1.18
DELI MEATS,STONE FRUIT,DELI,PRODUCE,997,0.00397,0.058,0.182,2.67,847,1.18
CARROTS,DRY SAUCES/GRAVY,PRODUCE,GROCERY,768,0.00306,0.091,0.118,3.54,651,1.18
MISC. DAIRY,VEGETABLES SALAD,GROCERY,PRODUCE,974,0.00388,0.133,0.091,3.11,827,1.18
CRACKERS/MISC BKD FD,SNACK NUTS,GROCERY,GROCERY,1181,0.00471,0.052,0.253,2.79,1001,1.18
MISCELLANEOUS,TOMATOES,MEAT-PCKGD,PRODUCE,419,0.00167,0.190,0.027,3.13,354,1.18
CARROTS,SEAFOOD-FRESH,PRODUCE,SEAFOOD,357,0.00142,0.043,0.097,2.90,302,1.18
CARROTS,TEAS,PRODUCE,GROCERY,395,0.00157,0.047,0.113,3.39,336,1.18
MOLASSES/SYRUP/PANCAKE MIXS,SOUP,GROCERY,GROCERY,1439,0.00573,0.319,0.061,3.40,1224,1.18
BEEF,DRY BN/VEG/POTATO/RICE,MEAT,GROCERY,5709,0.02275,0.156,0.431,2.94,4837,1.18
MUSHROOMS,STONE FRUIT,PRODUCE,PRODUCE,308,0.00123,0.065,0.056,2.98,262,1.18
DRY NOODLES/PASTA,MEAT - MISC,GROCERY,MEAT-PCKGD,1591,0.00634,0.114,0.189,3.38,1349,1.18
FRZN POTATOES,MARGARINES,GROCERY,GROCERY,1306,0.00520,0.161,0.096,2.98,1111,1.18
CRACKERS/MISC BKD FD,FRUIT - SHELF STABLE,GROCERY,GROCERY,4109,0.01637,0.181,0.309,3.42,3483,1.18
BROOMS AND MOPS,WATER - CARBONATED/FLVRD DRINK,DRUG GM,GROCERY,472,0.00188,0.155,0.026,2.17,400,1.18
ORAL HYGIENE PRODUCTS,WATER - CARBONATED/FLVRD DRINK,DRUG GM,GROCERY,1118,0.00445,0.143,0.062,2.00,950,1.18
BEEF,MEAT - SHELF STABLE,MEAT,GROCERY,5854,0.02333,0.160,0.424,2.90,4941,1.18
BAG SNACKS,MEAT - SHELF STABLE,GROCERY,GROCERY,5811,0.02316,0.138,0.421,2.52,4925,1.18
PASTA SAUCE,SHORTENING/OIL,GROCERY,GROCERY,1345,0.00536,0.115,0.163,3.49,1140,1.18
PASTA SAUCE,SOUP,GROCERY,GROCERY,3759,0.01498,0.321,0.159,3.41,3182,1.18
BAG SNACKS,BEERS/ALES,GROCERY,GROCERY,4014,0.01599,0.096,0.259,1.55,3407,1.18
CONVENIENT BRKFST/WHLSM SNACKS,PAPER TOWELS,GROCERY,GROCERY,1811,0.00722,0.129,0.178,3.20,1528,1.18
FRZN BREAKFAST FOODS,SEAFOOD - FROZEN,GROCERY,SEAFOOD-PCKGD,688,0.00274,0.094,0.092,3.15,582,1.18
PICKLE/RELISH/PKLD VEG,VEGETABLES - ALL OTHERS,GROCERY,PRODUCE,1322,0.00527,0.215,0.081,3.30,1123,1.18
CONVENIENT BRKFST/WHLSM SNACKS,MISC. DAIRY,GROCERY,GROCERY,1422,0.00567,0.102,0.194,3.48,1201,1.18
PLASTIC HOUSEWARES,SALD DRSNG/SNDWCH SPRD,DRUG GM,GROCERY,413,0.00165,0.189,0.025,2.83,350,1.18
CONVENIENT BRKFST/WHLSM SNACKS,HAIR CARE PRODUCTS,GROCERY,DRUG GM,1210,0.00482,0.087,0.153,2.74,1026,1.18
TROPICAL FRUIT,VEGETABLES - ALL OTHERS,PRODUCE,PRODUCE,5899,0.02351,0.182,0.361,2.79,5016,1.18
CONVENIENT BRKFST/WHLSM SNACKS,FROZEN BREAD/DOUGH,GROCERY,GROCERY,1355,0.00540,0.097,0.188,3.38,1152,1.18
POPCORN,SEAFOOD - SHELF STABLE,PRODUCE,GROCERY,420,0.00167,0.107,0.053,3.40,355,1.18
CHEESE,MISC. DAIRY,GROCERY,GROCERY,3967,0.01581,0.085,0.541,2.90,3367,1.18
CONVENIENT BRKFST/WHLSM SNACKS,DOG FOODS,GROCERY,GROCERY,965,0.00385,0.069,0.136,2.44,821,1.18
FRUIT - SHELF STABLE,OLIVES,GROCERY,GROCERY,539,0.00215,0.041,0.204,3.85,455,1.18
CONDIMENTS/SAUCES,SEAFOOD - FROZEN,GROCERY,SEAFOOD-PCKGD,1601,0.00638,0.090,0.213,2.99,1353,1.18
CONDIMENTS/SAUCES,MARGARINES,GROCERY,GROCERY,2908,0.01159,0.163,0.215,3.02,2471,1.18
BABY FOODS,WATER - CARBONATED/FLVRD DRINK,DRUG GM,GROCERY,539,0.00215,0.127,0.030,1.78,455,1.18
BABY FOODS,COOKIES/CONES,DRUG GM,GROCERY,604,0.00241,0.143,0.035,2.10,512,1.18
APPLES,VALUE ADDED VEGETABLES,PRODUCE,PRODUCE,359,0.00143,0.027,0.171,3.25,305,1.18
FROZEN PIE/DESSERTS,VEGETABLES - ALL OTHERS,GROCERY,PRODUCE,1100,0.00438,0.171,0.067,2.63,929,1.18
APPLES,SNACK NUTS,PRODUCE,GROCERY,703,0.00280,0.053,0.150,2.86,596,1.18
CHEESES,STONE FRUIT,DELI,PRODUCE,693,0.00276,0.061,0.126,2.80,586,1.18
COLD CEREAL,DINNER MXS:DRY,GROCERY,GROCERY,4454,0.01775,0.177,0.335,3.34,3775,1.18
APPLES,MISC. DAIRY,PRODUCE,GROCERY,1293,0.00515,0.098,0.176,3.35,1093,1.18
SALADS/DIPS,STONE FRUIT,DELI,PRODUCE,308,0.00123,0.051,0.056,2.34,261,1.18
COLD AND FLU,SOUP,DRUG GM,GROCERY,753,0.00300,0.154,0.032,1.64,640,1.18
COLD AND FLU,PAPER TOWELS,DRUG GM,GROCERY,324,0.00129,0.066,0.032,1.64,274,1.18
COFFEE,STATIONERY & SCHOOL SUPPLIES,GROCERY,DRUG GM,387,0.00154,0.034,0.083,1.83,328,1.18
FD WRAPS/BAGS/TRSH BG,SALD DRSNG/SNDWCH SPRD,GROCERY,GROCERY,2195,0.00875,0.195,0.131,2.93,1867,1.18
BLEACH,COFFEE,GROCERY,GROCERY,398,0.00159,0.112,0.035,2.46,336,1.18
SHORTENING/OIL,TEAS,GROCERY,GROCERY,367,0.00146,0.044,0.105,3.20,310,1.18
FD WRAPS/BAGS/TRSH BG,SUGARS/SWEETNERS,GROCERY,GROCERY,1293,0.00515,0.115,0.126,2.81,1096,1.18
DRIED FRUIT,DRY BN/VEG/POTATO/RICE,NUTRITION,GROCERY,576,0.00230,0.191,0.043,3.62,488,1.18
FLOUR & MEALS,VEGETABLES - ALL OTHERS,GROCERY,PRODUCE,598,0.00238,0.191,0.037,2.93,508,1.18
FRZN VEGETABLE/VEG DSH,SALAD MIX,GROCERY,PRODUCE,2356,0.00939,0.185,0.152,2.99,2017,1.17
COOKIES/CONES,FROZEN PIZZA,GROCERY,GROCERY,3899,0.01554,0.228,0.168,2.47,3345,1.17
COLD CEREAL,PASTA SAUCE,GROCERY,GROCERY,3818,0.01521,0.152,0.326,3.25,3272,1.17
DOG FOODS,PAPER HOUSEWARES,GROCERY,GROCERY,476,0.00190,0.067,0.062,2.19,406,1.17
BREAKFAST SAUSAGE/SANDWICHES,PWDR/CRYSTL DRNK MX,MEAT-PCKGD,GROCERY,734,0.00292,0.067,0.138,3.16,629,1.17
CANNED JUICES,FROZEN MEAT,GROCERY,MEAT-PCKGD,1952,0.00778,0.097,0.238,2.96,1671,1.17
LUNCHMEAT,SEAFOOD - SHELF STABLE,MEAT-PCKGD,GROCERY,2224,0.00886,0.094,0.282,2.99,1907,1.17
LUNCHMEAT,WAREHOUSE SNACKS,MEAT-PCKGD,GROCERY,1450,0.00578,0.061,0.222,2.35,1237,1.17
CHICKEN,VEGETABLES - SHELF STABLE,MEAT,GROCERY,4193,0.01671,0.279,0.186,3.10,3582,1.17
DISHWASH DETERGENTS,SUGARS/SWEETNERS,GROCERY,GROCERY,713,0.00284,0.115,0.069,2.79,611,1.17
DRY BN/VEG/POTATO/RICE,TEAS,GROCERY,GROCERY,621,0.00247,0.047,0.178,3.37,530,1.17
BAKING NEEDS,REFRGRATD DOUGH PRODUCTS,GROCERY,GROCERY,1602,0.00638,0.154,0.113,2.74,1368,1.17
DIETARY AID PRODUCTS,YOGURT,DRUG GM,GROCERY,309,0.00123,0.173,0.018,2.47,264,1.17
BEANS - CANNED GLASS & MW,TEAS,GROCERY,GROCERY,442,0.00176,0.047,0.127,3.35,377,1.17
FRZN MEAT/MEAT DINNERS,LUNCHMEAT,GROCERY,MEAT-PCKGD,5074,0.02022,0.223,0.214,2.36,4329,1.17
MEAT - MISC,MOLASSES/SYRUP/PANCAKE MIXS,MEAT-PCKGD,GROCERY,525,0.00209,0.062,0.116,3.47,448,1.17
DRY NOODLES/PASTA,SALD DRSNG/SNDWCH SPRD,GROCERY,GROCERY,3054,0.01217,0.218,0.182,3.26,2605,1.17
CANDY - CHECKLANE,MAGAZINE,DRUG GM,DRUG GM,873,0.00348,0.038,0.121,1.30,747,1.17
REFRIGERATED,SEAFOOD - FROZEN,NUTRITION,SEAFOOD-PCKGD,375,0.00149,0.073,0.050,2.42,322,1.17
COLD CEREAL,ISOTONIC DRINKS,GROCERY,GROCERY,1339,0.00534,0.053,0.251,2.50,1147,1.17
BEANS - CANNED GLASS & MW,FLOUR & MEALS,GROCERY,GROCERY,377,0.00150,0.040,0.120,3.18,321,1.17
BEANS - CANNED GLASS & MW,PWDR/CRYSTL DRNK MX,GROCERY,GROCERY,689,0.00275,0.073,0.130,3.42,590,1.17
BEANS - CANNED GLASS & MW,FRZN POTATOES,GROCERY,GROCERY,988,0.00394,0.104,0.122,3.22,844,1.17
BEEF,HEAT/SERVE,MEAT,MEAT-PCKGD,2038,0.00812,0.056,0.386,2.64,1747,1.17
CANDY - CHECKLANE,SOFT DRINKS,DRUG GM,GROCERY,8268,0.03295,0.356,0.116,1.25,7057,1.17
FD WRAPS/BAGS/TRSH BG,OLIVES,GROCERY,GROCERY,382,0.00152,0.034,0.145,3.23,328,1.17
APPLES,TURKEY,PRODUCE,MEAT,454,0.00181,0.034,0.163,3.09,387,1.17
CITRUS,CORN,PRODUCE,PRODUCE,303,0.00121,0.030,0.111,2.75,259,1.17
CARROTS,CHICKEN,PRODUCE,MEAT,1621,0.00646,0.193,0.108,3.22,1384,1.17
MILK BY-PRODUCTS,POTATOES,GROCERY,PRODUCE,3576,0.01425,0.182,0.234,2.98,3069,1.17
DRY MIX DESSERTS,MILK BY-PRODUCTS,GROCERY,GROCERY,1270,0.00506,0.233,0.064,2.97,1081,1.17
DRY MIX DESSERTS,MISC. DAIRY,GROCERY,GROCERY,521,0.00208,0.096,0.071,3.27,445,1.17
DRY MIX DESSERTS,PICKLE/RELISH/PKLD VEG,GROCERY,GROCERY,449,0.00179,0.082,0.073,3.36,384,1.17
CANDY - PACKAGED,DRIED FRUIT,DRUG GM,NUTRITION,542,0.00216,0.025,0.180,2.10,464,1.17
MEAT - SHELF STABLE,REFRGRATD DOUGH PRODUCTS,GROCERY,GROCERY,2465,0.00982,0.179,0.175,3.18,2115,1.17
SOUP,TEAS,GROCERY,GROCERY,1017,0.00405,0.043,0.292,3.11,866,1.17
MILK BY-PRODUCTS,ONIONS,GROCERY,PRODUCE,3599,0.01434,0.183,0.231,2.95,3066,1.17
GRAPES,PEPPERS-ALL,PRODUCE,PRODUCE,1068,0.00426,0.106,0.130,3.23,914,1.17
CANNED MILK,ONIONS,GROCERY,PRODUCE,304,0.00121,0.168,0.020,2.71,260,1.17
BAKING NEEDS,CITRUS,GROCERY,PRODUCE,1119,0.00446,0.108,0.111,2.67,956,1.17
CONVENIENT BRKFST/WHLSM SNACKS,PET CARE SUPPLIES,GROCERY,GROCERY,362,0.00144,0.026,0.144,2.59,309,1.17
FRZN MEAT/MEAT DINNERS,PWDR/CRYSTL DRNK MX,GROCERY,GROCERY,1281,0.00510,0.056,0.241,2.66,1099,1.17
DRY BN/VEG/POTATO/RICE,FRZN BREAKFAST FOODS,GROCERY,GROCERY,1328,0.00529,0.100,0.182,3.44,1139,1.17
PNT BTR/JELLY/JAMS,SHORTENING/OIL,GROCERY,GROCERY,1099,0.00438,0.106,0.133,3.22,941,1.17
DINNER MXS:DRY,SMOKED MEATS,GROCERY,MEAT,668,0.00266,0.050,0.170,3.22,572,1.17
BREAD,SNACK NUTS,PASTRY,GROCERY,341,0.00136,0.043,0.073,2.30,290,1.17
CAT FOOD,MAGAZINE,GROCERY,DRUG GM,306,0.00122,0.047,0.042,1.62,262,1.17
COFFEE,GREETING CARDS/WRAP/PARTY SPLY,GROCERY,DRUG GM,584,0.00233,0.051,0.077,1.68,501,1.17
PORK,REFRGRATD DOUGH PRODUCTS,MEAT,GROCERY,2128,0.00848,0.172,0.151,3.06,1823,1.17
HOUSEHOLD CLEANG NEEDS,ISOTONIC DRINKS,GROCERY,GROCERY,383,0.00153,0.052,0.072,2.44,328,1.17
BAKING MIXES,FRZN BREAKFAST FOODS,GROCERY,GROCERY,1004,0.00400,0.089,0.137,3.06,855,1.17
CONDIMENTS/SAUCES,PASTA SAUCE,GROCERY,GROCERY,2791,0.01112,0.156,0.238,3.35,2379,1.17
POTATOES,SUGARS/SWEETNERS,PRODUCE,GROCERY,1851,0.00738,0.121,0.180,2.96,1587,1.17
FROZEN MEAT,FRZN VEGETABLE/VEG DSH,MEAT-PCKGD,GROCERY,1327,0.00529,0.162,0.104,3.19,1134,1.17
BACON,CHICKEN,MEAT-PCKGD,MEAT,2003,0.00798,0.184,0.133,3.08,1711,1.17
COCOA MIXES,PAPER HOUSEWARES,GROCERY,GROCERY,350,0.00139,0.092,0.046,2.99,298,1.17
BAKING MIXES,DRIED FRUIT,GROCERY,NUTRITION,425,0.00169,0.038,0.141,3.14,365,1.17
DINNER MXS:DRY,SALD DRSNG/SNDWCH SPRD,GROCERY,GROCERY,3024,0.01205,0.227,0.181,3.41,2591,1.17
BAKED BREAD/BUNS/ROLLS,DINNER SAUSAGE,GROCERY,MEAT-PCKGD,5882,0.02344,0.098,0.596,2.48,5045,1.17
BABY HBC,FRUIT - SHELF STABLE,DRUG GM,GROCERY,555,0.00221,0.140,0.042,2.63,473,1.17
TURKEY,VEGETABLES SALAD,MEAT,PRODUCE,346,0.00138,0.124,0.032,2.91,295,1.17
HEAT/SERVE,MEAT - MISC,MEAT-PCKGD,MEAT-PCKGD,529,0.00211,0.100,0.063,2.99,454,1.17
CONDIMENTS/SAUCES,HISPANIC,GROCERY,GROCERY,3062,0.01220,0.171,0.215,3.02,2624,1.17
COCOA MIXES,CRACKERS/MISC BKD FD,GROCERY,GROCERY,1116,0.00445,0.292,0.049,3.23,954,1.17
MOLASSES/SYRUP/PANCAKE MIXS,SEAFOOD - SHELF STABLE,GROCERY,GROCERY,544,0.00217,0.121,0.069,3.84,464,1.17
BEEF,CONDIMENTS/SAUCES,MEAT,GROCERY,7087,0.02824,0.193,0.397,2.71,6056,1.17
PORK,SEAFOOD - SHELF STABLE,MEAT,GROCERY,1347,0.00537,0.109,0.171,3.46,1155,1.17
SEAFOOD-FRESH,SPICES & EXTRACTS,SEAFOOD,GROCERY,364,0.00145,0.099,0.038,2.63,312,1.17
PICKLE/RELISH/PKLD VEG,WAREHOUSE SNACKS,GROCERY,GROCERY,445,0.00177,0.072,0.068,2.77,379,1.17
CHEESES,COFFEE,DELI,GROCERY,1373,0.00547,0.121,0.120,2.66,1174,1.17
CARROTS,SOUP,PRODUCE,GROCERY,2614,0.01042,0.311,0.111,3.31,2243,1.17
PWDR/CRYSTL DRNK MX,REFRGRATD DOUGH PRODUCTS,GROCERY,GROCERY,937,0.00373,0.176,0.066,3.13,800,1.17
PNT BTR/JELLY/JAMS,SALD DRSNG/SNDWCH SPRD,GROCERY,GROCERY,2166,0.00863,0.209,0.129,3.13,1858,1.17
BACON,VEGETABLES SALAD,MEAT-PCKGD,PRODUCE,1421,0.00566,0.131,0.133,3.07,1210,1.17
BABY FOODS,YOGURT,DRUG GM,GROCERY,641,0.00255,0.152,0.036,2.16,546,1.17
BACON,PICKLE/RELISH/PKLD VEG,MEAT-PCKGD,GROCERY,922,0.00367,0.085,0.150,3.46,787,1.17
CHEESES,CRACKERS/MISC BKD FD,DELI,GROCERY,3053,0.01217,0.270,0.134,2.98,2604,1.17
CANNED JUICES,CRACKERS/MISC BKD FD,GROCERY,GROCERY,5107,0.02035,0.253,0.225,2.80,4376,1.17
DINNER MXS:DRY,PNT BTR/JELLY/JAMS,GROCERY,GROCERY,1962,0.00782,0.147,0.189,3.57,1679,1.17
HEAT/SERVE,HOT CEREAL,MEAT-PCKGD,GROCERY,360,0.00143,0.068,0.064,3.06,307,1.17
PWDR/CRYSTL DRNK MX,WATER - CARBONATED/FLVRD DRINK,GROCERY,GROCERY,889,0.00354,0.167,0.049,2.33,759,1.17
PICKLE/RELISH/PKLD VEG,PNT BTR/JELLY/JAMS,GROCERY,GROCERY,875,0.00349,0.142,0.084,3.44,748,1.17
CHICKEN,MELONS,MEAT,PRODUCE,738,0.00294,0.049,0.171,2.85,631,1.17
DINNER SAUSAGE,PWDR/CRYSTL DRNK MX,MEAT-PCKGD,GROCERY,642,0.00256,0.065,0.121,3.07,549,1.17
MISCELLANEOUS,VEGETABLES - ALL OTHERS,MEAT-PCKGD,PRODUCE,452,0.00180,0.205,0.028,3.15,388,1.17
FD WRAPS/BAGS/TRSH BG,SHORTENING/OIL,GROCERY,GROCERY,1102,0.00439,0.098,0.133,2.98,943,1.17
FROZEN MEAT,PORK,MEAT-PCKGD,MEAT,1332,0.00531,0.162,0.108,3.29,1136,1.17
FROZEN PIZZA,SEAFOOD - FROZEN,GROCERY,SEAFOOD-PCKGD,1811,0.00722,0.078,0.241,2.61,1545,1.17
CONVENIENT BRKFST/WHLSM SNACKS,STATIONERY & SCHOOL SUPPLIES,GROCERY,DRUG GM,524,0.00209,0.037,0.113,2.03,446,1.17
DRY NOODLES/PASTA,SQUASH,GROCERY,PRODUCE,418,0.00167,0.030,0.206,3.69,357,1.17
HAND/BODY/FACIAL PRODUCTS,YOGURT,DRUG GM,GROCERY,513,0.00204,0.180,0.029,2.57,440,1.17
FD WRAPS/BAGS/TRSH BG,TEAS,GROCERY,GROCERY,463,0.00184,0.041,0.133,2.97,395,1.17
BABY FOODS,FRZN MEAT/MEAT DINNERS,DRUG GM,GROCERY,744,0.00296,0.176,0.033,1.94,637,1.17
CHICKEN,HISPANIC,MEAT,GROCERY,2536,0.01011,0.169,0.178,2.97,2164,1.17
SALAD BAR,WATER - CARBONATED/FLVRD DRINK,SALAD BAR,GROCERY,736,0.00293,0.088,0.041,1.22,635,1.16
PEPPERS-ALL,SEAFOOD - FROZEN,PRODUCE,SEAFOOD-PCKGD,770,0.00307,0.094,0.102,3.13,661,1.16
FRUIT - SHELF STABLE,TROPICAL FRUIT,GROCERY,PRODUCE,5180,0.02064,0.390,0.160,3.01,4484,1.16
CHEESE,MARGARINES,GROCERY,GROCERY,6883,0.02743,0.147,0.508,2.72,5925,1.16
PEPPERS-ALL,SALD DRSNG/SNDWCH SPRD,PRODUCE,GROCERY,1745,0.00695,0.212,0.104,3.18,1501,1.16
COOKIES/CONES,HOT CEREAL,GROCERY,GROCERY,1116,0.00445,0.065,0.199,2.92,959,1.16
COOKIES/CONES,HOT DOGS,GROCERY,MEAT-PCKGD,2084,0.00830,0.122,0.191,2.80,1791,1.16
BREAD,TROPICAL FRUIT,PASTRY,PRODUCE,2389,0.00952,0.300,0.074,2.32,2058,1.16
PASTA SAUCE,PORK,GROCERY,MEAT,1978,0.00788,0.169,0.160,3.42,1700,1.16
FRZN MEAT/MEAT DINNERS,POPCORN,GROCERY,PRODUCE,899,0.00358,0.040,0.229,2.52,776,1.16
BEERS/ALES,PAPER HOUSEWARES,GROCERY,GROCERY,759,0.00302,0.049,0.099,1.60,657,1.16
FEMININE HYGIENE,WATER - CARBONATED/FLVRD DRINK,DRUG GM,GROCERY,504,0.00201,0.117,0.028,1.64,434,1.16
PAPER HOUSEWARES,SALD DRSNG/SNDWCH SPRD,GROCERY,GROCERY,1437,0.00573,0.187,0.086,2.80,1235,1.16
FRZN NOVELTIES/WTR ICE,MEAT - MISC,GROCERY,MEAT-PCKGD,882,0.00351,0.085,0.105,2.54,760,1.16
CONDIMENTS/SAUCES,VEGETABLES - SHELF STABLE,GROCERY,GROCERY,5054,0.02014,0.283,0.224,3.14,4346,1.16
FROZEN BREAD/DOUGH,FRUIT - SHELF STABLE,GROCERY,GROCERY,1340,0.00534,0.186,0.101,3.52,1151,1.16
BACON,BEANS - CANNED GLASS & MW,MEAT-PCKGD,GROCERY,1391,0.00554,0.128,0.146,3.38,1203,1.16
BEERS/ALES,SALADS/DIPS,GROCERY,DELI,572,0.00228,0.037,0.095,1.54,492,1.16
CRACKERS/MISC BKD FD,DRIED FRUIT,GROCERY,NUTRITION,890,0.00355,0.039,0.295,3.27,766,1.16
BABY HBC,YOGURT,DRUG GM,GROCERY,655,0.00261,0.165,0.037,2.35,564,1.16
CRACKERS/MISC BKD FD,ISOTONIC DRINKS,GROCERY,GROCERY,1232,0.00491,0.054,0.230,2.55,1063,1.16
CRACKERS/MISC BKD FD,MOLASSES/SYRUP/PANCAKE MIXS,GROCERY,GROCERY,1367,0.00545,0.060,0.303,3.35,1177,1.16
BABY HBC,CANDY - PACKAGED,DRUG GM,DRUG GM,588,0.00234,0.148,0.027,1.73,507,1.16
MOLASSES/SYRUP/PANCAKE MIXS,REFRGRATD JUICES/DRNKS,GROCERY,GROCERY,1270,0.00506,0.282,0.049,2.73,1095,1.16
CONDIMENTS/SAUCES,FD WRAPS/BAGS/TRSH BG,GROCERY,GROCERY,2287,0.00911,0.128,0.204,2.86,1978,1.16
CRACKERS/MISC BKD FD,SALD DRSNG/SNDWCH SPRD,GROCERY,GROCERY,4579,0.01825,0.202,0.273,3.02,3933,1.16
CANDY - PACKAGED,DRY MIX DESSERTS,DRUG GM,GROCERY,935,0.00373,0.043,0.172,2.00,806,1.16
FROZEN PIZZA,SOFT DRINKS,GROCERY,GROCERY,10771,0.04292,0.465,0.151,1.63,9295,1.16
DRY NOODLES/PASTA,FRUIT - SHELF STABLE,GROCERY,GROCERY,2709,0.01079,0.193,0.204,3.65,2326,1.16
CHEESES,GRAPES,DELI,PRODUCE,1358,0.00541,0.120,0.134,2.98,1168,1.16
BUTTER,MILK BY-PRODUCTS,GROCERY,GROCERY,1163,0.00463,0.235,0.059,3.00,1004,1.16
FRZN VEGETABLE/VEG DSH,REFRIGERATED,GROCERY,NUTRITION,640,0.00255,0.050,0.124,2.44,550,1.16
MISC. DAIRY,SOUP,GROCERY,GROCERY,2214,0.00882,0.302,0.094,3.21,1904,1.16
FACIAL TISS/DNR NAPKIN,WAREHOUSE SNACKS,GROCERY,GROCERY,455,0.00181,0.066,0.070,2.55,393,1.16
FRZN VEGETABLE/VEG DSH,VEGETABLES - ALL OTHERS,GROCERY,PRODUCE,2462,0.00981,0.193,0.151,2.97,2120,1.16
WATER - CARBONATED/FLVRD DRINK,YOGURT,GROCERY,GROCERY,2792,0.01113,0.155,0.159,2.22,2402,1.16
BEANS - CANNED GLASS & MW,SALD DRSNG/SNDWCH SPRD,GROCERY,GROCERY,2058,0.00820,0.217,0.123,3.25,1773,1.16
FLUID MILK PRODUCTS,FRZN JCE CONC/DRNKS,GROCERY,GROCERY,1108,0.00442,0.016,0.584,2.12,956,1.16
DELI MEATS,WAREHOUSE SNACKS,DELI,GROCERY,1073,0.00428,0.063,0.164,2.41,922,1.16
COLD CEREAL,FRZN JCE CONC/DRNKS,GROCERY,GROCERY,515,0.00205,0.020,0.272,2.71,446,1.16
CANNED JUICES,WATER - CARBONATED/FLVRD DRINK,GROCERY,GROCERY,3054,0.01217,0.151,0.170,2.12,2622,1.16
APPLES,PEPPERS-ALL,PRODUCE,PRODUCE,1413,0.00563,0.107,0.172,3.27,1219,1.16
CANNED JUICES,TOYS AND GAMES,GROCERY,DRUG GM,314,0.00125,0.016,0.165,2.06,270,1.16
GRAPES,SALAD BAR,PRODUCE,SALAD BAR,457,0.00182,0.045,0.054,1.35,394,1.16
HOT CEREAL,MARGARINES,GROCERY,GROCERY,948,0.00378,0.169,0.070,3.13,814,1.16
FROZEN PIE/DESSERTS,MILK BY-PRODUCTS,GROCERY,GROCERY,1264,0.00504,0.197,0.064,2.51,1093,1.16
MEAT - MISC,SMOKED MEATS,MEAT-PCKGD,MEAT,386,0.00154,0.046,0.099,2.94,332,1.16
CANNED JUICES,REFRIGERATED,GROCERY,NUTRITION,945,0.00377,0.047,0.183,2.28,818,1.16
BAKED SWEET GOODS,FRUIT - SHELF STABLE,GROCERY,GROCERY,2810,0.01120,0.150,0.211,2.84,2422,1.16
DRIED FRUIT,PEPPERS-ALL,NUTRITION,PRODUCE,339,0.00135,0.113,0.041,3.44,293,1.16
AIR CARE,COFFEE,GROCERY,GROCERY,429,0.00171,0.113,0.037,2.47,369,1.16
MAKEUP AND TREATMENT,PAPER TOWELS,COSMETICS,GROCERY,345,0.00137,0.088,0.034,2.17,297,1.16
CANNED JUICES,FACIAL TISS/DNR NAPKIN,GROCERY,GROCERY,1534,0.00611,0.076,0.224,2.79,1326,1.16
LUNCHMEAT,MISCELLANEOUS,MEAT-PCKGD,MEAT-PCKGD,585,0.00233,0.025,0.266,2.81,504,1.16
BATH TISSUES,TEAS,GROCERY,GROCERY,520,0.00207,0.038,0.149,2.75,448,1.16
FD WRAPS/BAGS/TRSH BG,PNT BTR/JELLY/JAMS,GROCERY,GROCERY,1390,0.00554,0.124,0.134,3.00,1199,1.16
SEAFOOD - FROZEN,VEGETABLES - ALL OTHERS,SEAFOOD-PCKGD,PRODUCE,1433,0.00571,0.191,0.088,2.93,1238,1.16
HISPANIC,SEAFOOD - SHELF STABLE,GROCERY,GROCERY,1524,0.00607,0.107,0.193,3.40,1311,1.16
HEAT/SERVE,HISPANIC,MEAT-PCKGD,GROCERY,873,0.00348,0.165,0.061,2.91,753,1.16
BAKING NEEDS,ONIONS,GROCERY,PRODUCE,1766,0.00704,0.170,0.114,2.74,1526,1.16
DRY BN/VEG/POTATO/RICE,SALD DRSNG/SNDWCH SPRD,GROCERY,GROCERY,2884,0.01149,0.217,0.172,3.26,2485,1.16
DRY BN/VEG/POTATO/RICE,REFRGRATD DOUGH PRODUCTS,GROCERY,GROCERY,2409,0.00960,0.182,0.171,3.23,2078,1.16
APPLES,CHEESES,PRODUCE,DELI,1797,0.00716,0.136,0.159,3.02,1556,1.16
CHICKEN,PASTA SAUCE,MEAT,GROCERY,2277,0.00907,0.151,0.194,3.24,1955,1.16
COFFEE,HAIR CARE PRODUCTS,GROCERY,DRUG GM,837,0.00334,0.073,0.106,2.31,720,1.16
DINNER SAUSAGE,MARGARINES,MEAT-PCKGD,GROCERY,1564,0.00623,0.159,0.115,2.94,1345,1.16
BAKING MIXES,PICKLE/RELISH/PKLD VEG,GROCERY,GROCERY,870,0.00347,0.077,0.141,3.14,751,1.16
BAKING MIXES,PNT BTR/JELLY/JAMS,GROCERY,GROCERY,1402,0.00559,0.124,0.135,3.01,1205,1.16
FROZEN BREAD/DOUGH,SHORTENING/OIL,GROCERY,GROCERY,757,0.00302,0.105,0.092,3.20,654,1.16
CONVENIENT BRKFST/WHLSM SNACKS,LUNCHMEAT,GROCERY,MEAT-PCKGD,3744,0.01492,0.268,0.158,2.83,3227,1.16
CONVENIENT BRKFST/WHLSM SNACKS,LAUNDRY DETERGENTS,GROCERY,GROCERY,1378,0.00549,0.099,0.163,2.92,1190,1.16
BACON,POTATOES,MEAT-PCKGD,PRODUCE,2135,0.00851,0.197,0.140,3.23,1833,1.16
BACON,MISCELLANEOUS,MEAT-PCKGD,MEAT-PCKGD,315,0.00126,0.029,0.143,3.30,272,1.16
CHICKEN,VEGETABLES SALAD,MEAT,PRODUCE,1822,0.00726,0.121,0.170,2.84,1571,1.16
DRY SAUCES/GRAVY,SEAFOOD - SHELF STABLE,GROCERY,GROCERY,732,0.00292,0.113,0.093,3.59,631,1.16
PICKLE/RELISH/PKLD VEG,VEGETABLES - SHELF STABLE,GROCERY,GROCERY,1920,0.00765,0.312,0.085,3.46,1652,1.16
CONVENIENT BRKFST/WHLSM SNACKS,FRZN POTATOES,GROCERY,GROCERY,1416,0.00564,0.101,0.175,3.13,1221,1.16
CONVENIENT BRKFST/WHLSM SNACKS,ORAL HYGIENE PRODUCTS,GROCERY,DRUG GM,1171,0.00467,0.084,0.150,2.70,1007,1.16
COCOA MIXES,FROZEN PIZZA,GROCERY,GROCERY,977,0.00389,0.256,0.042,2.77,843,1.16
FRZN BREAKFAST FOODS,FRZN VEGETABLE/VEG DSH,GROCERY,GROCERY,1158,0.00461,0.159,0.091,3.12,995,1.16
FRZN JCE CONC/DRNKS,ONIONS,GROCERY,PRODUCE,327,0.00130,0.172,0.021,2.78,283,1.16
HOT DOGS,SUGARS/SWEETNERS,MEAT-PCKGD,GROCERY,1282,0.00511,0.117,0.125,2.86,1105,1.16
BEERS/ALES,HERBS,GROCERY,PRODUCE,336,0.00134,0.022,0.103,1.67,290,1.16
HISPANIC,PWDR/CRYSTL DRNK MX,GROCERY,GROCERY,943,0.00376,0.066,0.177,3.12,822,1.15
BABY FOODS,DINNER MXS:DRY,DRUG GM,GROCERY,532,0.00212,0.126,0.040,2.37,461,1.15
FROZEN BREAD/DOUGH,ICE CREAM/MILK/SHERBTS,GROCERY,GROCERY,1246,0.00496,0.173,0.062,2.17,1087,1.15
DINNER SAUSAGE,SALADS/DIPS,MEAT-PCKGD,DELI,559,0.00223,0.057,0.093,2.36,488,1.15
DINNER SAUSAGE,SHORTENING/OIL,MEAT-PCKGD,GROCERY,967,0.00385,0.098,0.117,2.98,840,1.15
COLD CEREAL,MEAT - SHELF STABLE,GROCERY,GROCERY,4257,0.01696,0.169,0.309,3.08,3693,1.15
FRZN VEGETABLE/VEG DSH,SHORTENING/OIL,GROCERY,GROCERY,1264,0.00504,0.099,0.153,3.02,1103,1.15
BAKING NEEDS,CARROTS,GROCERY,PRODUCE,1028,0.00410,0.099,0.122,2.96,891,1.15
SEAFOOD - FROZEN,SPICES & EXTRACTS,SEAFOOD-PCKGD,GROCERY,820,0.00327,0.109,0.087,2.89,716,1.15
FRZN BREAKFAST FOODS,REFRGRATD JUICES/DRNKS,GROCERY,GROCERY,1947,0.00776,0.267,0.075,2.58,1695,1.15
FACIAL TISS/DNR NAPKIN,SALADS/DIPS,GROCERY,DELI,397,0.00158,0.058,0.066,2.42,344,1.15
CHEESES,GREETING CARDS/WRAP/PARTY SPLY,DELI,DRUG GM,605,0.00241,0.053,0.080,1.77,525,1.15
CONVENIENT BRKFST/WHLSM SNACKS,ELECTRICAL SUPPPLIES,GROCERY,DRUG GM,401,0.00160,0.029,0.151,2.72,348,1.15
BEEF,PEPPERS-ALL,MEAT,PRODUCE,3395,0.01353,0.093,0.413,2.82,2950,1.15
FRZN MEAT/MEAT DINNERS,WAREHOUSE SNACKS,GROCERY,GROCERY,1295,0.00516,0.057,0.198,2.19,1130,1.15
CHICKEN,HOT DOGS,MEAT,MEAT-PCKGD,1889,0.00753,0.126,0.173,2.89,1649,1.15
BREAD,MELONS,PASTRY,PRODUCE,326,0.00130,0.041,0.075,2.38,283,1.15
DRY NOODLES/PASTA,FLOUR & MEALS,GROCERY,GROCERY,542,0.00216,0.039,0.173,3.10,472,1.15
COLD CEREAL,YOGURT,GROCERY,GROCERY,5001,0.01993,0.199,0.284,2.84,4364,1.15
COFFEE,SEAFOOD - SHELF STABLE,GROCERY,GROCERY,1067,0.00425,0.093,0.135,2.96,924,1.15
PICKLE/RELISH/PKLD VEG,SEAFOOD - FROZEN,GROCERY,SEAFOOD-PCKGD,588,0.00234,0.095,0.078,3.19,512,1.15
CARROTS,SALD DRSNG/SNDWCH SPRD,PRODUCE,GROCERY,1822,0.00726,0.217,0.109,3.25,1587,1.15
PWDR/CRYSTL DRNK MX,SOUP,GROCERY,GROCERY,1564,0.00623,0.294,0.066,3.13,1356,1.15
SEAFOOD - SHELF STABLE,SHORTENING/OIL,GROCERY,GROCERY,889,0.00354,0.113,0.108,3.42,775,1.15
DRY NOODLES/PASTA,TEAS,GROCERY,GROCERY,639,0.00255,0.046,0.183,3.28,553,1.15
CANNED JUICES,DINNER MXS:DRY,GROCERY,GROCERY,3304,0.01317,0.164,0.248,3.09,2876,1.15
COFFEE,ORGANICS FRUIT & VEGETABLES,GROCERY,PRODUCE,654,0.00261,0.057,0.124,2.71,571,1.15
TROPICAL FRUIT,VEGETABLES SALAD,PRODUCE,PRODUCE,3703,0.01476,0.114,0.346,2.67,3221,1.15
BABY FOODS,TROPICAL FRUIT,DRUG GM,PRODUCE,1105,0.00440,0.261,0.034,2.02,961,1.15
BACON,DINNER MXS:DRY,MEAT-PCKGD,GROCERY,2016,0.00803,0.186,0.152,3.50,1761,1.15
BAKING MIXES,CANDY - PACKAGED,GROCERY,DRUG GM,1856,0.00740,0.165,0.086,1.92,1615,1.15
CIGARETTES,FRZN POTATOES,DRUG GM,GROCERY,423,0.00169,0.039,0.052,1.20,369,1.15
PREPARED FOOD,TROPICAL FRUIT,DELI,PRODUCE,859,0.00342,0.182,0.026,1.41,747,1.15
FRUIT - SHELF STABLE,HISPANIC,GROCERY,GROCERY,2528,0.01007,0.190,0.177,3.35,2196,1.15
CANNED JUICES,COFFEE,GROCERY,GROCERY,2285,0.00911,0.113,0.199,2.48,1980,1.15
DRY NOODLES/PASTA,MARGARINES,GROCERY,GROCERY,2403,0.00958,0.171,0.177,3.18,2097,1.15
HISPANIC,SOUP,GROCERY,GROCERY,4017,0.01601,0.282,0.170,3.00,3502,1.15
DINNER MXS:DRY,SEAFOOD - FROZEN,GROCERY,SEAFOOD-PCKGD,1314,0.00524,0.099,0.175,3.30,1144,1.15
AIR CARE,CONVENIENT BRKFST/WHLSM SNACKS,GROCERY,GROCERY,611,0.00243,0.160,0.044,2.88,530,1.15
SNACK NUTS,VEGETABLES - ALL OTHERS,GROCERY,PRODUCE,823,0.00328,0.176,0.050,2.70,714,1.15
CRACKERS/MISC BKD FD,PWDR/CRYSTL DRNK MX,GROCERY,GROCERY,1499,0.00597,0.066,0.282,3.11,1303,1.15
BAKING MIXES,DRY NOODLES/PASTA,GROCERY,GROCERY,1938,0.00772,0.172,0.138,3.08,1688,1.15
BAKING MIXES,FD WRAPS/BAGS/TRSH BG,GROCERY,GROCERY,1395,0.00556,0.124,0.124,2.76,1212,1.15
PEPPERS-ALL,SEAFOOD - SHELF STABLE,PRODUCE,GROCERY,915,0.00365,0.111,0.116,3.54,795,1.15
POTATOES,TOMATOES,PRODUCE,PRODUCE,2780,0.01108,0.182,0.182,2.99,2407,1.15
ISOTONIC DRINKS,YOGURT,GROCERY,GROCERY,924,0.00368,0.173,0.053,2.47,806,1.15
BAKED BREAD/BUNS/ROLLS,CHEESES,GROCERY,DELI,6660,0.02654,0.111,0.588,2.45,5789,1.15
BREAKFAST SWEETS,REFRGRATD JUICES/DRNKS,PASTRY,GROCERY,1408,0.00561,0.173,0.054,1.67,1224,1.15
DRY BN/VEG/POTATO/RICE,HEAT/SERVE,GROCERY,MEAT-PCKGD,868,0.00346,0.065,0.164,3.11,754,1.15
BUTTER,CARROTS,GROCERY,PRODUCE,560,0.00223,0.113,0.067,3.38,487,1.15
SOUP,SQUASH,GROCERY,PRODUCE,638,0.00254,0.027,0.314,3.35,556,1.15
BAKING MIXES,ICE CREAM/MILK/SHERBTS,GROCERY,GROCERY,1869,0.00745,0.166,0.093,2.07,1626,1.15
BAKING NEEDS,COOKIES/CONES,GROCERY,GROCERY,1794,0.00715,0.173,0.105,2.53,1564,1.15
DRY NOODLES/PASTA,ONIONS,GROCERY,PRODUCE,2788,0.01111,0.199,0.179,3.21,2420,1.15
VALUE ADDED VEGETABLES,YOGURT,PRODUCE,GROCERY,445,0.00177,0.212,0.025,3.03,387,1.15
COLD CEREAL,FROZEN PIZZA,GROCERY,GROCERY,5905,0.02353,0.235,0.255,2.55,5127,1.15
HOT CEREAL,PWDR/CRYSTL DRNK MX,GROCERY,GROCERY,386,0.00154,0.069,0.073,3.25,336,1.15
MELONS,YOGURT,PRODUCE,GROCERY,856,0.00341,0.198,0.049,2.83,743,1.15
MILK BY-PRODUCTS,MISCELLANEOUS,GROCERY,MEAT-PCKGD,521,0.00208,0.026,0.237,3.01,452,1.15
CANNED JUICES,YOGURT,GROCERY,GROCERY,3804,0.01516,0.189,0.216,2.69,3317,1.15
DINNER SAUSAGE,HEAT/SERVE,MEAT-PCKGD,MEAT-PCKGD,584,0.00233,0.059,0.111,2.82,508,1.15
HOT CEREAL,PASTA SAUCE,GROCERY,GROCERY,908,0.00362,0.162,0.077,3.47,790,1.15
CANNED MILK,VEGETABLES - ALL OTHERS,GROCERY,PRODUCE,312,0.00124,0.172,0.019,2.64,271,1.15
FRZN MEAT/MEAT DINNERS,SEAFOOD - SHELF STABLE,GROCERY,GROCERY,1990,0.00793,0.087,0.252,2.78,1735,1.15
SALAD MIX,SEAFOOD - FROZEN,PRODUCE,SEAFOOD-PCKGD,1360,0.00542,0.088,0.181,2.93,1178,1.15
MEAT - SHELF STABLE,POPCORN,GROCERY,PRODUCE,675,0.00269,0.049,0.172,3.12,588,1.15
BUTTER,VEGETABLES SALAD,GROCERY,PRODUCE,630,0.00251,0.127,0.059,2.98,548,1.15
VALUE ADDED FRUIT,WAREHOUSE SNACKS,PRODUCE,GROCERY,356,0.00142,0.061,0.054,2.34,310,1.15
BAKING MIXES,PASTA SAUCE,GROCERY,GROCERY,1673,0.00667,0.148,0.143,3.17,1455,1.15
CHEESE,EGGS,GROCERY,GROCERY,13366,0.05326,0.285,0.480,2.57,11635,1.15
RICE CAKES,SOUP,NUTRITION,GROCERY,348,0.00139,0.279,0.015,2.97,303,1.15
BACON,FROZEN MEAT,MEAT-PCKGD,MEAT-PCKGD,1175,0.00468,0.108,0.143,3.31,1019,1.15
HISPANIC,TURKEY,GROCERY,MEAT,471,0.00188,0.033,0.169,2.97,408,1.15
DRY NOODLES/PASTA,PNT BTR/JELLY/JAMS,GROCERY,GROCERY,1928,0.00768,0.138,0.186,3.33,1680,1.15
MEAT - MISC,VEGETABLES - SHELF STABLE,MEAT-PCKGD,GROCERY,2430,0.00968,0.289,0.108,3.21,2122,1.15
FROZEN PIZZA,FRZN VEGETABLE/VEG DSH,GROCERY,GROCERY,3040,0.01211,0.131,0.239,2.59,2641,1.15
BERRIES,ROLLS,PRODUCE,PASTRY,428,0.00171,0.047,0.084,2.32,373,1.15
DRY MIX DESSERTS,MARGARINES,GROCERY,GROCERY,883,0.00352,0.162,0.065,3.00,769,1.15
MILK BY-PRODUCTS,SQUASH,GROCERY,PRODUCE,510,0.00203,0.026,0.251,3.20,442,1.15
DOG FOODS,GREETING CARDS/WRAP/PARTY SPLY,GROCERY,DRUG GM,324,0.00129,0.046,0.043,1.51,283,1.15
BEANS - CANNED GLASS & MW,SALADS/DIPS,GROCERY,DELI,581,0.00232,0.061,0.097,2.55,503,1.15
BROOMS AND MOPS,PNT BTR/JELLY/JAMS,DRUG GM,GROCERY,362,0.00144,0.119,0.035,2.88,316,1.15
FROZEN PIZZA,ICE CREAM/MILK/SHERBTS,GROCERY,GROCERY,3576,0.01425,0.155,0.178,1.93,3108,1.15
MARGARINES,VEGETABLES - SHELF STABLE,GROCERY,GROCERY,3806,0.01517,0.281,0.168,3.12,3305,1.15
BAG SNACKS,PAPER HOUSEWARES,GROCERY,GROCERY,2862,0.01140,0.068,0.372,2.23,2480,1.15
BAKED BREAD/BUNS/ROLLS,MEAT - SHELF STABLE,GROCERY,GROCERY,8565,0.03413,0.142,0.621,2.59,7419,1.15
BEANS - CANNED GLASS & MW,COCOA MIXES,GROCERY,GROCERY,496,0.00198,0.052,0.130,3.43,433,1.15
BEANS - CANNED GLASS & MW,CHICKEN,GROCERY,MEAT,1780,0.00709,0.187,0.118,3.13,1547,1.15
CRACKERS/MISC BKD FD,VEGETABLES - SHELF STABLE,GROCERY,GROCERY,6431,0.02563,0.283,0.285,3.15,5578,1.15
FROZEN BREAD/DOUGH,HOT DOGS,GROCERY,MEAT-PCKGD,961,0.00383,0.134,0.088,3.07,838,1.15
DINNER MXS:DRY,FLOUR & MEALS,GROCERY,GROCERY,540,0.00215,0.041,0.172,3.25,469,1.15
BABY FOODS,CANDY - CHECKLANE,DRUG GM,DRUG GM,507,0.00202,0.120,0.022,1.29,442,1.15
FROZEN MEAT,WAREHOUSE SNACKS,MEAT-PCKGD,GROCERY,567,0.00226,0.069,0.087,2.65,493,1.15
FROZEN BREAD/DOUGH,SMOKED MEATS,GROCERY,MEAT,327,0.00130,0.045,0.083,2.91,286,1.15
BACON,COFFEE,MEAT-PCKGD,GROCERY,1365,0.00544,0.126,0.119,2.75,1192,1.15
BAG SNACKS,LUNCHMEAT,GROCERY,MEAT-PCKGD,8624,0.03436,0.205,0.364,2.18,7519,1.15
FROZEN BREAD/DOUGH,MARGARINES,GROCERY,GROCERY,1188,0.00473,0.165,0.088,3.06,1037,1.15
MEAT - SHELF STABLE,PORK,GROCERY,MEAT,2186,0.00871,0.158,0.177,3.21,1913,1.14
CITRUS,SALAD BAR,PRODUCE,SALAD BAR,445,0.00177,0.044,0.053,1.32,391,1.14
ANALGESICS,WATER - CARBONATED/FLVRD DRINK,DRUG GM,GROCERY,467,0.00186,0.110,0.026,1.54,410,1.14
SEAFOOD - SHELF STABLE,VEGETABLES SALAD,GROCERY,PRODUCE,1066,0.00425,0.135,0.100,3.17,935,1.14
REFRGRATD JUICES/DRNKS,SWEET GOODS & SNACKS,GROCERY,PASTRY,310,0.00124,0.012,0.194,1.88,272,1.14
PROCESSED,SPICES & EXTRACTS,PRODUCE,GROCERY,532,0.00212,0.113,0.056,3.01,468,1.14
BACON,BAKING MIXES,MEAT-PCKGD,GROCERY,1450,0.00578,0.133,0.129,2.97,1268,1.14
BACON,COCOA MIXES,MEAT-PCKGD,GROCERY,542,0.00216,0.050,0.142,3.28,475,1.14
POPCORN,SHORTENING/OIL,PRODUCE,GROCERY,388,0.00155,0.099,0.047,3.00,339,1.14
PNT BTR/JELLY/JAMS,YOGURT,GROCERY,GROCERY,2187,0.00871,0.211,0.124,3.01,1911,1.14
PNT BTR/JELLY/JAMS,TROPICAL FRUIT,GROCERY,PRODUCE,3745,0.01492,0.361,0.115,2.79,3278,1.14
BACON,HOT CEREAL,MEAT-PCKGD,GROCERY,778,0.00310,0.072,0.139,3.21,685,1.14
PNT BTR/JELLY/JAMS,SPICES & EXTRACTS,GROCERY,GROCERY,1182,0.00471,0.114,0.125,3.03,1040,1.14
BACON,MEAT - SHELF STABLE,MEAT-PCKGD,GROCERY,1951,0.00777,0.180,0.141,3.27,1716,1.14
PLASTIC HOUSEWARES,WATER - CARBONATED/FLVRD DRINK,DRUG GM,GROCERY,326,0.00130,0.149,0.018,2.08,285,1.14
PEPPERS-ALL,TROPICAL FRUIT,PRODUCE,PRODUCE,3030,0.01207,0.369,0.093,2.85,2658,1.14
BAG SNACKS,COOKIES,GROCERY,PASTRY,1106,0.00441,0.026,0.300,1.79,967,1.14
PASTA SAUCE,TURKEY,GROCERY,MEAT,422,0.00168,0.036,0.151,3.24,370,1.14
PASTA SAUCE,SALD DRSNG/SNDWCH SPRD,GROCERY,GROCERY,2570,0.01024,0.219,0.153,3.28,2245,1.14
PASTA SAUCE,REFRGRATD DOUGH PRODUCTS,GROCERY,GROCERY,2142,0.00854,0.183,0.152,3.25,1877,1.14
PASTA SAUCE,POPCORN,GROCERY,PRODUCE,594,0.00237,0.051,0.151,3.24,522,1.14
BAG SNACKS,FROZEN MEAT,GROCERY,MEAT-PCKGD,3343,0.01332,0.080,0.407,2.43,2929,1.14
BAG SNACKS,FRZN NOVELTIES/WTR ICE,GROCERY,GROCERY,3490,0.01391,0.083,0.337,2.02,3061,1.14
BAG SNACKS,FRZN POTATOES,GROCERY,GROCERY,3126,0.01246,0.074,0.385,2.30,2744,1.14
ORAL HYGIENE PRODUCTS,YOGURT,DRUG GM,GROCERY,1346,0.00536,0.173,0.077,2.46,1181,1.14
ONIONS,SALAD MIX,PRODUCE,PRODUCE,2831,0.01128,0.182,0.182,2.94,2494,1.14
MUSHROOMS,PASTA SAUCE,PRODUCE,GROCERY,767,0.00306,0.162,0.065,3.47,673,1.14
MOLASSES/SYRUP/PANCAKE MIXS,SALD DRSNG/SNDWCH SPRD,GROCERY,GROCERY,985,0.00392,0.218,0.059,3.27,864,1.14
BAKED BREAD/BUNS/ROLLS,FRZN POTATOES,GROCERY,GROCERY,4718,0.01880,0.078,0.582,2.42,4138,1.14
MILK BY-PRODUCTS,YOGURT,GROCERY,GROCERY,3855,0.01536,0.196,0.219,2.79,3388,1.14
MILK BY-PRODUCTS,SALD DRSNG/SNDWCH SPRD,GROCERY,GROCERY,3744,0.01492,0.190,0.223,2.85,3285,1.14
MILK BY-PRODUCTS,PROCESSED,GROCERY,PRODUCE,1080,0.00430,0.055,0.230,2.93,946,1.14
MEAT - SHELF STABLE,SUGARS/SWEETNERS,GROCERY,GROCERY,1687,0.00672,0.122,0.164,2.98,1483,1.14
BAKED SWEET GOODS,BREAKFAST SWEETS,GROCERY,PASTRY,1017,0.00405,0.054,0.125,1.68,894,1.14
MEAT - MISC,REFRGRATD DOUGH PRODUCTS,MEAT-PCKGD,GROCERY,1421,0.00566,0.169,0.101,3.00,1248,1.14
MEAT - MISC,POPCORN,MEAT-PCKGD,PRODUCE,395,0.00157,0.047,0.101,3.00,347,1.14
MARGARINES,SALD DRSNG/SNDWCH SPRD,GROCERY,GROCERY,2667,0.01063,0.197,0.159,2.95,2335,1.14
BAKED SWEET GOODS,ICE CREAM/MILK/SHERBTS,GROCERY,GROCERY,2856,0.01138,0.153,0.142,1.91,2513,1.14
LUNCHMEAT,PICKLE/RELISH/PKLD VEG,MEAT-PCKGD,GROCERY,1666,0.00664,0.070,0.271,2.87,1460,1.14
BAKING MIXES,BREAKFAST SAUSAGE/SANDWICHES,GROCERY,MEAT-PCKGD,1408,0.00561,0.125,0.128,2.85,1233,1.14
ISOTONIC DRINKS,LAUNDRY DETERGENTS,GROCERY,GROCERY,419,0.00167,0.078,0.050,2.32,367,1.14
BAKING MIXES,POTATOES,GROCERY,PRODUCE,2001,0.00797,0.177,0.131,2.91,1754,1.14
HOT DOGS,SEAFOOD - SHELF STABLE,MEAT-PCKGD,GROCERY,1130,0.00450,0.103,0.143,3.29,991,1.14
HOT DOGS,REFRGRATD DOUGH PRODUCTS,MEAT-PCKGD,GROCERY,1800,0.00717,0.165,0.127,2.93,1573,1.14
HOT CEREAL,SOAP - LIQUID & BAR,GROCERY,DRUG GM,373,0.00149,0.067,0.064,2.85,327,1.14
HOT CEREAL,PAPER TOWELS,GROCERY,GROCERY,690,0.00275,0.123,0.068,3.04,603,1.14
BAKING NEEDS,VEGETABLES - ALL OTHERS,GROCERY,PRODUCE,1808,0.00720,0.174,0.111,2.67,1589,1.14
HISPANIC,VALUE ADDED VEGETABLES,GROCERY,PRODUCE,368,0.00147,0.026,0.175,3.09,322,1.14
BATH TISSUES,COLD CEREAL,GROCERY,GROCERY,3536,0.01409,0.260,0.141,2.59,3114,1.14
HISPANIC,PICKLE/RELISH/PKLD VEG,GROCERY,GROCERY,1130,0.00450,0.079,0.184,3.23,995,1.14
HEAT/SERVE,SOUP,MEAT-PCKGD,GROCERY,1423,0.00567,0.270,0.060,2.87,1243,1.14
HEAT/SERVE,MEAT - SHELF STABLE,MEAT-PCKGD,GROCERY,877,0.00349,0.166,0.064,3.02,768,1.14
HAIR CARE PRODUCTS,WAREHOUSE SNACKS,DRUG GM,GROCERY,446,0.00178,0.056,0.068,2.16,392,1.14
BEANS - CANNED GLASS & MW,BREAKFAST SAUSAGE/SANDWICHES,GROCERY,MEAT-PCKGD,1329,0.00530,0.140,0.121,3.20,1165,1.14
BEANS - CANNED GLASS & MW,MELONS,GROCERY,PRODUCE,503,0.00200,0.053,0.116,3.08,439,1.14
FRZN POTATOES,SUGARS/SWEETNERS,GROCERY,GROCERY,925,0.00369,0.114,0.090,2.78,810,1.14
FRZN POTATOES,POPCORN,GROCERY,PRODUCE,365,0.00145,0.045,0.093,2.87,320,1.14
FRZN POTATOES,LUNCHMEAT,GROCERY,MEAT-PCKGD,2010,0.00801,0.248,0.085,2.62,1758,1.14
FRZN NOVELTIES/WTR ICE,VALUE ADDED FRUIT,GROCERY,PRODUCE,548,0.00218,0.053,0.094,2.27,481,1.14
FRZN NOVELTIES/WTR ICE,PICKLE/RELISH/PKLD VEG,GROCERY,GROCERY,666,0.00265,0.064,0.108,2.62,585,1.14
FRZN MEAT/MEAT DINNERS,YOGURT,GROCERY,GROCERY,3927,0.01565,0.173,0.223,2.46,3456,1.14
FRZN MEAT/MEAT DINNERS,HOT CEREAL,GROCERY,GROCERY,1327,0.00529,0.058,0.237,2.61,1161,1.14
FRUIT - SHELF STABLE,FRZN MEAT/MEAT DINNERS,GROCERY,GROCERY,3322,0.01324,0.250,0.146,2.76,2912,1.14
BERRIES,FRUIT - SHELF STABLE,PRODUCE,GROCERY,1558,0.00621,0.171,0.117,3.23,1367,1.14
BERRIES,FRZN NOVELTIES/WTR ICE,PRODUCE,GROCERY,911,0.00363,0.100,0.088,2.42,798,1.14
BERRIES,MAKEUP AND TREATMENT,PRODUCE,COSMETICS,303,0.00121,0.033,0.077,2.13,267,1.14
FROZEN MEAT,SEAFOOD - SHELF STABLE,MEAT-PCKGD,GROCERY,913,0.00364,0.111,0.116,3.54,801,1.14
FROZEN MEAT,POPCORN,MEAT-PCKGD,PRODUCE,398,0.00159,0.048,0.101,3.10,349,1.14
FROZEN MEAT,FRUIT - SHELF STABLE,MEAT-PCKGD,GROCERY,1524,0.00607,0.186,0.115,3.50,1341,1.14
FROZEN BREAD/DOUGH,SUGARS/SWEETNERS,GROCERY,GROCERY,860,0.00343,0.120,0.084,2.92,756,1.14
FROZEN BREAD/DOUGH,SPICES & EXTRACTS,GROCERY,GROCERY,823,0.00328,0.114,0.087,3.04,722,1.14
BLEACH,SUGARS/SWEETNERS,GROCERY,GROCERY,364,0.00145,0.103,0.035,2.51,321,1.14
FD WRAPS/BAGS/TRSH BG,SPICES & EXTRACTS,GROCERY,GROCERY,1191,0.00475,0.106,0.126,2.81,1046,1.14
BREAKFAST SAUSAGE/SANDWICHES,SUGARS/SWEETNERS,MEAT-PCKGD,GROCERY,1270,0.00506,0.116,0.123,2.82,1116,1.14
EGGS,POTATOES,GROCERY,PRODUCE,4823,0.01922,0.173,0.316,2.84,4237,1.14
BROCCOLI/CAULIFLOWER,PORK,PRODUCE,MEAT,728,0.00290,0.163,0.059,3.30,640,1.14
DRY SAUCES/GRAVY,FD WRAPS/BAGS/TRSH BG,GROCERY,GROCERY,867,0.00345,0.134,0.077,2.99,764,1.14
DRY NOODLES/PASTA,SUGARS/SWEETNERS,GROCERY,GROCERY,1740,0.00693,0.124,0.169,3.03,1525,1.14
BROOMS AND MOPS,YOGURT,DRUG GM,GROCERY,580,0.00231,0.191,0.033,2.72,507,1.14
BUTTER,PEPPERS-ALL,GROCERY,PRODUCE,526,0.00210,0.106,0.064,3.25,460,1.14
DRY MIX DESSERTS,SEAFOOD - SHELF STABLE,GROCERY,GROCERY,577,0.00230,0.106,0.073,3.37,506,1.14
DRY MIX DESSERTS,REFRGRATD DOUGH PRODUCTS,GROCERY,GROCERY,909,0.00362,0.167,0.064,2.97,798,1.14
DRY BN/VEG/POTATO/RICE,TURKEY,GROCERY,MEAT,467,0.00186,0.035,0.167,3.17,410,1.14
CANDY - PACKAGED,COLD AND FLU,DRUG GM,DRUG GM,554,0.00221,0.026,0.114,1.33,487,1.14
DISHWASH DETERGENTS,PNT BTR/JELLY/JAMS,GROCERY,GROCERY,762,0.00304,0.122,0.074,2.96,669,1.14
CANDY - PACKAGED,FRZN NOVELTIES/WTR ICE,DRUG GM,GROCERY,1539,0.00613,0.072,0.149,1.74,1351,1.14
CANDY - PACKAGED,HAND/BODY/FACIAL PRODUCTS,DRUG GM,DRUG GM,433,0.00173,0.020,0.152,1.78,381,1.14
DINNER SAUSAGE,VEGETABLES - SHELF STABLE,MEAT-PCKGD,GROCERY,2686,0.01070,0.272,0.119,3.03,2357,1.14
DINNER SAUSAGE,EGGS,MEAT-PCKGD,GROCERY,2987,0.01190,0.303,0.107,2.73,2624,1.14
DINNER SAUSAGE,DRY NOODLES/PASTA,MEAT-PCKGD,GROCERY,1709,0.00681,0.173,0.122,3.10,1494,1.14
SUGARS/SWEETNERS,VEGETABLES - SHELF STABLE,GROCERY,GROCERY,2729,0.01087,0.265,0.121,2.95,2403,1.14
CANNED JUICES,PASTA SAUCE,GROCERY,GROCERY,2841,0.01132,0.141,0.242,3.02,2492,1.14
DIETARY AID PRODUCTS,REFRGRATD JUICES/DRNKS,DRUG GM,GROCERY,386,0.00154,0.216,0.015,2.10,338,1.14
CANNED JUICES,SOUP,GROCERY,GROCERY,5205,0.02074,0.258,0.221,2.75,4551,1.14
DELI MEATS,VALUE ADDED FRUIT,DELI,PRODUCE,1018,0.00406,0.059,0.174,2.55,890,1.14
DELI MEATS,SALAD BAR,DELI,SALAD BAR,748,0.00298,0.044,0.089,1.31,659,1.14
DELI MEATS,GRAPES,DELI,PRODUCE,1910,0.00761,0.112,0.189,2.77,1681,1.14
CRACKERS/MISC BKD FD,PICKLE/RELISH/PKLD VEG,GROCERY,GROCERY,1795,0.00715,0.079,0.291,3.22,1578,1.14
CRACKERS/MISC BKD FD,PASTA SAUCE,GROCERY,GROCERY,3486,0.01389,0.154,0.297,3.29,3058,1.14
CRACKERS/MISC BKD FD,NUTS,GROCERY,PRODUCE,504,0.00201,0.022,0.275,3.03,442,1.14
COOKIES/CONES,VALUE ADDED FRUIT,GROCERY,PRODUCE,1008,0.00402,0.059,0.172,2.53,883,1.14
COOKIES/CONES,FRZN MEAT/MEAT DINNERS,GROCERY,GROCERY,3642,0.01451,0.213,0.160,2.35,3208,1.14
CONVENIENT BRKFST/WHLSM SNACKS,VALUE ADDED FRUIT,GROCERY,PRODUCE,925,0.00369,0.066,0.158,2.84,812,1.14
CONVENIENT BRKFST/WHLSM SNACKS,LAUNDRY ADDITIVES,GROCERY,GROCERY,755,0.00301,0.054,0.170,3.04,661,1.14
CONVENIENT BRKFST/WHLSM SNACKS,HEAT/SERVE,GROCERY,MEAT-PCKGD,889,0.00354,0.064,0.168,3.02,778,1.14
CONVENIENT BRKFST/WHLSM SNACKS,GRAPES,GROCERY,PRODUCE,1776,0.00708,0.127,0.176,3.15,1560,1.14
CONVENIENT BRKFST/WHLSM SNACKS,FACIAL TISS/DNR NAPKIN,GROCERY,GROCERY,1206,0.00481,0.086,0.176,3.16,1058,1.14
CHEESE,MEAT - SHELF STABLE,GROCERY,GROCERY,7185,0.02863,0.153,0.521,2.79,6329,1.14
CONDIMENTS/SAUCES,ONIONS,GROCERY,PRODUCE,3255,0.01297,0.182,0.209,2.94,2854,1.14
CONDIMENTS/SAUCES,DRY NOODLES/PASTA,GROCERY,GROCERY,3153,0.01256,0.177,0.225,3.16,2760,1.14
SQUASH,VEGETABLES - SHELF STABLE,PRODUCE,GROCERY,640,0.00255,0.315,0.028,3.50,560,1.14
COLD CEREAL,INFANT FORMULA,GROCERY,DRUG GM,337,0.00134,0.013,0.129,1.29,295,1.14
COLD CEREAL,FRUIT - SHELF STABLE,GROCERY,GROCERY,4268,0.01701,0.170,0.321,3.21,3729,1.14
COFFEE,DOMESTIC WINE,GROCERY,GROCERY,352,0.00140,0.031,0.078,1.70,308,1.14
CHICKEN/POULTRY,DELI MEATS,DELI,DELI,598,0.00238,0.102,0.035,1.49,524,1.14
COFFEE,CRACKERS/MISC BKD FD,GROCERY,GROCERY,2743,0.01093,0.239,0.121,2.65,2401,1.14
COCOA MIXES,SPICES & EXTRACTS,GROCERY,GROCERY,446,0.00178,0.117,0.047,3.10,393,1.14
COCOA MIXES,PAPER TOWELS,GROCERY,GROCERY,478,0.00190,0.125,0.047,3.09,418,1.14
COLD CEREAL,FROZEN MEAT,GROCERY,MEAT-PCKGD,2484,0.00990,0.099,0.303,3.02,2193,1.13
CONVENIENT BRKFST/WHLSM SNACKS,HOUSEHOLD CLEANG NEEDS,GROCERY,GROCERY,1204,0.00480,0.086,0.163,2.93,1067,1.13
CHEESE,HOT DOGS,GROCERY,MEAT-PCKGD,5391,0.02148,0.115,0.494,2.64,4788,1.13
ROLLS,VEGETABLES SALAD,PASTRY,PRODUCE,489,0.00195,0.096,0.046,2.25,434,1.13
CHEESES,SHAVING CARE PRODUCTS,DELI,DRUG GM,354,0.00141,0.031,0.108,2.39,314,1.13
BAKED SWEET GOODS,CRACKERS/MISC BKD FD,GROCERY,GROCERY,4256,0.01696,0.228,0.187,2.52,3780,1.13
CHEESE,MEAT - MISC,GROCERY,MEAT-PCKGD,4249,0.01693,0.091,0.505,2.70,3765,1.13
EGGS,TURKEY,GROCERY,MEAT,848,0.00338,0.030,0.304,2.74,748,1.13
APPLES,WATER - CARBONATED/FLVRD DRINK,PRODUCE,GROCERY,2114,0.00842,0.160,0.118,2.24,1871,1.13
FRZN MEAT/MEAT DINNERS,ISOTONIC DRINKS,GROCERY,GROCERY,1045,0.00416,0.046,0.196,2.16,921,1.13
BACON,CONDIMENTS/SAUCES,MEAT-PCKGD,GROCERY,2334,0.00930,0.215,0.131,3.02,2073,1.13
FRUIT - SHELF STABLE,PICKLE/RELISH/PKLD VEG,GROCERY,GROCERY,1174,0.00468,0.088,0.191,3.60,1036,1.13
DRY SAUCES/GRAVY,HOT DOGS,GROCERY,MEAT-PCKGD,873,0.00348,0.135,0.080,3.09,769,1.13
CHEESES,ORAL HYGIENE PRODUCTS,DELI,DRUG GM,860,0.00343,0.076,0.110,2.45,761,1.13
FLOUR & MEALS,FRZN VEGETABLE/VEG DSH,GROCERY,GROCERY,446,0.00178,0.142,0.035,2.80,395,1.13
FRZN JCE CONC/DRNKS,TROPICAL FRUIT,GROCERY,PRODUCE,609,0.00243,0.321,0.019,2.48,541,1.13
AIR CARE,WATER - CARBONATED/FLVRD DRINK,GROCERY,GROCERY,555,0.00221,0.146,0.031,2.04,489,1.13
BROCCOLI/CAULIFLOWER,SALD DRSNG/SNDWCH SPRD,PRODUCE,GROCERY,958,0.00382,0.214,0.057,3.21,847,1.13
BEEF,VEGETABLES SALAD,MEAT,PRODUCE,4042,0.01611,0.110,0.377,2.58,3576,1.13
BREAKFAST SAUSAGE/SANDWICHES,CONDIMENTS/SAUCES,MEAT-PCKGD,GROCERY,2273,0.00906,0.207,0.127,2.91,2015,1.13
LAUNDRY DETERGENTS,MOLASSES/SYRUP/PANCAKE MIXS,GROCERY,GROCERY,453,0.00181,0.054,0.100,2.98,400,1.13
CONDIMENTS/SAUCES,POTATOES,GROCERY,PRODUCE,3245,0.01293,0.182,0.212,2.98,2868,1.13
FROZEN BREAD/DOUGH,MILK BY-PRODUCTS,GROCERY,GROCERY,1646,0.00656,0.229,0.084,2.92,1454,1.13
EGGS,PNT BTR/JELLY/JAMS,GROCERY,GROCERY,3265,0.01301,0.117,0.315,2.84,2895,1.13
REFRGRATD JUICES/DRNKS,STONE FRUIT,GROCERY,PRODUCE,1316,0.00524,0.051,0.240,2.32,1164,1.13
CITRUS,MISC. DAIRY,PRODUCE,GROCERY,885,0.00353,0.088,0.121,2.99,781,1.13
CONDIMENTS/SAUCES,PEPPERS-ALL,GROCERY,PRODUCE,1795,0.00715,0.101,0.218,3.07,1588,1.13
CHEESES,CITRUS,DELI,PRODUCE,1265,0.00504,0.112,0.125,2.77,1119,1.13
TROPICAL FRUIT,VALUE ADDED VEGETABLES,PRODUCE,PRODUCE,748,0.00298,0.023,0.357,2.76,663,1.13
BAKED SWEET GOODS,COLD CEREAL,GROCERY,GROCERY,4644,0.01850,0.249,0.185,2.48,4095,1.13
CANDY - PACKAGED,DIAPERS & DISPOSABLES,DRUG GM,DRUG GM,565,0.00225,0.026,0.124,1.44,500,1.13
BROCCOLI/CAULIFLOWER,HISPANIC,PRODUCE,GROCERY,823,0.00328,0.184,0.058,3.24,726,1.13
DOMESTIC WINE,SPICES & EXTRACTS,GROCERY,GROCERY,305,0.00122,0.067,0.032,1.79,270,1.13
COLD CEREAL,REFRGRATD JUICES/DRNKS,GROCERY,GROCERY,6250,0.02490,0.249,0.241,2.41,5527,1.13
COLD CEREAL,SEAFOOD - SHELF STABLE,GROCERY,GROCERY,2515,0.01002,0.100,0.319,3.18,2224,1.13
CONDIMENTS/SAUCES,DRY MIX DESSERTS,GROCERY,GROCERY,1144,0.00456,0.064,0.210,2.95,1012,1.13
PWDR/CRYSTL DRNK MX,VEGETABLES - SHELF STABLE,GROCERY,GROCERY,1538,0.00613,0.289,0.068,3.21,1362,1.13
COLD CEREAL,SUGARS/SWEETNERS,GROCERY,GROCERY,2796,0.01114,0.111,0.272,2.72,2485,1.13
DINNER SAUSAGE,SEAFOOD - SHELF STABLE,MEAT-PCKGD,GROCERY,985,0.00392,0.100,0.125,3.18,873,1.13
DRY BN/VEG/POTATO/RICE,FROZEN PIZZA,GROCERY,GROCERY,3381,0.01347,0.255,0.146,2.76,2982,1.13
CIGARETTES,PAPER TOWELS,DRUG GM,GROCERY,519,0.00207,0.048,0.051,1.17,461,1.13
VALUE ADDED FRUIT,VEGETABLES - ALL OTHERS,PRODUCE,PRODUCE,1014,0.00404,0.173,0.062,2.66,900,1.13
BAKING NEEDS,FACIAL TISS/DNR NAPKIN,GROCERY,GROCERY,763,0.00304,0.073,0.111,2.69,673,1.13
BAKED SWEET GOODS,PAPER HOUSEWARES,GROCERY,GROCERY,1360,0.00542,0.073,0.177,2.38,1198,1.13
MAKEUP AND TREATMENT,YOGURT,COSMETICS,GROCERY,580,0.00231,0.148,0.033,2.11,512,1.13
CANNED MILK,MILK BY-PRODUCTS,GROCERY,GROCERY,358,0.00143,0.198,0.018,2.52,318,1.13
CANDY - PACKAGED,ISOTONIC DRINKS,DRUG GM,GROCERY,793,0.00316,0.037,0.148,1.73,701,1.13
DRIED FRUIT,ONIONS,NUTRITION,PRODUCE,589,0.00235,0.195,0.038,3.15,523,1.13
MILK BY-PRODUCTS,REFRGRATD DOUGH PRODUCTS,GROCERY,GROCERY,3099,0.01235,0.157,0.220,2.80,2741,1.13
DELI MEATS,TROPICAL FRUIT,DELI,PRODUCE,5600,0.02231,0.327,0.172,2.53,4967,1.13
FROZEN PIE/DESSERTS,MOLASSES/SYRUP/PANCAKE MIXS,GROCERY,GROCERY,314,0.00125,0.049,0.070,2.72,278,1.13
HISPANIC,SEAFOOD - FROZEN,GROCERY,SEAFOOD-PCKGD,1240,0.00494,0.087,0.165,2.90,1094,1.13
DRY BN/VEG/POTATO/RICE,PICKLE/RELISH/PKLD VEG,GROCERY,GROCERY,1138,0.00453,0.086,0.185,3.50,1006,1.13
SOAP - LIQUID & BAR,YOGURT,DRUG GM,GROCERY,1091,0.00435,0.186,0.062,2.66,967,1.13
CANDY - CHECKLANE,COOKIES,DRUG GM,PASTRY,429,0.00171,0.018,0.116,1.26,381,1.13
CARROTS,FRUIT - SHELF STABLE,PRODUCE,GROCERY,1596,0.00636,0.190,0.120,3.59,1414,1.13
CRACKERS/MISC BKD FD,TEAS,GROCERY,GROCERY,944,0.00376,0.042,0.271,2.99,832,1.13
CARROTS,PICKLE/RELISH/PKLD VEG,PRODUCE,GROCERY,722,0.00288,0.086,0.117,3.50,640,1.13
BEANS - CANNED GLASS & MW,CANNED JUICES,GROCERY,GROCERY,2225,0.00887,0.234,0.110,2.92,1967,1.13
LAUNDRY DETERGENTS,MAGAZINE,GROCERY,DRUG GM,428,0.00171,0.051,0.059,1.76,378,1.13
APPLES,BAKING NEEDS,PRODUCE,GROCERY,1492,0.00595,0.113,0.144,2.73,1325,1.13
LUNCHMEAT,PASTA SAUCE,MEAT-PCKGD,GROCERY,3168,0.01262,0.134,0.270,2.86,2810,1.13
FROZEN PIE/DESSERTS,MARGARINES,GROCERY,GROCERY,874,0.00348,0.136,0.065,2.52,771,1.13
LAUNDRY ADDITIVES,WATER - CARBONATED/FLVRD DRINK,GROCERY,GROCERY,680,0.00271,0.153,0.038,2.14,601,1.13
SOUP,SPICES & EXTRACTS,GROCERY,GROCERY,2584,0.01030,0.110,0.273,2.91,2291,1.13
BREAKFAST SAUSAGE/SANDWICHES,HOT CEREAL,MEAT-PCKGD,GROCERY,754,0.00300,0.069,0.135,3.08,664,1.13
DINNER MXS:DRY,POTATOES,GROCERY,PRODUCE,2751,0.01096,0.207,0.180,3.40,2430,1.13
BAKING MIXES,COOKIES/CONES,GROCERY,GROCERY,2024,0.00807,0.179,0.118,2.63,1787,1.13
MARGARINES,MILK BY-PRODUCTS,GROCERY,GROCERY,3004,0.01197,0.222,0.153,2.83,2650,1.13
DRY MIX DESSERTS,FD WRAPS/BAGS/TRSH BG,GROCERY,GROCERY,698,0.00278,0.128,0.062,2.86,616,1.13
CAKES,HOT DOGS,PASTRY,MEAT-PCKGD,309,0.00123,0.070,0.028,1.60,274,1.13
CANNED JUICES,PAPER TOWELS,GROCERY,GROCERY,2167,0.00863,0.107,0.213,2.65,1923,1.13
DINNER MXS:DRY,WAREHOUSE SNACKS,GROCERY,GROCERY,954,0.00380,0.072,0.146,2.75,843,1.13
DIAPERS & DISPOSABLES,WATER - CARBONATED/FLVRD DRINK,DRUG GM,GROCERY,502,0.00200,0.110,0.028,1.53,446,1.13
BAKING NEEDS,PROCESSED,GROCERY,PRODUCE,533,0.00212,0.051,0.114,2.74,471,1.13
CIGARETTES,LAUNDRY DETERGENTS,DRUG GM,GROCERY,424,0.00169,0.039,0.050,1.15,376,1.13
MUSHROOMS,YOGURT,PRODUCE,GROCERY,1009,0.00402,0.213,0.057,3.04,889,1.13
DRY MIX DESSERTS,ICE CREAM/MILK/SHERBTS,GROCERY,GROCERY,917,0.00365,0.168,0.046,2.11,815,1.13
CRACKERS/MISC BKD FD,FROZEN MEAT,GROCERY,MEAT-PCKGD,2314,0.00922,0.102,0.282,3.12,2045,1.13
DINNER MXS:DRY,ISOTONIC DRINKS,GROCERY,GROCERY,789,0.00314,0.059,0.148,2.78,695,1.13
BAKED SWEET GOODS,DRY SAUCES/GRAVY,GROCERY,GROCERY,1276,0.00508,0.068,0.197,2.64,1128,1.13
HISPANIC,MISCELLANEOUS,GROCERY,MEAT-PCKGD,388,0.00155,0.027,0.176,3.10,344,1.13
CRACKERS/MISC BKD FD,DRY BN/VEG/POTATO/RICE,GROCERY,GROCERY,3834,0.01528,0.169,0.289,3.20,3384,1.13
FACIAL TISS/DNR NAPKIN,TROPICAL FRUIT,GROCERY,PRODUCE,2389,0.00952,0.349,0.074,2.70,2116,1.13
CANDY - PACKAGED,COCOA MIXES,DRUG GM,GROCERY,658,0.00262,0.031,0.172,2.01,580,1.13
ORAL HYGIENE PRODUCTS,REFRIGERATED,DRUG GM,NUTRITION,332,0.00132,0.043,0.064,2.07,295,1.13
DINNER SAUSAGE,FROZEN BREAD/DOUGH,MEAT-PCKGD,GROCERY,838,0.00334,0.085,0.117,2.97,739,1.13
HISPANIC,MEAT - MISC,GROCERY,MEAT-PCKGD,1443,0.00575,0.101,0.171,3.02,1280,1.13
ORAL HYGIENE PRODUCTS,SNACK NUTS,DRUG GM,GROCERY,332,0.00132,0.043,0.071,2.29,295,1.13
BEANS - CANNED GLASS & MW,MISC. DAIRY,GROCERY,GROCERY,938,0.00374,0.099,0.128,3.38,830,1.13
FROZEN PIZZA,MISCELLANEOUS,GROCERY,MEAT-PCKGD,544,0.00217,0.024,0.247,2.68,482,1.13
FROZEN PIZZA,MOLASSES/SYRUP/PANCAKE MIXS,GROCERY,GROCERY,1170,0.00466,0.051,0.259,2.81,1034,1.13
ANALGESICS,CANDY - PACKAGED,DRUG GM,DRUG GM,523,0.00208,0.123,0.024,1.44,463,1.13
AIR CARE,CANDY - PACKAGED,GROCERY,DRUG GM,594,0.00237,0.156,0.028,1.82,525,1.13
SALD DRSNG/SNDWCH SPRD,SUGARS/SWEETNERS,GROCERY,GROCERY,1919,0.00765,0.115,0.187,2.80,1698,1.13
COLD AND FLU,FD WRAPS/BAGS/TRSH BG,DRUG GM,GROCERY,337,0.00134,0.069,0.030,1.54,298,1.13
PASTA SAUCE,SALAD MIX,GROCERY,PRODUCE,2332,0.00929,0.199,0.150,3.22,2063,1.13
DINNER MXS:DRY,FRZN VEGETABLE/VEG DSH,GROCERY,GROCERY,2213,0.00882,0.166,0.174,3.28,1954,1.13
PASTA SAUCE,SEAFOOD - FROZEN,GROCERY,SEAFOOD-PCKGD,1120,0.00446,0.096,0.149,3.19,991,1.13
FRZN VEGETABLE/VEG DSH,PEARS,GROCERY,PRODUCE,312,0.00124,0.024,0.158,3.11,276,1.13
ISOTONIC DRINKS,LUNCHMEAT,GROCERY,MEAT-PCKGD,1133,0.00451,0.212,0.048,2.24,1003,1.13
BAG SNACKS,DINNER SAUSAGE,GROCERY,MEAT-PCKGD,3778,0.01505,0.090,0.383,2.29,3334,1.13
COOKIES/CONES,FROZEN PIE/DESSERTS,GROCERY,GROCERY,1035,0.00412,0.061,0.161,2.36,915,1.13
CANDY - CHECKLANE,MAKEUP AND TREATMENT,DRUG GM,COSMETICS,461,0.00184,0.020,0.117,1.27,407,1.13
COOKIES/CONES,FROZEN MEAT,GROCERY,MEAT-PCKGD,1605,0.00640,0.094,0.196,2.87,1424,1.13
FRZN VEGETABLE/VEG DSH,ONIONS,GROCERY,PRODUCE,2303,0.00918,0.181,0.148,2.92,2035,1.13
COLD AND FLU,WATER - CARBONATED/FLVRD DRINK,DRUG GM,GROCERY,474,0.00189,0.097,0.026,1.36,421,1.13
DRY NOODLES/PASTA,FRZN POTATOES,GROCERY,GROCERY,1401,0.00558,0.100,0.173,3.09,1241,1.13
BREAKFAST SAUSAGE/SANDWICHES,DRY BN/VEG/POTATO/RICE,MEAT-PCKGD,GROCERY,1843,0.00734,0.168,0.139,3.18,1632,1.13
BAG SNACKS,CONVENIENT BRKFST/WHLSM SNACKS,GROCERY,GROCERY,5656,0.02254,0.135,0.404,2.42,4991,1.13
FROZEN BREAD/DOUGH,MISC. DAIRY,GROCERY,GROCERY,680,0.00271,0.095,0.093,3.23,604,1.13
FRZN POTATOES,WAREHOUSE SNACKS,GROCERY,GROCERY,516,0.00206,0.064,0.079,2.44,457,1.13
COLD CEREAL,DIETARY AID PRODUCTS,GROCERY,DRUG GM,425,0.00169,0.017,0.238,2.38,375,1.13
FACIAL TISS/DNR NAPKIN,HOT CEREAL,GROCERY,GROCERY,471,0.00188,0.069,0.084,3.08,417,1.13
COOKIES/CONES,DIAPERS & DISPOSABLES,GROCERY,DRUG GM,558,0.00222,0.033,0.122,1.79,495,1.13
FRUIT - SHELF STABLE,FRZN VEGETABLE/VEG DSH,GROCERY,GROCERY,2187,0.00871,0.164,0.172,3.24,1930,1.13
COOKIES,WATER - CARBONATED/FLVRD DRINK,PASTRY,GROCERY,441,0.00176,0.119,0.025,1.67,391,1.13
HERBS,YOGURT,PRODUCE,GROCERY,662,0.00264,0.203,0.038,2.90,585,1.13
CHEESES,WAREHOUSE SNACKS,DELI,GROCERY,719,0.00286,0.064,0.110,2.44,637,1.13
COOKIES,SOFT DRINKS,PASTRY,GROCERY,1506,0.00600,0.408,0.021,1.43,1335,1.13
DRY NOODLES/PASTA,MILK BY-PRODUCTS,GROCERY,GROCERY,3321,0.01323,0.237,0.169,3.02,2940,1.13
CONVENIENT BRKFST/WHLSM SNACKS,TROPICAL FRUIT,GROCERY,PRODUCE,5099,0.02032,0.365,0.157,2.82,4510,1.13
FRZN POTATOES,HEAT/SERVE,GROCERY,MEAT-PCKGD,474,0.00189,0.058,0.090,2.78,420,1.13
BACON,SPICES & EXTRACTS,MEAT-PCKGD,GROCERY,1235,0.00492,0.114,0.131,3.02,1097,1.13
CANDY - PACKAGED,NUTS,DRUG GM,PRODUCE,308,0.00123,0.014,0.168,1.96,273,1.13
BACON,SNACK NUTS,MEAT-PCKGD,GROCERY,563,0.00224,0.052,0.120,2.78,497,1.13
CHEESES,TROPICAL FRUIT,DELI,PRODUCE,3889,0.01550,0.344,0.120,2.66,3430,1.13
FRZN NOVELTIES/WTR ICE,LUNCHMEAT,GROCERY,MEAT-PCKGD,2167,0.00863,0.209,0.091,2.22,1925,1.13
FRZN NOVELTIES/WTR ICE,GRAPES,GROCERY,PRODUCE,1020,0.00406,0.099,0.101,2.45,901,1.13
FRZN MEAT/MEAT DINNERS,SOUP,GROCERY,GROCERY,5338,0.02127,0.235,0.226,2.50,4719,1.13
APPLES,POTATOES,PRODUCE,PRODUCE,2474,0.00986,0.187,0.162,3.08,2199,1.13
LUNCHMEAT,PORK,MEAT-PCKGD,MEAT,3099,0.01235,0.131,0.251,2.65,2767,1.12
CANNED JUICES,DRY SAUCES/GRAVY,GROCERY,GROCERY,1473,0.00587,0.073,0.227,2.83,1316,1.12
CANNED JUICES,COFFEE FILTERS,GROCERY,DRUG GM,328,0.00131,0.016,0.200,2.49,293,1.12
ISOTONIC DRINKS,PAPER HOUSEWARES,GROCERY,GROCERY,377,0.00150,0.071,0.049,2.30,337,1.12
DINNER SAUSAGE,DRY SAUCES/GRAVY,MEAT-PCKGD,GROCERY,756,0.00301,0.077,0.117,2.96,678,1.12
BAKING MIXES,OLIVES,GROCERY,GROCERY,369,0.00147,0.033,0.140,3.11,329,1.12
HOT DOGS,POPCORN,MEAT-PCKGD,PRODUCE,491,0.00196,0.045,0.125,2.87,437,1.12
DINNER SAUSAGE,SALD DRSNG/SNDWCH SPRD,MEAT-PCKGD,GROCERY,1860,0.00741,0.189,0.111,2.82,1668,1.12
CITRUS,ROLLS,PRODUCE,PASTRY,455,0.00181,0.045,0.090,2.22,406,1.12
SNACK NUTS,YOGURT,GROCERY,GROCERY,847,0.00338,0.181,0.048,2.58,759,1.12
CITRUS,SEAFOOD - SHELF STABLE,PRODUCE,GROCERY,986,0.00393,0.098,0.125,3.10,884,1.12
HOT DOGS,SOFT DRINKS,MEAT-PCKGD,GROCERY,5292,0.02109,0.485,0.074,1.70,4743,1.12
SMOKED MEATS,SOUP,MEAT,GROCERY,1022,0.00407,0.261,0.043,2.78,909,1.12
COCOA MIXES,VEGETABLES - SHELF STABLE,GROCERY,GROCERY,1116,0.00445,0.292,0.049,3.24,998,1.12
SEAFOOD - SHELF STABLE,YOGURT,GROCERY,GROCERY,1752,0.00698,0.222,0.100,3.17,1567,1.12
APPLES,BUTTER,PRODUCE,GROCERY,810,0.00323,0.061,0.164,3.11,720,1.12
BREAD,HISPANIC,PASTRY,GROCERY,1075,0.00428,0.135,0.075,2.38,957,1.12
SEAFOOD - SHELF STABLE,VEGETABLES - ALL OTHERS,GROCERY,PRODUCE,1654,0.00659,0.210,0.101,3.22,1474,1.12
SEAFOOD - SHELF STABLE,SNACK NUTS,GROCERY,GROCERY,431,0.00172,0.055,0.092,2.93,386,1.12
APPLES,COLD CEREAL,PRODUCE,GROCERY,3859,0.01538,0.292,0.154,2.92,3433,1.12
FROZEN PIZZA,FRZN JCE CONC/DRNKS,GROCERY,GROCERY,417,0.00166,0.018,0.220,2.39,371,1.12
BERRIES,ISOTONIC DRINKS,PRODUCE,GROCERY,469,0.00187,0.051,0.088,2.42,419,1.12
FACIAL TISS/DNR NAPKIN,YOGURT,GROCERY,GROCERY,1369,0.00546,0.200,0.078,2.85,1228,1.12
FROZEN PIZZA,HISPANIC,GROCERY,GROCERY,3352,0.01336,0.145,0.235,2.55,2990,1.12
COFFEE,SMOKED MEATS,GROCERY,MEAT,442,0.00176,0.039,0.113,2.47,395,1.12
APPLES,DELI MEATS,PRODUCE,DELI,2510,0.01000,0.190,0.147,2.79,2236,1.12
APPLES,DIAPERS & DISPOSABLES,PRODUCE,DRUG GM,458,0.00182,0.035,0.100,1.90,409,1.12
SEAFOOD - FROZEN,VALUE ADDED FRUIT,SEAFOOD-PCKGD,PRODUCE,459,0.00183,0.061,0.079,2.62,408,1.12
BREAKFAST SWEETS,FLUID MILK PRODUCTS,PASTRY,GROCERY,3490,0.01391,0.428,0.050,1.55,3113,1.12
APPLES,HAND/BODY/FACIAL PRODUCTS,PRODUCE,DRUG GM,385,0.00153,0.029,0.135,2.57,345,1.12
CHICKEN,DRY SAUCES/GRAVY,MEAT,GROCERY,1158,0.00461,0.077,0.178,2.98,1032,1.12
CHEESES,WATER - CARBONATED/FLVRD DRINK,DELI,GROCERY,1734,0.00691,0.153,0.097,2.14,1548,1.12
CHEESES,VALUE ADDED FRUIT,DELI,PRODUCE,690,0.00275,0.061,0.118,2.62,615,1.12
ROLLS,VEGETABLES - ALL OTHERS,PASTRY,PRODUCE,751,0.00299,0.148,0.046,2.27,673,1.12
CHICKEN/POULTRY,FRZN NOVELTIES/WTR ICE,DELI,GROCERY,337,0.00134,0.057,0.033,1.39,301,1.12
COLD CEREAL,POPCORN,GROCERY,PRODUCE,1100,0.00438,0.044,0.280,2.80,981,1.12
BROCCOLI/CAULIFLOWER,COFFEE,PRODUCE,GROCERY,573,0.00228,0.128,0.050,2.81,514,1.12
REFRGRATD DOUGH PRODUCTS,WAREHOUSE SNACKS,GROCERY,GROCERY,897,0.00357,0.064,0.137,2.44,800,1.12
COLD CEREAL,TROPICAL FRUIT,GROCERY,PRODUCE,8463,0.03372,0.337,0.261,2.60,7557,1.12
EGGS,HOT CEREAL,GROCERY,GROCERY,1769,0.00705,0.063,0.316,2.84,1576,1.12
BABY FOODS,REFRGRATD DOUGH PRODUCTS,DRUG GM,GROCERY,494,0.00197,0.117,0.035,2.08,443,1.12
PWDR/CRYSTL DRNK MX,SEAFOOD - FROZEN,GROCERY,SEAFOOD-PCKGD,474,0.00189,0.089,0.063,2.97,423,1.12
FLUID MILK PRODUCTS,YOGURT,GROCERY,GROCERY,10446,0.04162,0.151,0.594,2.15,9348,1.12
PROCESSED,SALD DRSNG/SNDWCH SPRD,PRODUCE,GROCERY,939,0.00374,0.200,0.056,3.00,835,1.12
BREAD,MILK BY-PRODUCTS,PASTRY,GROCERY,1450,0.00578,0.182,0.074,2.32,1293,1.12
FRZN BREAKFAST FOODS,LAUNDRY DETERGENTS,GROCERY,GROCERY,685,0.00273,0.094,0.081,2.78,612,1.12
CONDIMENTS/SAUCES,KITCHEN GADGETS,GROCERY,DRUG GM,338,0.00135,0.019,0.177,2.49,301,1.12
BLEACH,FRZN NOVELTIES/WTR ICE,GROCERY,GROCERY,317,0.00126,0.089,0.031,2.17,284,1.12
BEERS/ALES,CHEESES,GROCERY,DELI,1120,0.00446,0.072,0.099,1.60,998,1.12
POTATOES,SEAFOOD - FROZEN,PRODUCE,SEAFOOD-PCKGD,1333,0.00531,0.087,0.177,2.91,1194,1.12
CONDIMENTS/SAUCES,SEAFOOD - SHELF STABLE,GROCERY,GROCERY,1815,0.00723,0.102,0.230,3.23,1617,1.12
BEEF,SPICES & EXTRACTS,MEAT,GROCERY,3606,0.01437,0.098,0.381,2.61,3206,1.12
PORK,SQUASH,MEAT,PRODUCE,334,0.00133,0.027,0.165,3.34,297,1.12
FRZN MEAT/MEAT DINNERS,HOT DOGS,GROCERY,MEAT-PCKGD,2448,0.00975,0.108,0.224,2.47,2181,1.12
CONVENIENT BRKFST/WHLSM SNACKS,DRY BN/VEG/POTATO/RICE,GROCERY,GROCERY,2488,0.00991,0.178,0.188,3.37,2225,1.12
POPCORN,SOFT DRINKS,PRODUCE,GROCERY,1894,0.00755,0.482,0.026,1.69,1687,1.12
FRZN MEAT/MEAT DINNERS,MEAT - MISC,GROCERY,MEAT-PCKGD,1924,0.00767,0.085,0.229,2.52,1719,1.12
BROOMS AND MOPS,CONVENIENT BRKFST/WHLSM SNACKS,DRUG GM,GROCERY,490,0.00195,0.161,0.035,2.89,436,1.12
FRZN MEAT/MEAT DINNERS,PASTA SAUCE,GROCERY,GROCERY,2873,0.01145,0.126,0.245,2.70,2557,1.12
PNT BTR/JELLY/JAMS,SOAP - LIQUID & BAR,GROCERY,DRUG GM,672,0.00268,0.065,0.115,2.78,602,1.12
CONVENIENT BRKFST/WHLSM SNACKS,HISPANIC,GROCERY,GROCERY,2457,0.00979,0.176,0.172,3.09,2200,1.12
BACON,ONIONS,MEAT-PCKGD,PRODUCE,2038,0.00812,0.188,0.131,3.03,1823,1.12
CHEESE,FRZN POTATOES,GROCERY,GROCERY,3920,0.01562,0.084,0.483,2.59,3499,1.12
PNT BTR/JELLY/JAMS,POPCORN,GROCERY,PRODUCE,485,0.00193,0.047,0.123,2.99,431,1.12
CONVENIENT BRKFST/WHLSM SNACKS,MAKEUP AND TREATMENT,GROCERY,COSMETICS,482,0.00192,0.034,0.123,2.20,432,1.12
FRZN NOVELTIES/WTR ICE,HEAT/SERVE,GROCERY,MEAT-PCKGD,508,0.00202,0.049,0.096,2.34,453,1.12
BREAKFAST SAUSAGE/SANDWICHES,CHEESE,MEAT-PCKGD,GROCERY,5409,0.02155,0.493,0.115,2.64,4830,1.12
PICKLE/RELISH/PKLD VEG,SOUP,GROCERY,GROCERY,1841,0.00734,0.299,0.078,3.18,1642,1.12
FRZN NOVELTIES/WTR ICE,MOLASSES/SYRUP/PANCAKE MIXS,GROCERY,GROCERY,485,0.00193,0.047,0.108,2.61,432,1.12
BREAD,STONE FRUIT,PASTRY,PRODUCE,393,0.00157,0.049,0.072,2.26,350,1.12
BROOMS AND MOPS,SALAD MIX,DRUG GM,PRODUCE,506,0.00202,0.166,0.033,2.69,453,1.12
DRY NOODLES/PASTA,PORK,GROCERY,MEAT,2203,0.00878,0.157,0.178,3.19,1969,1.12
CONVENIENT BRKFST/WHLSM SNACKS,SEAFOOD - SHELF STABLE,GROCERY,GROCERY,1534,0.00611,0.110,0.194,3.49,1368,1.12
DRY NOODLES/PASTA,PICKLE/RELISH/PKLD VEG,GROCERY,GROCERY,1183,0.00471,0.084,0.192,3.44,1052,1.12
FRZN NOVELTIES/WTR ICE,SEAFOOD - FROZEN,GROCERY,SEAFOOD-PCKGD,732,0.00292,0.071,0.097,2.36,654,1.12
CONVENIENT BRKFST/WHLSM SNACKS,SOAP - LIQUID & BAR,GROCERY,DRUG GM,927,0.00369,0.066,0.158,2.84,830,1.12
BREAD,VALUE ADDED FRUIT,PASTRY,PRODUCE,414,0.00165,0.052,0.071,2.23,368,1.12
BUTTER,CHEESE,GROCERY,GROCERY,2505,0.00998,0.506,0.053,2.71,2238,1.12
BEEF,FROZEN MEAT,MEAT,MEAT-PCKGD,3292,0.01312,0.090,0.401,2.74,2937,1.12
FROZEN MEAT,SALD DRSNG/SNDWCH SPRD,MEAT-PCKGD,GROCERY,1680,0.00669,0.205,0.100,3.07,1503,1.12
COFFEE,DEODORANTS,GROCERY,DRUG GM,423,0.00169,0.037,0.100,2.18,379,1.12
BAG SNACKS,CANDY - CHECKLANE,GROCERY,DRUG GM,5122,0.02041,0.122,0.220,1.32,4589,1.12
FRZN POTATOES,SMOKED MEATS,GROCERY,MEAT,343,0.00137,0.042,0.088,2.71,307,1.12
CITRUS,FRUIT - SHELF STABLE,PRODUCE,GROCERY,1655,0.00659,0.164,0.124,3.09,1483,1.12
BAG SNACKS,CHEESES,GROCERY,DELI,4308,0.01717,0.103,0.381,2.28,3831,1.12
COFFEE,DRIED FRUIT,GROCERY,NUTRITION,382,0.00152,0.033,0.127,2.78,342,1.12
PASTA SAUCE,TEAS,GROCERY,GROCERY,535,0.00213,0.046,0.153,3.29,479,1.12
PASTA SAUCE,SPICES & EXTRACTS,GROCERY,GROCERY,1409,0.00561,0.120,0.149,3.19,1258,1.12
PASTA SAUCE,PICKLE/RELISH/PKLD VEG,GROCERY,GROCERY,1019,0.00406,0.087,0.165,3.54,910,1.12
FRZN VEGETABLE/VEG DSH,TEAS,GROCERY,GROCERY,518,0.00206,0.041,0.149,2.93,461,1.12
PAPER HOUSEWARES,SNACK NUTS,GROCERY,GROCERY,353,0.00141,0.046,0.075,2.46,316,1.12
BAG SNACKS,MEAT - MISC,GROCERY,MEAT-PCKGD,3291,0.01311,0.078,0.391,2.34,2938,1.12
FROZEN MEAT,SOUP,MEAT-PCKGD,GROCERY,2387,0.00951,0.291,0.101,3.10,2128,1.12
BAG SNACKS,PICKLE/RELISH/PKLD VEG,GROCERY,GROCERY,2525,0.01006,0.060,0.410,2.45,2251,1.12
CRACKERS/MISC BKD FD,DRY MIX DESSERTS,GROCERY,GROCERY,1453,0.00579,0.064,0.267,2.95,1299,1.12
CRACKERS/MISC BKD FD,DRY NOODLES/PASTA,GROCERY,GROCERY,3981,0.01586,0.175,0.284,3.14,3544,1.12
ONIONS,SALD DRSNG/SNDWCH SPRD,PRODUCE,GROCERY,3034,0.01209,0.195,0.181,2.92,2698,1.12
BUTTER,YOGURT,GROCERY,GROCERY,1023,0.00408,0.207,0.058,2.95,913,1.12
DRY MIX DESSERTS,PAPER HOUSEWARES,GROCERY,GROCERY,457,0.00182,0.084,0.059,2.74,407,1.12
ONIONS,PORK,PRODUCE,MEAT,2283,0.00910,0.147,0.185,2.98,2030,1.12
BEANS - CANNED GLASS & MW,HOT CEREAL,GROCERY,GROCERY,694,0.00277,0.073,0.124,3.27,622,1.12
CRACKERS/MISC BKD FD,FROZEN BREAD/DOUGH,GROCERY,GROCERY,1960,0.00781,0.086,0.273,3.01,1756,1.12
BEANS - CANNED GLASS & MW,FRZN VEGETABLE/VEG DSH,GROCERY,GROCERY,1494,0.00595,0.157,0.117,3.10,1338,1.12
CRACKERS/MISC BKD FD,LUNCHMEAT,GROCERY,MEAT-PCKGD,5568,0.02219,0.245,0.235,2.60,4993,1.12
CRACKERS/MISC BKD FD,MISC. DAIRY,GROCERY,GROCERY,2055,0.00819,0.091,0.280,3.10,1830,1.12
CARROTS,VEGETABLES - SHELF STABLE,PRODUCE,GROCERY,2538,0.01011,0.302,0.112,3.36,2257,1.12
CARROTS,SEAFOOD - SHELF STABLE,PRODUCE,GROCERY,949,0.00378,0.113,0.120,3.59,844,1.12
CRACKERS/MISC BKD FD,SPICES & EXTRACTS,GROCERY,GROCERY,2462,0.00981,0.108,0.260,2.88,2203,1.12
MISC. DAIRY,SNACK NUTS,GROCERY,GROCERY,383,0.00153,0.052,0.082,2.80,341,1.12
BAKED BREAD/BUNS/ROLLS,MEAT - MISC,GROCERY,MEAT-PCKGD,4954,0.01974,0.082,0.588,2.45,4432,1.12
MISC. DAIRY,PROCESSED,GROCERY,PRODUCE,435,0.00173,0.059,0.093,3.17,388,1.12
DELI MEATS,PEARS,DELI,PRODUCE,389,0.00155,0.023,0.197,2.89,347,1.12
MISC. DAIRY,PICKLE/RELISH/PKLD VEG,GROCERY,GROCERY,610,0.00243,0.083,0.099,3.39,543,1.12
CHICKEN,STONE FRUIT,MEAT,PRODUCE,868,0.00346,0.058,0.158,2.64,772,1.12
DRY BN/VEG/POTATO/RICE,POTATOES,GROCERY,PRODUCE,2610,0.01040,0.197,0.171,3.23,2329,1.12
MISC. DAIRY,ONIONS,GROCERY,PRODUCE,1397,0.00557,0.190,0.090,3.07,1249,1.12
DRY BN/VEG/POTATO/RICE,POPCORN,GROCERY,PRODUCE,649,0.00259,0.049,0.165,3.13,578,1.12
DRY BN/VEG/POTATO/RICE,PNT BTR/JELLY/JAMS,GROCERY,GROCERY,1805,0.00719,0.136,0.174,3.30,1607,1.12
CARROTS,DRY NOODLES/PASTA,PRODUCE,GROCERY,1604,0.00639,0.191,0.114,3.42,1436,1.12
BAKED BREAD/BUNS/ROLLS,PNT BTR/JELLY/JAMS,GROCERY,GROCERY,6123,0.02440,0.102,0.591,2.46,5483,1.12
MELONS,POTATOES,PRODUCE,PRODUCE,752,0.00300,0.174,0.049,2.86,674,1.12
CANNED JUICES,VALUE ADDED FRUIT,GROCERY,PRODUCE,1155,0.00460,0.057,0.198,2.46,1032,1.12
HERBS,MILK BY-PRODUCTS,PRODUCE,GROCERY,725,0.00289,0.222,0.037,2.83,645,1.12
BATH TISSUES,HOT CEREAL,GROCERY,GROCERY,830,0.00331,0.061,0.148,2.73,740,1.12
CANNED JUICES,SEAFOOD - SHELF STABLE,GROCERY,GROCERY,1902,0.00758,0.094,0.241,3.00,1693,1.12
DRY BN/VEG/POTATO/RICE,DRY MIX DESSERTS,GROCERY,GROCERY,924,0.00368,0.070,0.170,3.21,824,1.12
DRIED FRUIT,VEGETABLES - SHELF STABLE,NUTRITION,GROCERY,900,0.00359,0.299,0.040,3.32,802,1.12
DIETARY AID PRODUCTS,FRZN MEAT/MEAT DINNERS,DRUG GM,GROCERY,338,0.00135,0.190,0.015,2.09,301,1.12
SNACKS,TROPICAL FRUIT,DELI,PRODUCE,398,0.00159,0.314,0.012,2.43,354,1.12
CANDY - CHECKLANE,POPCORN,DRUG GM,PRODUCE,508,0.00202,0.022,0.129,1.40,454,1.12
CANNED JUICES,MISC. DAIRY,GROCERY,GROCERY,1675,0.00667,0.083,0.228,2.84,1495,1.12
BAKING NEEDS,VEGETABLES - SHELF STABLE,GROCERY,GROCERY,2587,0.01031,0.249,0.115,2.77,2312,1.12
BAKED SWEET GOODS,REFRGRATD JUICES/DRNKS,GROCERY,GROCERY,4173,0.01663,0.223,0.161,2.16,3721,1.12
CANNED JUICES,GRAPES,GROCERY,PRODUCE,2187,0.00871,0.108,0.216,2.69,1958,1.12
LUNCHMEAT,SALD DRSNG/SNDWCH SPRD,MEAT-PCKGD,GROCERY,4117,0.01641,0.174,0.246,2.60,3688,1.12
CANNED JUICES,FROZEN BREAD/DOUGH,GROCERY,GROCERY,1607,0.00640,0.080,0.223,2.78,1436,1.12
DRY NOODLES/PASTA,SMOKED MEATS,GROCERY,MEAT,641,0.00255,0.046,0.164,2.93,577,1.11
BACON,TOMATOES,MEAT-PCKGD,PRODUCE,1929,0.00769,0.178,0.126,2.92,1739,1.11
PICKLE/RELISH/PKLD VEG,SALAD MIX,GROCERY,PRODUCE,1191,0.00475,0.193,0.077,3.13,1068,1.11
CONVENIENT BRKFST/WHLSM SNACKS,REFRGRATD DOUGH PRODUCTS,GROCERY,GROCERY,2387,0.00951,0.171,0.169,3.03,2143,1.11
MELONS,SALAD MIX,PRODUCE,PRODUCE,739,0.00294,0.171,0.048,2.77,666,1.11
HOT CEREAL,SPICES & EXTRACTS,GROCERY,GROCERY,631,0.00251,0.113,0.067,2.99,566,1.11
HOUSEHOLD CLEANG NEEDS,PROCESSED,GROCERY,PRODUCE,384,0.00153,0.052,0.082,2.78,346,1.11
CONVENIENT BRKFST/WHLSM SNACKS,SOUP,GROCERY,GROCERY,4044,0.01611,0.289,0.172,3.08,3631,1.11
CHEESE,CRACKERS/MISC BKD FD,GROCERY,GROCERY,11065,0.04409,0.236,0.487,2.61,9934,1.11
BEEF,FRZN VEGETABLE/VEG DSH,MEAT,GROCERY,4792,0.01909,0.131,0.376,2.57,4321,1.11
MEAT - SHELF STABLE,SALD DRSNG/SNDWCH SPRD,GROCERY,GROCERY,2803,0.01117,0.203,0.167,3.04,2530,1.11
COFFEE,COLD CEREAL,GROCERY,GROCERY,2875,0.01146,0.251,0.114,2.50,2592,1.11
CANDY - PACKAGED,MAKEUP AND TREATMENT,DRUG GM,COSMETICS,521,0.00208,0.024,0.133,1.55,469,1.11
HOT CEREAL,HOUSEHOLD CLEANG NEEDS,GROCERY,GROCERY,468,0.00186,0.084,0.063,2.84,420,1.11
MEAT - MISC,SOUP,MEAT-PCKGD,GROCERY,2343,0.00934,0.278,0.099,2.96,2113,1.11
DRY NOODLES/PASTA,MISC. DAIRY,GROCERY,GROCERY,1357,0.00541,0.097,0.185,3.31,1219,1.11
APPLES,ORAL HYGIENE PRODUCTS,PRODUCE,DRUG GM,1026,0.00409,0.078,0.132,2.50,925,1.11
CHICKEN,CITRUS,MEAT,PRODUCE,1645,0.00655,0.109,0.163,2.71,1476,1.11
DRY NOODLES/PASTA,HOT DOGS,GROCERY,MEAT-PCKGD,1876,0.00748,0.134,0.172,3.08,1694,1.11
DINNER MXS:DRY,HOT CEREAL,GROCERY,GROCERY,1013,0.00404,0.076,0.181,3.41,913,1.11
COOKIES/CONES,DRIED FRUIT,GROCERY,NUTRITION,592,0.00236,0.035,0.196,2.88,533,1.11
FD WRAPS/BAGS/TRSH BG,WATER - CARBONATED/FLVRD DRINK,GROCERY,GROCERY,1668,0.00665,0.148,0.093,2.07,1505,1.11
COLD CEREAL,CRACKERS/MISC BKD FD,GROCERY,GROCERY,6383,0.02543,0.254,0.281,2.81,5748,1.11
BATH TISSUES,ISOTONIC DRINKS,GROCERY,GROCERY,643,0.00256,0.047,0.120,2.22,581,1.11
HOT CEREAL,REFRGRATD JUICES/DRNKS,GROCERY,GROCERY,1447,0.00577,0.258,0.056,2.50,1300,1.11
SALAD MIX,TROPICAL FRUIT,PRODUCE,PRODUCE,5319,0.02119,0.343,0.164,2.65,4777,1.11
BAG SNACKS,CRACKERS/MISC BKD FD,GROCERY,GROCERY,8647,0.03446,0.206,0.381,2.28,7772,1.11
SALADS/DIPS,TOMATOES,DELI,PRODUCE,840,0.00335,0.140,0.055,2.30,756,1.11
FACIAL TISS/DNR NAPKIN,MISC. DAIRY,GROCERY,GROCERY,617,0.00246,0.090,0.084,3.08,555,1.11
CHICKEN,EGGS,MEAT,GROCERY,4415,0.01759,0.293,0.158,2.64,3977,1.11
BREAKFAST SAUSAGE/SANDWICHES,POTATOES,MEAT-PCKGD,PRODUCE,1979,0.00789,0.180,0.129,2.96,1781,1.11
DISHWASH DETERGENTS,SHORTENING/OIL,GROCERY,GROCERY,582,0.00232,0.093,0.070,2.84,526,1.11
BUTTER,HOUSEHOLD CLEANG NEEDS,GROCERY,GROCERY,408,0.00163,0.082,0.055,2.80,368,1.11
CAT LITTER,WATER - CARBONATED/FLVRD DRINK,GROCERY,GROCERY,392,0.00156,0.133,0.022,1.86,353,1.11
SALADS/DIPS,WATER - CARBONATED/FLVRD DRINK,DELI,GROCERY,789,0.00314,0.131,0.044,1.83,709,1.11
CITRUS,FLOUR & MEALS,PRODUCE,GROCERY,339,0.00135,0.034,0.108,2.68,305,1.11
DRY MIX DESSERTS,TROPICAL FRUIT,GROCERY,PRODUCE,1877,0.00748,0.345,0.058,2.66,1692,1.11
MAGAZINE,WATER - CARBONATED/FLVRD DRINK,DRUG GM,GROCERY,796,0.00317,0.110,0.044,1.54,715,1.11
FRZN VEGETABLE/VEG DSH,REFRGRATD DOUGH PRODUCTS,GROCERY,GROCERY,2032,0.00810,0.160,0.144,2.84,1825,1.11
PAPER TOWELS,WAREHOUSE SNACKS,GROCERY,GROCERY,635,0.00253,0.062,0.097,2.40,572,1.11
COOKIES/CONES,MISC. DAIRY,GROCERY,GROCERY,1414,0.00563,0.083,0.193,2.83,1274,1.11
SALD DRSNG/SNDWCH SPRD,TEAS,GROCERY,GROCERY,676,0.00269,0.040,0.194,2.90,612,1.11
COOKIES/CONES,SUGARS/SWEETNERS,GROCERY,GROCERY,1788,0.00712,0.105,0.174,2.55,1617,1.11
GRAPES,ISOTONIC DRINKS,PRODUCE,GROCERY,527,0.00210,0.052,0.099,2.45,475,1.11
COOKIES/CONES,TROPICAL FRUIT,GROCERY,PRODUCE,5451,0.02172,0.319,0.168,2.46,4921,1.11
FROZEN BREAD/DOUGH,HISPANIC,GROCERY,GROCERY,1228,0.00489,0.171,0.086,3.01,1107,1.11
BAG SNACKS,PWDR/CRYSTL DRNK MX,GROCERY,GROCERY,2080,0.00829,0.050,0.391,2.34,1870,1.11
COFFEE,SPICES & EXTRACTS,GROCERY,GROCERY,1100,0.00438,0.096,0.116,2.55,991,1.11
CITRUS,FACIAL TISS/DNR NAPKIN,PRODUCE,GROCERY,772,0.00308,0.076,0.113,2.80,694,1.11
COFFEE,SOUP,GROCERY,GROCERY,2773,0.01105,0.242,0.118,2.58,2496,1.11
FROZEN PIE/DESSERTS,FRZN MEAT/MEAT DINNERS,GROCERY,GROCERY,1249,0.00498,0.194,0.055,2.14,1128,1.11
CANNED JUICES,REFRGRATD JUICES/DRNKS,GROCERY,GROCERY,4696,0.01871,0.233,0.181,2.25,4214,1.11
MEAT - MISC,POTATOES,MEAT-PCKGD,PRODUCE,1553,0.00619,0.184,0.102,3.03,1399,1.11
GRAPES,REFRGRATD JUICES/DRNKS,PRODUCE,GROCERY,2541,0.01013,0.251,0.098,2.43,2289,1.11
CHICKEN,SOUP,MEAT,GROCERY,3978,0.01585,0.264,0.169,2.81,3573,1.11
BAKING MIXES,MISC. DAIRY,GROCERY,GROCERY,971,0.00387,0.086,0.132,2.94,872,1.11
FROZEN PIE/DESSERTS,PAPER HOUSEWARES,GROCERY,GROCERY,454,0.00181,0.071,0.059,2.31,410,1.11
CITRUS,SNACK NUTS,PRODUCE,GROCERY,476,0.00190,0.047,0.102,2.53,430,1.11
CRACKERS/MISC BKD FD,FROZEN PIZZA,GROCERY,GROCERY,5259,0.02096,0.232,0.227,2.51,4749,1.11
CITRUS,SPICES & EXTRACTS,PRODUCE,GROCERY,1052,0.00419,0.104,0.111,2.76,945,1.11
DRY MIX DESSERTS,FRZN NOVELTIES/WTR ICE,GROCERY,GROCERY,538,0.00214,0.099,0.052,2.40,486,1.11
MUSHROOMS,SALD DRSNG/SNDWCH SPRD,PRODUCE,GROCERY,958,0.00382,0.202,0.057,3.03,864,1.11
MOLASSES/SYRUP/PANCAKE MIXS,PICKLE/RELISH/PKLD VEG,GROCERY,GROCERY,388,0.00155,0.086,0.063,3.51,350,1.11
DRY MIX DESSERTS,FROZEN MEAT,GROCERY,MEAT-PCKGD,552,0.00220,0.101,0.067,3.10,498,1.11
FD WRAPS/BAGS/TRSH BG,HOT CEREAL,GROCERY,GROCERY,725,0.00289,0.065,0.129,2.89,652,1.11
BERRIES,ONIONS,PRODUCE,PRODUCE,1615,0.00644,0.177,0.104,2.86,1450,1.11
HISPANIC,POPCORN,GROCERY,PRODUCE,639,0.00255,0.045,0.163,2.86,575,1.11
FROZEN PIE/DESSERTS,POTATOES,GROCERY,PRODUCE,987,0.00393,0.154,0.065,2.52,890,1.11
MISC. DAIRY,SEAFOOD - FROZEN,GROCERY,SEAFOOD-PCKGD,660,0.00263,0.090,0.088,3.00,594,1.11
DELI MEATS,ISOTONIC DRINKS,DELI,GROCERY,830,0.00331,0.048,0.155,2.28,750,1.11
MARGARINES,PASTA SAUCE,GROCERY,GROCERY,2011,0.00801,0.148,0.172,3.18,1805,1.11
REFRGRATD DOUGH PRODUCTS,SHORTENING/OIL,GROCERY,GROCERY,1360,0.00542,0.096,0.165,2.93,1221,1.11
TEAS,YOGURT,GROCERY,GROCERY,695,0.00277,0.199,0.040,2.84,629,1.11
COLD CEREAL,SOUP,GROCERY,GROCERY,6614,0.02635,0.263,0.281,2.80,5977,1.11
COCOA MIXES,FLUID MILK PRODUCTS,GROCERY,GROCERY,2355,0.00938,0.616,0.034,2.24,2125,1.11
FD WRAPS/BAGS/TRSH BG,MISC. DAIRY,GROCERY,GROCERY,962,0.00383,0.086,0.131,2.93,868,1.11
CONDIMENTS/SAUCES,FROZEN BREAD/DOUGH,GROCERY,GROCERY,1523,0.00607,0.085,0.212,2.98,1367,1.11
BROCCOLI/CAULIFLOWER,CHEESES,PRODUCE,DELI,623,0.00248,0.139,0.055,3.09,560,1.11
PROCESSED,TROPICAL FRUIT,PRODUCE,PRODUCE,1647,0.00656,0.351,0.051,2.71,1481,1.11
DISHWASH DETERGENTS,FRZN BREAKFAST FOODS,GROCERY,GROCERY,524,0.00209,0.084,0.072,2.89,474,1.11
BABY HBC,GRAPES,DRUG GM,PRODUCE,370,0.00147,0.093,0.037,2.31,332,1.11
FRZN BREAKFAST FOODS,PAPER HOUSEWARES,GROCERY,GROCERY,624,0.00249,0.085,0.081,2.79,561,1.11
BABY HBC,PNT BTR/JELLY/JAMS,DRUG GM,GROCERY,388,0.00155,0.098,0.037,2.36,348,1.11
BEERS/ALES,CONDIMENTS/SAUCES,GROCERY,GROCERY,1745,0.00695,0.113,0.098,1.58,1572,1.11
POTATOES,SOUP,PRODUCE,GROCERY,4235,0.01688,0.277,0.180,2.95,3826,1.11
HOT CEREAL,WATER - CARBONATED/FLVRD DRINK,GROCERY,GROCERY,891,0.00355,0.159,0.050,2.22,802,1.11
HOT DOGS,SEAFOOD - FROZEN,MEAT-PCKGD,SEAFOOD-PCKGD,925,0.00369,0.085,0.123,2.83,831,1.11
CHEESES,ISOTONIC DRINKS,DELI,GROCERY,577,0.00230,0.051,0.108,2.39,519,1.11
COLD CEREAL,PAPER TOWELS,GROCERY,GROCERY,2791,0.01112,0.111,0.274,2.74,2525,1.11
FRZN BREAKFAST FOODS,VALUE ADDED FRUIT,GROCERY,PRODUCE,465,0.00185,0.064,0.080,2.73,419,1.11
FRUIT - SHELF STABLE,POTATOES,GROCERY,PRODUCE,2665,0.01062,0.200,0.174,3.29,2399,1.11
FRZN JCE CONC/DRNKS,MILK BY-PRODUCTS,GROCERY,GROCERY,383,0.00153,0.202,0.019,2.57,345,1.11
CANDY - CHECKLANE,COOKIES/CONES,DRUG GM,GROCERY,2161,0.00861,0.093,0.126,1.36,1941,1.11
BEEF,TOMATOES,MEAT,PRODUCE,5693,0.02268,0.155,0.373,2.55,5136,1.11
PORK,SUGARS/SWEETNERS,MEAT,GROCERY,1420,0.00566,0.115,0.138,2.80,1280,1.11
BAKING NEEDS,MISC. DAIRY,GROCERY,GROCERY,841,0.00335,0.081,0.115,2.77,757,1.11
BAKING NEEDS,MUSHROOMS,GROCERY,PRODUCE,542,0.00216,0.052,0.114,2.76,487,1.11
REFRIGERATED,SEAFOOD - SHELF STABLE,NUTRITION,GROCERY,417,0.00166,0.081,0.053,2.57,375,1.11
COLD CEREAL,HOT DOGS,GROCERY,MEAT-PCKGD,3066,0.01222,0.122,0.281,2.80,2756,1.11
BROOMS AND MOPS,CANNED JUICES,DRUG GM,GROCERY,609,0.00243,0.200,0.030,2.49,551,1.11
DISHWASH DETERGENTS,MARGARINES,GROCERY,GROCERY,933,0.00372,0.150,0.069,2.78,838,1.11
BEEF,SEAFOOD - FROZEN,MEAT,SEAFOOD-PCKGD,2804,0.01117,0.076,0.373,2.55,2523,1.11
BROOMS AND MOPS,CITRUS,DRUG GM,PRODUCE,318,0.00127,0.105,0.031,2.60,287,1.11
CANDY - PACKAGED,FIRST AID PRODUCTS,DRUG GM,DRUG GM,326,0.00130,0.015,0.123,1.44,293,1.11
BACON,DRY BN/VEG/POTATO/RICE,MEAT-PCKGD,GROCERY,1867,0.00744,0.172,0.141,3.25,1686,1.11
BATH TISSUES,SEAFOOD - SHELF STABLE,GROCERY,GROCERY,1231,0.00491,0.090,0.156,2.88,1111,1.11
BACON,DRY MIX DESSERTS,MEAT-PCKGD,GROCERY,718,0.00286,0.066,0.132,3.04,647,1.11
CONVENIENT BRKFST/WHLSM SNACKS,FD WRAPS/BAGS/TRSH BG,GROCERY,GROCERY,1840,0.00733,0.132,0.164,2.94,1655,1.11
MARGARINES,MEAT - SHELF STABLE,GROCERY,GROCERY,2254,0.00898,0.166,0.163,3.03,2036,1.11
DRY BN/VEG/POTATO/RICE,ONIONS,GROCERY,PRODUCE,2547,0.01015,0.192,0.164,3.10,2305,1.11
FROZEN MEAT,PICKLE/RELISH/PKLD VEG,MEAT-PCKGD,GROCERY,672,0.00268,0.082,0.109,3.34,607,1.11
BEEF,PWDR/CRYSTL DRNK MX,MEAT,GROCERY,2083,0.00830,0.057,0.392,2.68,1872,1.11
DRY BN/VEG/POTATO/RICE,OLIVES,GROCERY,GROCERY,491,0.00196,0.037,0.186,3.52,442,1.11
CHEESE,FRZN JCE CONC/DRNKS,GROCERY,GROCERY,858,0.00342,0.018,0.453,2.42,770,1.11
BEERS/ALES,SOAP - LIQUID & BAR,GROCERY,DRUG GM,554,0.00221,0.036,0.095,1.53,500,1.11
DELI MEATS,TOMATOES,DELI,PRODUCE,2730,0.01088,0.160,0.179,2.62,2470,1.11
CITRUS,COLD AND FLU,PRODUCE,DRUG GM,300,0.00120,0.030,0.061,1.53,271,1.11
CANDY - PACKAGED,FACIAL TISS/DNR NAPKIN,DRUG GM,GROCERY,1119,0.00446,0.052,0.163,1.91,1011,1.11
FROZEN BREAD/DOUGH,POPCORN,GROCERY,PRODUCE,334,0.00133,0.046,0.085,2.97,300,1.11
BEEF,MISCELLANEOUS,MEAT,MEAT-PCKGD,869,0.00346,0.024,0.395,2.70,783,1.11
FRZN NOVELTIES/WTR ICE,MAGAZINE,GROCERY,DRUG GM,491,0.00196,0.047,0.068,1.65,441,1.11
FRUIT - SHELF STABLE,MARGARINES,GROCERY,GROCERY,2288,0.00912,0.172,0.169,3.19,2059,1.11
FRZN NOVELTIES/WTR ICE,MISC. DAIRY,GROCERY,GROCERY,755,0.00301,0.073,0.103,2.50,679,1.11
CITRUS,SALAD MIX,PRODUCE,PRODUCE,1737,0.00692,0.172,0.112,2.78,1558,1.11
HEAT/SERVE,REFRGRATD JUICES/DRNKS,MEAT-PCKGD,GROCERY,1265,0.00504,0.240,0.049,2.32,1151,1.10
BACON,POPCORN,MEAT-PCKGD,PRODUCE,501,0.00200,0.046,0.128,2.95,454,1.10
CANNED JUICES,DRY BN/VEG/POTATO/RICE,GROCERY,GROCERY,3046,0.01214,0.151,0.230,2.86,2762,1.10
BAKING NEEDS,ORGANICS FRUIT & VEGETABLES,GROCERY,PRODUCE,582,0.00232,0.056,0.110,2.66,528,1.10
BREAKFAST SAUSAGE/SANDWICHES,COOKIES/CONES,MEAT-PCKGD,GROCERY,1985,0.00791,0.181,0.116,2.65,1809,1.10
DRY NOODLES/PASTA,SEAFOOD - FROZEN,GROCERY,SEAFOOD-PCKGD,1265,0.00504,0.090,0.168,3.01,1150,1.10
COCOA MIXES,FRZN MEAT/MEAT DINNERS,GROCERY,GROCERY,884,0.00352,0.231,0.039,2.55,803,1.10
MILK BY-PRODUCTS,PEPPERS-ALL,GROCERY,PRODUCE,1872,0.00746,0.095,0.228,2.90,1698,1.10
ELECTRICAL SUPPPLIES,WATER - CARBONATED/FLVRD DRINK,DRUG GM,GROCERY,359,0.00143,0.135,0.020,1.89,327,1.10
DEODORANTS,FROZEN PIZZA,DRUG GM,GROCERY,828,0.00330,0.195,0.036,2.11,752,1.10
CARROTS,SPICES & EXTRACTS,PRODUCE,GROCERY,976,0.00389,0.116,0.103,3.08,888,1.10
CHEESE,FROZEN MEAT,GROCERY,MEAT-PCKGD,4136,0.01648,0.088,0.504,2.70,3762,1.10
DRIED FRUIT,SHORTENING/OIL,NUTRITION,GROCERY,315,0.00126,0.105,0.038,3.18,285,1.10
MISCELLANEOUS,VEGETABLES - SHELF STABLE,MEAT-PCKGD,GROCERY,627,0.00250,0.285,0.028,3.16,570,1.10
CONVENIENT BRKFST/WHLSM SNACKS,REFRGRATD JUICES/DRNKS,GROCERY,GROCERY,3604,0.01436,0.258,0.139,2.49,3280,1.10
BEANS - CANNED GLASS & MW,COFFEE,GROCERY,GROCERY,1182,0.00471,0.124,0.103,2.73,1076,1.10
EGGS,PORK,GROCERY,MEAT,3741,0.01491,0.134,0.302,2.72,3410,1.10
FLOUR & MEALS,SEAFOOD - SHELF STABLE,GROCERY,GROCERY,304,0.00121,0.097,0.039,3.09,276,1.10
MEAT - SHELF STABLE,SOFT DRINKS,GROCERY,GROCERY,6744,0.02687,0.489,0.094,1.71,6118,1.10
HEAT/SERVE,VEGETABLES - SHELF STABLE,MEAT-PCKGD,GROCERY,1366,0.00544,0.259,0.060,2.88,1246,1.10
GREETING CARDS/WRAP/PARTY SPLY,LAUNDRY DETERGENTS,DRUG GM,GROCERY,414,0.00165,0.055,0.049,1.62,375,1.10
REFRGRATD JUICES/DRNKS,TROPICAL FRUIT,GROCERY,PRODUCE,7498,0.02988,0.289,0.231,2.24,6840,1.10
CANDY - CHECKLANE,PWDR/CRYSTL DRNK MX,DRUG GM,GROCERY,683,0.00272,0.029,0.128,1.39,621,1.10
MEAT - SHELF STABLE,SEAFOOD - FROZEN,GROCERY,SEAFOOD-PCKGD,1225,0.00488,0.089,0.163,2.96,1117,1.10
FRZN BREAKFAST FOODS,WATER - CARBONATED/FLVRD DRINK,GROCERY,GROCERY,1154,0.00460,0.158,0.064,2.21,1046,1.10
DRY MIX DESSERTS,DRY NOODLES/PASTA,GROCERY,GROCERY,947,0.00377,0.174,0.068,3.11,862,1.10
SALAD MIX,SEAFOOD - SHELF STABLE,PRODUCE,GROCERY,1540,0.00614,0.099,0.195,3.16,1402,1.10
CHEESES,VEGETABLES - ALL OTHERS,DELI,PRODUCE,2043,0.00814,0.180,0.125,2.77,1863,1.10
FROZEN BREAD/DOUGH,POTATOES,GROCERY,PRODUCE,1322,0.00527,0.184,0.086,3.02,1207,1.10
BEANS - CANNED GLASS & MW,CARROTS,GROCERY,PRODUCE,1077,0.00429,0.113,0.128,3.39,977,1.10
CHEESES,MISC. DAIRY,DELI,GROCERY,974,0.00388,0.086,0.133,2.94,889,1.10
BREAD,CHICKEN,PASTRY,MEAT,1087,0.00433,0.137,0.072,2.28,991,1.10
DISHWASH DETERGENTS,HEAT/SERVE,GROCERY,MEAT-PCKGD,349,0.00139,0.056,0.066,2.67,317,1.10
BAKING NEEDS,CONDIMENTS/SAUCES,GROCERY,GROCERY,1905,0.00759,0.183,0.107,2.58,1735,1.10
BEERS/ALES,WAREHOUSE SNACKS,GROCERY,GROCERY,594,0.00237,0.038,0.091,1.47,538,1.10
MARGARINES,SEAFOOD - SHELF STABLE,GROCERY,GROCERY,1351,0.00538,0.100,0.171,3.17,1227,1.10
DINNER SAUSAGE,SEAFOOD-FRESH,MEAT-PCKGD,SEAFOOD,357,0.00142,0.036,0.097,2.47,323,1.10
COLD CEREAL,DRY BN/VEG/POTATO/RICE,GROCERY,GROCERY,3994,0.01591,0.159,0.301,3.01,3625,1.10
MISC. DAIRY,SHORTENING/OIL,GROCERY,GROCERY,752,0.00300,0.103,0.091,3.11,682,1.10
COLD CEREAL,LAUNDRY DETERGENTS,GROCERY,GROCERY,2169,0.00864,0.086,0.256,2.56,1969,1.10
ISOTONIC DRINKS,REFRGRATD JUICES/DRNKS,GROCERY,GROCERY,1134,0.00452,0.212,0.044,2.05,1033,1.10
CARROTS,DRY BN/VEG/POTATO/RICE,PRODUCE,GROCERY,1509,0.00601,0.180,0.114,3.40,1372,1.10
FRZN POTATOES,SOUP,GROCERY,GROCERY,2148,0.00856,0.265,0.091,2.82,1948,1.10
DRY BN/VEG/POTATO/RICE,FRZN MEAT/MEAT DINNERS,GROCERY,GROCERY,3133,0.01248,0.236,0.138,2.61,2838,1.10
COFFEE,FLOUR & MEALS,GROCERY,GROCERY,354,0.00141,0.031,0.113,2.47,321,1.10
BAG SNACKS,CHEESE,GROCERY,GROCERY,16527,0.06586,0.394,0.353,2.11,14990,1.10
BABY FOODS,COLD CEREAL,DRUG GM,GROCERY,854,0.00340,0.202,0.034,2.02,779,1.10
PEPPERS-ALL,ROLLS,PRODUCE,PASTRY,389,0.00155,0.047,0.077,2.34,353,1.10
SALAD MIX,SPICES & EXTRACTS,PRODUCE,GROCERY,1647,0.00656,0.106,0.174,2.82,1497,1.10
FRZN VEGETABLE/VEG DSH,HOT CEREAL,GROCERY,GROCERY,838,0.00334,0.066,0.150,2.95,763,1.10
REFRGRATD DOUGH PRODUCTS,SUGARS/SWEETNERS,GROCERY,GROCERY,1564,0.00623,0.111,0.152,2.70,1419,1.10
COLD CEREAL,WAREHOUSE SNACKS,GROCERY,GROCERY,1539,0.00613,0.061,0.235,2.35,1405,1.10
CARROTS,HISPANIC,PRODUCE,GROCERY,1500,0.00598,0.179,0.105,3.14,1358,1.10
MILK BY-PRODUCTS,VALUE ADDED VEGETABLES,GROCERY,PRODUCE,466,0.00186,0.024,0.222,2.83,425,1.10
MISC. DAIRY,PNT BTR/JELLY/JAMS,GROCERY,GROCERY,956,0.00381,0.130,0.092,3.16,868,1.10
APPLES,PNT BTR/JELLY/JAMS,PRODUCE,GROCERY,1655,0.00659,0.125,0.160,3.03,1509,1.10
BERRIES,DELI MEATS,PRODUCE,DELI,1642,0.00654,0.180,0.096,2.64,1487,1.10
FROZEN MEAT,SHORTENING/OIL,MEAT-PCKGD,GROCERY,836,0.00333,0.102,0.101,3.09,762,1.10
FACIAL TISS/DNR NAPKIN,PNT BTR/JELLY/JAMS,GROCERY,GROCERY,839,0.00334,0.122,0.081,2.97,766,1.10
BACON,BAKED SWEET GOODS,MEAT-PCKGD,GROCERY,2063,0.00822,0.190,0.110,2.55,1876,1.10
COLD CEREAL,SOAP - LIQUID & BAR,GROCERY,DRUG GM,1516,0.00604,0.060,0.259,2.58,1375,1.10
DEODORANTS,WATER - CARBONATED/FLVRD DRINK,DRUG GM,GROCERY,559,0.00223,0.131,0.031,1.84,509,1.10
REFRIGERATED,VEGETABLES SALAD,NUTRITION,PRODUCE,499,0.00199,0.097,0.047,2.26,455,1.10
COOKIES/CONES,FRZN POTATOES,GROCERY,GROCERY,1445,0.00576,0.084,0.178,2.61,1312,1.10
AIR CARE,FRZN BREAKFAST FOODS,GROCERY,GROCERY,300,0.00120,0.079,0.041,2.71,272,1.10
CHEESES,COOKIES,DELI,PASTRY,334,0.00133,0.030,0.090,2.01,303,1.10
FRUIT - SHELF STABLE,SPICES & EXTRACTS,GROCERY,GROCERY,1577,0.00628,0.119,0.167,3.15,1433,1.10
CHICKEN,TOMATOES,MEAT,PRODUCE,2480,0.00988,0.165,0.163,2.71,2257,1.10
FACIAL TISS/DNR NAPKIN,REFRIGERATED,GROCERY,NUTRITION,328,0.00131,0.048,0.063,2.32,299,1.10
PROCESSED,YOGURT,PRODUCE,GROCERY,949,0.00378,0.202,0.054,2.88,860,1.10
PORK,TURKEY,MEAT,MEAT,396,0.00158,0.032,0.142,2.88,360,1.10
FRZN VEGETABLE/VEG DSH,SALD DRSNG/SNDWCH SPRD,GROCERY,GROCERY,2402,0.00957,0.189,0.143,2.83,2186,1.10
BABY HBC,BERRIES,DRUG GM,PRODUCE,322,0.00128,0.081,0.035,2.23,294,1.10
EGGS,SEAFOOD - SHELF STABLE,GROCERY,GROCERY,2601,0.01036,0.093,0.330,2.97,2363,1.10
CHEESES,HAND/BODY/FACIAL PRODUCTS,DELI,DRUG GM,311,0.00124,0.027,0.109,2.43,283,1.10
COOKIES/CONES,PAPER HOUSEWARES,GROCERY,GROCERY,1298,0.00517,0.076,0.169,2.48,1177,1.10
BAKED SWEET GOODS,CIGARETTES,GROCERY,DRUG GM,930,0.00371,0.050,0.085,1.14,848,1.10
PAPER TOWELS,PNT BTR/JELLY/JAMS,GROCERY,GROCERY,1222,0.00487,0.120,0.118,2.91,1108,1.10
PAPER HOUSEWARES,SOFT DRINKS,GROCERY,GROCERY,3529,0.01406,0.459,0.049,1.61,3199,1.10
APPLES,FACIAL TISS/DNR NAPKIN,PRODUCE,GROCERY,1067,0.00425,0.081,0.156,2.96,967,1.10
HOUSEHOLD CLEANG NEEDS,WATER - CARBONATED/FLVRD DRINK,GROCERY,GROCERY,1072,0.00427,0.145,0.060,2.03,971,1.10
FROZEN BREAD/DOUGH,WAREHOUSE SNACKS,GROCERY,GROCERY,464,0.00185,0.065,0.071,2.48,424,1.10
BROOMS AND MOPS,HISPANIC,DRUG GM,GROCERY,462,0.00184,0.152,0.032,2.68,422,1.10
COOKIES/CONES,TEAS,GROCERY,GROCERY,641,0.00255,0.037,0.184,2.70,581,1.10
CANDY - CHECKLANE,COCOA MIXES,DRUG GM,GROCERY,496,0.00198,0.021,0.130,1.40,449,1.10
DINNER SAUSAGE,REFRGRATD DOUGH PRODUCTS,MEAT-PCKGD,GROCERY,1537,0.00612,0.156,0.109,2.77,1391,1.10
FROZEN BREAD/DOUGH,HOT CEREAL,GROCERY,GROCERY,498,0.00198,0.069,0.089,3.10,453,1.10
FRZN BREAKFAST FOODS,LAUNDRY ADDITIVES,GROCERY,GROCERY,373,0.00149,0.051,0.084,2.88,339,1.10
DINNER SAUSAGE,PEPPERS-ALL,MEAT-PCKGD,PRODUCE,952,0.00379,0.097,0.116,2.95,863,1.10
ICE CREAM/MILK/SHERBTS,MOLASSES/SYRUP/PANCAKE MIXS,GROCERY,GROCERY,789,0.00314,0.039,0.175,2.19,715,1.10
DELI MEATS,PICKLE/RELISH/PKLD VEG,DELI,GROCERY,1212,0.00483,0.071,0.197,2.89,1099,1.10
BREAKFAST SAUSAGE/SANDWICHES,DRY NOODLES/PASTA,MEAT-PCKGD,GROCERY,1876,0.00748,0.171,0.134,3.06,1712,1.10
CORN,SALAD MIX,PRODUCE,PRODUCE,453,0.00181,0.165,0.029,2.67,410,1.10
FROZEN BREAD/DOUGH,PICKLE/RELISH/PKLD VEG,GROCERY,GROCERY,571,0.00228,0.079,0.093,3.24,520,1.10
SALAD BAR,TROPICAL FRUIT,SALAD BAR,PRODUCE,1384,0.00551,0.165,0.043,1.27,1256,1.10
HISPANIC,SEAFOOD-FRESH,GROCERY,SEAFOOD,523,0.00208,0.037,0.142,2.51,475,1.10
FROZEN BREAD/DOUGH,SALD DRSNG/SNDWCH SPRD,GROCERY,GROCERY,1415,0.00564,0.197,0.084,2.95,1289,1.10
BAKING NEEDS,POTATOES,GROCERY,PRODUCE,1683,0.00671,0.162,0.110,2.66,1529,1.10
BEERS/ALES,PICKLE/RELISH/PKLD VEG,GROCERY,GROCERY,620,0.00247,0.040,0.101,1.63,562,1.10
CONDIMENTS/SAUCES,MISC. DAIRY,GROCERY,GROCERY,1573,0.00627,0.088,0.214,3.01,1425,1.10
FRUIT - SHELF STABLE,POPCORN,GROCERY,PRODUCE,652,0.00260,0.049,0.166,3.13,594,1.10
BACON,CHEESE,MEAT-PCKGD,GROCERY,5425,0.02162,0.499,0.116,2.67,4940,1.10
COCOA MIXES,HISPANIC,GROCERY,GROCERY,664,0.00265,0.174,0.047,3.06,602,1.10
CANDY - PACKAGED,HAIR CARE PRODUCTS,DRUG GM,DRUG GM,1153,0.00459,0.054,0.145,1.70,1044,1.10
CRACKERS/MISC BKD FD,FACIAL TISS/DNR NAPKIN,GROCERY,GROCERY,1778,0.00708,0.078,0.259,2.87,1620,1.10
BAKING NEEDS,STATIONERY & SCHOOL SUPPLIES,GROCERY,DRUG GM,331,0.00132,0.032,0.071,1.72,302,1.10
BAKING MIXES,MEAT - SHELF STABLE,GROCERY,GROCERY,1805,0.00719,0.160,0.131,2.91,1641,1.10
COCOA MIXES,PICKLE/RELISH/PKLD VEG,GROCERY,GROCERY,312,0.00124,0.082,0.051,3.33,283,1.10
COFFEE,SHORTENING/OIL,GROCERY,GROCERY,981,0.00391,0.086,0.119,2.60,891,1.10
GRAPES,SEAFOOD-FRESH,PRODUCE,SEAFOOD,372,0.00148,0.037,0.101,2.51,340,1.10
BACON,FRZN VEGETABLE/VEG DSH,MEAT-PCKGD,GROCERY,1621,0.00646,0.149,0.127,2.94,1477,1.10
BACON,CORN,MEAT-PCKGD,PRODUCE,329,0.00131,0.030,0.120,2.77,299,1.10
CAT FOOD,FRZN MEAT/MEAT DINNERS,GROCERY,GROCERY,1098,0.00438,0.167,0.048,1.85,999,1.10
SEAFOOD - FROZEN,VEGETABLES - SHELF STABLE,SEAFOOD-PCKGD,GROCERY,1990,0.00793,0.265,0.088,2.94,1810,1.10
CANNED JUICES,COOKIES,GROCERY,PASTRY,561,0.00224,0.028,0.152,1.89,512,1.10
BREAD,MISC. DAIRY,PASTRY,GROCERY,564,0.00225,0.071,0.077,2.43,513,1.10
CHICKEN,MARGARINES,MEAT,GROCERY,2248,0.00896,0.149,0.166,2.77,2042,1.10
FD WRAPS/BAGS/TRSH BG,FRUIT - SHELF STABLE,GROCERY,GROCERY,1818,0.00724,0.162,0.137,3.06,1650,1.10
CRACKERS/MISC BKD FD,OLIVES,GROCERY,GROCERY,759,0.00302,0.033,0.287,3.18,692,1.10
SEAFOOD - SHELF STABLE,SUGARS/SWEETNERS,GROCERY,GROCERY,982,0.00391,0.125,0.095,3.04,893,1.10
DISHWASH DETERGENTS,HOT CEREAL,GROCERY,GROCERY,397,0.00158,0.064,0.071,2.86,364,1.09
BREAKFAST SAUSAGE/SANDWICHES,FRZN MEAT/MEAT DINNERS,MEAT-PCKGD,GROCERY,2399,0.00956,0.219,0.105,2.41,2200,1.09
FROZEN BREAD/DOUGH,SOUP,GROCERY,GROCERY,1998,0.00796,0.278,0.085,2.96,1827,1.09
FROZEN MEAT,HOT CEREAL,MEAT-PCKGD,GROCERY,573,0.00228,0.070,0.102,3.13,528,1.09
FROZEN MEAT,MISC. DAIRY,MEAT-PCKGD,GROCERY,764,0.00304,0.093,0.104,3.18,704,1.09
FROZEN MEAT,PNT BTR/JELLY/JAMS,MEAT-PCKGD,GROCERY,1053,0.00420,0.128,0.102,3.11,970,1.09
FROZEN MEAT,REFRGRATD JUICES/DRNKS,MEAT-PCKGD,GROCERY,2090,0.00833,0.255,0.081,2.47,1924,1.09
FD WRAPS/BAGS/TRSH BG,POTATOES,GROCERY,PRODUCE,1894,0.00755,0.169,0.124,2.77,1745,1.09
BERRIES,WATER - CARBONATED/FLVRD DRINK,PRODUCE,GROCERY,1361,0.00542,0.149,0.076,2.09,1252,1.09
FROZEN MEAT,SOFT DRINKS,MEAT-PCKGD,GROCERY,3954,0.01576,0.482,0.055,1.69,3643,1.09
FROZEN PIE/DESSERTS,SHORTENING/OIL,GROCERY,GROCERY,523,0.00208,0.081,0.063,2.47,478,1.09
BERRIES,MISC. DAIRY,PRODUCE,GROCERY,782,0.00312,0.086,0.107,2.94,719,1.09
BREAKFAST SWEETS,COFFEE,PASTRY,GROCERY,601,0.00239,0.074,0.052,1.61,552,1.09
FACIAL TISS/DNR NAPKIN,SOUP,GROCERY,GROCERY,1833,0.00730,0.268,0.078,2.85,1685,1.09
FROZEN PIZZA,SOUP,GROCERY,GROCERY,5398,0.02151,0.233,0.229,2.48,4937,1.09
BERRIES,CHICKEN/POULTRY,PRODUCE,DELI,311,0.00124,0.034,0.053,1.46,285,1.09
FRUIT - SHELF STABLE,MILK BY-PRODUCTS,GROCERY,GROCERY,3133,0.01248,0.236,0.159,3.00,2881,1.09
FRUIT - SHELF STABLE,VALUE ADDED FRUIT,GROCERY,PRODUCE,880,0.00351,0.066,0.151,2.84,807,1.09
BEERS/ALES,FACIAL TISS/DNR NAPKIN,GROCERY,GROCERY,658,0.00262,0.042,0.096,1.55,606,1.09
DRY SAUCES/GRAVY,SEAFOOD - FROZEN,GROCERY,SEAFOOD-PCKGD,571,0.00228,0.088,0.076,2.94,523,1.09
BEERS/ALES,COFFEE,GROCERY,GROCERY,1049,0.00418,0.068,0.092,1.48,960,1.09
FRZN BREAKFAST FOODS,SEAFOOD - SHELF STABLE,GROCERY,GROCERY,766,0.00305,0.105,0.097,3.34,700,1.09
FRZN BREAKFAST FOODS,SNACK NUTS,GROCERY,GROCERY,366,0.00146,0.050,0.078,2.69,335,1.09
FRZN BREAKFAST FOODS,SOUP,GROCERY,GROCERY,2040,0.00813,0.279,0.087,2.97,1865,1.09
FRZN JCE CONC/DRNKS,FRZN MEAT/MEAT DINNERS,GROCERY,GROCERY,385,0.00153,0.203,0.017,2.24,355,1.09
FRZN MEAT/MEAT DINNERS,ICE CREAM/MILK/SHERBTS,GROCERY,GROCERY,3299,0.01315,0.145,0.164,1.81,3013,1.09
BEEF,REFRGRATD DOUGH PRODUCTS,MEAT,GROCERY,5206,0.02074,0.142,0.369,2.52,4774,1.09
BEEF,MUSHROOMS,MEAT,PRODUCE,1850,0.00737,0.050,0.391,2.67,1698,1.09
BEEF,MILK BY-PRODUCTS,MEAT,GROCERY,7143,0.02846,0.195,0.363,2.48,6541,1.09
DRY NOODLES/PASTA,SALAD MIX,GROCERY,PRODUCE,2609,0.01040,0.186,0.168,3.01,2398,1.09
FRZN NOVELTIES/WTR ICE,REFRGRATD JUICES/DRNKS,GROCERY,GROCERY,2156,0.00859,0.208,0.083,2.02,1985,1.09
FRZN NOVELTIES/WTR ICE,WATER - CARBONATED/FLVRD DRINK,GROCERY,GROCERY,1346,0.00536,0.130,0.075,1.82,1238,1.09
FRZN NOVELTIES/WTR ICE,YOGURT,GROCERY,GROCERY,1670,0.00665,0.161,0.095,2.30,1531,1.09
VEGETABLES - ALL OTHERS,YOGURT,PRODUCE,GROCERY,3161,0.01260,0.193,0.180,2.76,2896,1.09
FRZN POTATOES,ICE CREAM/MILK/SHERBTS,GROCERY,GROCERY,1300,0.00518,0.160,0.065,2.01,1191,1.09
DRY NOODLES/PASTA,MISCELLANEOUS,GROCERY,MEAT-PCKGD,394,0.00157,0.028,0.179,3.20,363,1.09
FRZN POTATOES,SOFT DRINKS,GROCERY,GROCERY,3821,0.01523,0.471,0.053,1.65,3490,1.09
FRZN POTATOES,VEGETABLES - SHELF STABLE,GROCERY,GROCERY,2126,0.00847,0.262,0.094,2.91,1954,1.09
FRZN VEGETABLE/VEG DSH,MILK BY-PRODUCTS,GROCERY,GROCERY,2703,0.01077,0.212,0.137,2.70,2479,1.09
FRZN VEGETABLE/VEG DSH,PASTA SAUCE,GROCERY,GROCERY,1844,0.00735,0.145,0.157,3.10,1693,1.09
FRZN VEGETABLE/VEG DSH,PEPPERS-ALL,GROCERY,PRODUCE,1237,0.00493,0.097,0.150,2.97,1132,1.09
DRY MIX DESSERTS,VEGETABLES - SHELF STABLE,GROCERY,GROCERY,1474,0.00587,0.271,0.065,3.01,1356,1.09
DRY MIX DESSERTS,SALD DRSNG/SNDWCH SPRD,GROCERY,GROCERY,1043,0.00416,0.191,0.062,2.87,955,1.09
CIGARETTES,WAREHOUSE SNACKS,DRUG GM,GROCERY,320,0.00128,0.029,0.049,1.12,294,1.09
GRAPES,ONIONS,PRODUCE,PRODUCE,1789,0.00713,0.177,0.115,2.86,1642,1.09
BEANS - CANNED GLASS & MW,MARGARINES,GROCERY,GROCERY,1560,0.00622,0.164,0.115,3.04,1427,1.09
TEAS,VEGETABLES - SHELF STABLE,GROCERY,GROCERY,944,0.00376,0.271,0.042,3.01,869,1.09
DRY MIX DESSERTS,EGGS,GROCERY,GROCERY,1631,0.00650,0.299,0.059,2.70,1492,1.09
CITRUS,PNT BTR/JELLY/JAMS,PRODUCE,GROCERY,1178,0.00469,0.117,0.114,2.82,1079,1.09
HAIR CARE PRODUCTS,WATER - CARBONATED/FLVRD DRINK,DRUG GM,GROCERY,1047,0.00417,0.132,0.058,1.84,964,1.09
CANDY - CHECKLANE,CIGARETTES,DRUG GM,DRUG GM,1073,0.00428,0.046,0.098,1.06,981,1.09
CANDY - CHECKLANE,CONVENIENT BRKFST/WHLSM SNACKS,DRUG GM,GROCERY,1788,0.00712,0.077,0.128,1.38,1644,1.09
HEAT/SERVE,LAUNDRY DETERGENTS,MEAT-PCKGD,GROCERY,446,0.00178,0.085,0.053,2.51,410,1.09
DRY BN/VEG/POTATO/RICE,MUSHROOMS,GROCERY,PRODUCE,813,0.00324,0.061,0.172,3.25,744,1.09
DRIED FRUIT,VEGETABLES SALAD,NUTRITION,PRODUCE,379,0.00151,0.126,0.035,2.95,346,1.09
DRIED FRUIT,SOUP,NUTRITION,GROCERY,867,0.00345,0.288,0.037,3.06,797,1.09
HISPANIC,SALD DRSNG/SNDWCH SPRD,GROCERY,GROCERY,2700,0.01076,0.189,0.161,2.84,2477,1.09
BAKING NEEDS,TEAS,GROCERY,GROCERY,375,0.00149,0.036,0.108,2.60,345,1.09
BAKING NEEDS,DRY SAUCES/GRAVY,GROCERY,GROCERY,729,0.00290,0.070,0.112,2.71,667,1.09
BAKING MIXES,SOUP,GROCERY,GROCERY,2885,0.01150,0.256,0.122,2.72,2652,1.09
DINNER SAUSAGE,POPCORN,MEAT-PCKGD,PRODUCE,422,0.00168,0.043,0.107,2.73,386,1.09
DINNER SAUSAGE,PAPER HOUSEWARES,MEAT-PCKGD,GROCERY,774,0.00308,0.078,0.101,2.56,711,1.09
CANDY - PACKAGED,PLASTIC HOUSEWARES,DRUG GM,DRUG GM,335,0.00133,0.016,0.153,1.79,307,1.09
ICE CREAM/MILK/SHERBTS,POPCORN,GROCERY,PRODUCE,629,0.00251,0.031,0.160,2.00,577,1.09
BAKING MIXES,PAPER HOUSEWARES,GROCERY,GROCERY,877,0.00349,0.078,0.114,2.54,802,1.09
DINNER SAUSAGE,FROZEN PIZZA,MEAT-PCKGD,GROCERY,2194,0.00874,0.222,0.095,2.41,2018,1.09
BAKING MIXES,CRACKERS/MISC BKD FD,GROCERY,GROCERY,2773,0.01105,0.246,0.122,2.72,2551,1.09
LAUNDRY DETERGENTS,POPCORN,GROCERY,PRODUCE,342,0.00136,0.040,0.087,2.58,312,1.09
LUNCHMEAT,REFRGRATD DOUGH PRODUCTS,MEAT-PCKGD,GROCERY,3351,0.01335,0.141,0.237,2.51,3076,1.09
CANNED JUICES,FROZEN PIZZA,GROCERY,GROCERY,4280,0.01705,0.212,0.185,2.30,3920,1.09
CANNED JUICES,FRZN NOVELTIES/WTR ICE,GROCERY,GROCERY,1814,0.00723,0.090,0.175,2.18,1662,1.09
MAGAZINE,ORAL HYGIENE PRODUCTS,DRUG GM,DRUG GM,366,0.00146,0.051,0.047,1.63,335,1.09
MAKEUP AND TREATMENT,SALAD MIX,COSMETICS,PRODUCE,500,0.00199,0.127,0.032,2.06,458,1.09
MARGARINES,REFRGRATD JUICES/DRNKS,GROCERY,GROCERY,3300,0.01315,0.244,0.127,2.36,3037,1.09
CHICKEN/POULTRY,SALAD MIX,DELI,PRODUCE,533,0.00212,0.091,0.034,1.47,487,1.09
BAKED SWEET GOODS,FLUID MILK PRODUCTS,GROCERY,GROCERY,9930,0.03957,0.532,0.144,1.93,9089,1.09
DIAPERS & DISPOSABLES,GRAPES,DRUG GM,PRODUCE,336,0.00134,0.074,0.033,1.83,309,1.09
MEAT - MISC,TEAS,MEAT-PCKGD,GROCERY,345,0.00137,0.041,0.099,2.95,317,1.09
MEAT - SHELF STABLE,MISCELLANEOUS,GROCERY,MEAT-PCKGD,386,0.00154,0.028,0.175,3.19,353,1.09
MELONS,PORK,PRODUCE,MEAT,589,0.00235,0.136,0.048,2.77,542,1.09
DEODORANTS,FRZN BREAKFAST FOODS,DRUG GM,GROCERY,301,0.00120,0.071,0.041,2.43,277,1.09
BAKED BREAD/BUNS/ROLLS,SALADS/DIPS,GROCERY,DELI,2889,0.01151,0.048,0.480,2.00,2648,1.09
MILK BY-PRODUCTS,PICKLE/RELISH/PKLD VEG,GROCERY,GROCERY,1429,0.00569,0.073,0.232,2.96,1309,1.09
BAKED BREAD/BUNS/ROLLS,MISCELLANEOUS,GROCERY,MEAT-PCKGD,1278,0.00509,0.021,0.580,2.42,1176,1.09
MISC. DAIRY,POPCORN,GROCERY,PRODUCE,341,0.00136,0.046,0.087,2.97,312,1.09
DELI MEATS,MELONS,DELI,PRODUCE,752,0.00300,0.044,0.174,2.55,690,1.09
CARROTS,PNT BTR/JELLY/JAMS,PRODUCE,GROCERY,1117,0.00445,0.133,0.108,3.22,1022,1.09
MISC. DAIRY,TROPICAL FRUIT,GROCERY,PRODUCE,2590,0.01032,0.353,0.080,2.73,2367,1.09
MISCELLANEOUS,SALAD MIX,MEAT-PCKGD,PRODUCE,400,0.00159,0.182,0.026,2.94,369,1.09
MOLASSES/SYRUP/PANCAKE MIXS,VEGETABLES - SHELF STABLE,GROCERY,GROCERY,1340,0.00534,0.297,0.059,3.30,1233,1.09
MUSHROOMS,PORK,PRODUCE,MEAT,712,0.00284,0.150,0.058,3.05,652,1.09
BAKED BREAD/BUNS/ROLLS,DINNER MXS:DRY,GROCERY,GROCERY,8140,0.03244,0.135,0.612,2.55,7485,1.09
CAT FOOD,DINNER MXS:DRY,GROCERY,GROCERY,776,0.00309,0.118,0.058,2.23,713,1.09
CRACKERS/MISC BKD FD,HOUSEHOLD CLEANG NEEDS,GROCERY,GROCERY,1781,0.00710,0.078,0.241,2.67,1635,1.09
CRACKERS/MISC BKD FD,HISPANIC,GROCERY,GROCERY,3667,0.01461,0.162,0.257,2.84,3367,1.09
CRACKERS/MISC BKD FD,FRZN BREAKFAST FOODS,GROCERY,GROCERY,1949,0.00777,0.086,0.267,2.95,1793,1.09
ONIONS,ROLLS,PRODUCE,PASTRY,702,0.00280,0.045,0.138,2.23,646,1.09
AIR CARE,CANNED JUICES,GROCERY,GROCERY,732,0.00292,0.192,0.036,2.39,671,1.09
ORGANICS FRUIT & VEGETABLES,SEAFOOD - FROZEN,PRODUCE,SEAFOOD-PCKGD,451,0.00180,0.085,0.060,2.85,413,1.09
ORGANICS FRUIT & VEGETABLES,SPICES & EXTRACTS,PRODUCE,GROCERY,574,0.00229,0.109,0.061,2.88,524,1.09
PAPER HOUSEWARES,SUGARS/SWEETNERS,GROCERY,GROCERY,788,0.00314,0.103,0.077,2.50,726,1.09
PAPER TOWELS,POPCORN,GROCERY,PRODUCE,438,0.00175,0.043,0.111,2.75,400,1.09
COOKIES/CONES,LUNCHMEAT,GROCERY,MEAT-PCKGD,3843,0.01531,0.225,0.162,2.38,3523,1.09
CAT LITTER,SOFT DRINKS,GROCERY,GROCERY,1262,0.00503,0.428,0.018,1.50,1158,1.09
PEPPERS-ALL,PORK,PRODUCE,MEAT,1236,0.00493,0.150,0.100,3.05,1132,1.09
PEPPERS-ALL,SMOKED MEATS,PRODUCE,MEAT,362,0.00144,0.044,0.092,2.82,333,1.09
BAG SNACKS,CANDY - PACKAGED,GROCERY,DRUG GM,5844,0.02329,0.139,0.272,1.62,5377,1.09
COOKIES,ICE CREAM/MILK/SHERBTS,PASTRY,GROCERY,470,0.00187,0.127,0.023,1.59,430,1.09
PICKLE/RELISH/PKLD VEG,POTATOES,GROCERY,PRODUCE,1183,0.00471,0.192,0.077,3.15,1087,1.09
PICKLE/RELISH/PKLD VEG,PROCESSED,GROCERY,PRODUCE,367,0.00146,0.060,0.078,3.19,335,1.09
BACON,SALD DRSNG/SNDWCH SPRD,MEAT-PCKGD,GROCERY,2131,0.00849,0.196,0.127,2.94,1958,1.09
CIGARETTES,FROZEN PIZZA,DRUG GM,GROCERY,1129,0.00450,0.103,0.049,1.12,1031,1.09
PNT BTR/JELLY/JAMS,SNACK NUTS,GROCERY,GROCERY,513,0.00204,0.050,0.110,2.66,472,1.09
COCOA MIXES,LUNCHMEAT,GROCERY,MEAT-PCKGD,963,0.00384,0.252,0.041,2.67,881,1.09
CONVENIENT BRKFST/WHLSM SNACKS,DRY NOODLES/PASTA,GROCERY,GROCERY,2524,0.01006,0.180,0.180,3.23,2325,1.09
POPCORN,SOUP,PRODUCE,GROCERY,1036,0.00413,0.264,0.044,2.81,949,1.09
POPCORN,SUGARS/SWEETNERS,PRODUCE,GROCERY,430,0.00171,0.109,0.042,2.67,394,1.09
CONDIMENTS/SAUCES,TEAS,GROCERY,GROCERY,705,0.00281,0.039,0.202,2.84,648,1.09
CHEESE,SALD DRSNG/SNDWCH SPRD,GROCERY,GROCERY,7981,0.03180,0.170,0.476,2.55,7340,1.09
POTATOES,SALAD MIX,PRODUCE,PRODUCE,2719,0.01083,0.178,0.175,2.88,2499,1.09
CHIPS&SNACKS,MILK BY-PRODUCTS,NUTRITION,GROCERY,337,0.00134,0.199,0.017,2.54,308,1.09
POTATOES,VALUE ADDED VEGETABLES,PRODUCE,PRODUCE,383,0.00153,0.025,0.183,3.00,352,1.09
CONDIMENTS/SAUCES,FROZEN PIZZA,GROCERY,GROCERY,4045,0.01612,0.227,0.175,2.46,3706,1.09
BABY HBC,COOKIES/CONES,DRUG GM,GROCERY,574,0.00229,0.144,0.034,2.12,526,1.09
BABY FOODS,MEAT - SHELF STABLE,DRUG GM,GROCERY,496,0.00198,0.117,0.036,2.13,456,1.09
BABY FOODS,HISPANIC,DRUG GM,GROCERY,493,0.00196,0.117,0.035,2.05,452,1.09
COLD CEREAL,LUNCHMEAT,GROCERY,MEAT-PCKGD,5895,0.02349,0.235,0.249,2.48,5408,1.09
CHEESES,ONIONS,DELI,PRODUCE,1957,0.00780,0.173,0.126,2.79,1789,1.09
BABY FOODS,CANDY - PACKAGED,DRUG GM,DRUG GM,550,0.00219,0.130,0.026,1.52,505,1.09
CHEESES,SOAP - LIQUID & BAR,DELI,DRUG GM,676,0.00269,0.060,0.115,2.56,623,1.09
SALAD BAR,SEAFOOD - FROZEN,SALAD BAR,SEAFOOD-PCKGD,315,0.00126,0.038,0.042,1.25,289,1.09
VEGETABLES - ALL OTHERS,VEGETABLES - SHELF STABLE,PRODUCE,GROCERY,4313,0.01719,0.264,0.191,2.93,3975,1.09
COLD AND FLU,REFRGRATD JUICES/DRNKS,DRUG GM,GROCERY,714,0.00285,0.146,0.028,1.42,653,1.09
APPLES,FRZN VEGETABLE/VEG DSH,PRODUCE,GROCERY,1938,0.00772,0.147,0.152,2.89,1772,1.09
CHICKEN,FROZEN BREAD/DOUGH,MEAT,GROCERY,1223,0.00487,0.081,0.170,2.84,1125,1.09
COFFEE FILTERS,COLD CEREAL,DRUG GM,GROCERY,417,0.00166,0.254,0.017,2.54,384,1.09
SEAFOOD - FROZEN,VEGETABLES SALAD,SEAFOOD-PCKGD,PRODUCE,863,0.00344,0.115,0.081,2.69,790,1.09
COFFEE,PWDR/CRYSTL DRNK MX,GROCERY,GROCERY,637,0.00254,0.056,0.120,2.62,583,1.09
APPLES,CANNED JUICES,PRODUCE,GROCERY,2837,0.01130,0.215,0.141,2.67,2608,1.09
CHICKEN,PEARS,MEAT,PRODUCE,347,0.00138,0.023,0.176,2.93,319,1.09
SHORTENING/OIL,SOUP,GROCERY,GROCERY,2247,0.00895,0.272,0.095,2.90,2067,1.09
SHORTENING/OIL,VEGETABLES - ALL OTHERS,GROCERY,PRODUCE,1543,0.00615,0.187,0.094,2.87,1416,1.09
SNACK NUTS,TROPICAL FRUIT,GROCERY,PRODUCE,1438,0.00573,0.307,0.044,2.38,1317,1.09
CHICKEN,SMOKED MEATS,MEAT,MEAT,616,0.00245,0.041,0.157,2.62,565,1.09
COFFEE,COOKIES/CONES,GROCERY,GROCERY,1844,0.00735,0.161,0.108,2.36,1690,1.09
COCOA MIXES,YOGURT,GROCERY,GROCERY,785,0.00313,0.205,0.045,2.93,720,1.09
FLOUR & MEALS,SOUP,GROCERY,GROCERY,810,0.00323,0.258,0.034,2.75,740,1.09
FLOUR & MEALS,REFRGRATD DOUGH PRODUCTS,GROCERY,GROCERY,476,0.00190,0.152,0.034,2.70,438,1.09
BREAKFAST SAUSAGE/SANDWICHES,COFFEE,MEAT-PCKGD,GROCERY,1267,0.00505,0.115,0.111,2.53,1162,1.09
DRY NOODLES/PASTA,POTATOES,GROCERY,PRODUCE,2635,0.01050,0.188,0.172,3.09,2441,1.08
MILK BY-PRODUCTS,SALADS/DIPS,GROCERY,DELI,1039,0.00414,0.053,0.173,2.20,964,1.08
BAG SNACKS,BAKED BREAD/BUNS/ROLLS,GROCERY,GROCERY,19611,0.07814,0.467,0.325,1.95,18105,1.08
BACON,FRZN NOVELTIES/WTR ICE,MEAT-PCKGD,GROCERY,1076,0.00429,0.099,0.104,2.40,995,1.08
HISPANIC,VEGETABLES - ALL OTHERS,GROCERY,PRODUCE,2596,0.01034,0.182,0.159,2.80,2399,1.08
HOUSEHOLD CLEANG NEEDS,YOGURT,GROCERY,GROCERY,1331,0.00530,0.180,0.076,2.57,1237,1.08
CARROTS,CRACKERS/MISC BKD FD,PRODUCE,GROCERY,2330,0.00928,0.277,0.103,3.07,2157,1.08
MILK BY-PRODUCTS,SPICES & EXTRACTS,GROCERY,GROCERY,1995,0.00795,0.101,0.211,2.69,1840,1.08
HEAT/SERVE,SALD DRSNG/SNDWCH SPRD,MEAT-PCKGD,GROCERY,955,0.00381,0.181,0.057,2.71,881,1.08
FLOUR & MEALS,SALD DRSNG/SNDWCH SPRD,GROCERY,GROCERY,564,0.00225,0.180,0.034,2.69,524,1.08
HISPANIC,YOGURT,GROCERY,GROCERY,2749,0.01095,0.193,0.156,2.75,2549,1.08
DRY BN/VEG/POTATO/RICE,MISCELLANEOUS,GROCERY,MEAT-PCKGD,376,0.00150,0.028,0.171,3.23,347,1.08
HEAT/SERVE,PAPER HOUSEWARES,MEAT-PCKGD,GROCERY,406,0.00162,0.077,0.053,2.51,376,1.08
BAKED BREAD/BUNS/ROLLS,PICKLE/RELISH/PKLD VEG,GROCERY,GROCERY,3685,0.01468,0.061,0.598,2.49,3401,1.08
CHEESE,DINNER MXS:DRY,GROCERY,GROCERY,6957,0.02772,0.148,0.523,2.80,6423,1.08
MILK BY-PRODUCTS,VEGETABLES - ALL OTHERS,GROCERY,PRODUCE,3448,0.01374,0.175,0.211,2.69,3191,1.08
FACIAL TISS/DNR NAPKIN,FRUIT - SHELF STABLE,GROCERY,GROCERY,1137,0.00453,0.166,0.086,3.13,1055,1.08
POPCORN,SPICES & EXTRACTS,PRODUCE,GROCERY,405,0.00161,0.103,0.043,2.73,376,1.08
DELI MEATS,SNACK NUTS,DELI,GROCERY,764,0.00304,0.045,0.163,2.40,706,1.08
CANNED JUICES,FLUID MILK PRODUCTS,GROCERY,GROCERY,10937,0.04358,0.542,0.158,1.97,10164,1.08
ISOTONIC DRINKS,PASTA SAUCE,GROCERY,GROCERY,654,0.00261,0.122,0.056,2.62,603,1.08
HEAT/SERVE,HOT DOGS,MEAT-PCKGD,MEAT-PCKGD,617,0.00246,0.117,0.056,2.69,573,1.08
CRACKERS/MISC BKD FD,DIETARY AID PRODUCTS,GROCERY,DRUG GM,373,0.00149,0.016,0.209,2.31,347,1.08
HOT CEREAL,LAUNDRY DETERGENTS,GROCERY,GROCERY,505,0.00201,0.090,0.060,2.67,469,1.08
PICKLE/RELISH/PKLD VEG,PORK,GROCERY,MEAT,945,0.00377,0.153,0.076,3.11,877,1.08
FRZN MEAT/MEAT DINNERS,MISC. DAIRY,GROCERY,GROCERY,1669,0.00665,0.073,0.228,2.51,1541,1.08
BAKING NEEDS,FROZEN BREAD/DOUGH,GROCERY,GROCERY,785,0.00313,0.076,0.109,2.64,727,1.08
COCOA MIXES,CONDIMENTS/SAUCES,GROCERY,GROCERY,805,0.00321,0.211,0.045,2.96,743,1.08
COFFEE,HEAT/SERVE,GROCERY,MEAT-PCKGD,584,0.00233,0.051,0.111,2.42,540,1.08
CANDY - PACKAGED,DOG FOODS,DRUG GM,GROCERY,942,0.00375,0.044,0.133,1.55,874,1.08
LUNCHMEAT,SEAFOOD - FROZEN,MEAT-PCKGD,SEAFOOD-PCKGD,1748,0.00697,0.074,0.233,2.46,1625,1.08
ONIONS,STONE FRUIT,PRODUCE,PRODUCE,890,0.00355,0.057,0.162,2.62,823,1.08
GRAPES,POPCORN,PRODUCE,PRODUCE,440,0.00175,0.044,0.112,2.78,408,1.08
CANNED JUICES,CANNED MILK,GROCERY,GROCERY,339,0.00135,0.017,0.187,2.33,313,1.08
FD WRAPS/BAGS/TRSH BG,ISOTONIC DRINKS,GROCERY,GROCERY,547,0.00218,0.049,0.102,2.29,507,1.08
DELI MEATS,OLIVES,DELI,GROCERY,520,0.00207,0.030,0.197,2.89,481,1.08
CAKES,CANDY - PACKAGED,PASTRY,DRUG GM,492,0.00196,0.111,0.023,1.30,455,1.08
HEAT/SERVE,WATER - CARBONATED/FLVRD DRINK,MEAT-PCKGD,GROCERY,770,0.00307,0.146,0.043,2.04,712,1.08
PEPPERS-ALL,YOGURT,PRODUCE,GROCERY,1666,0.00664,0.203,0.095,2.89,1544,1.08
PNT BTR/JELLY/JAMS,REFRIGERATED,GROCERY,NUTRITION,499,0.00199,0.048,0.097,2.34,463,1.08
BAKING NEEDS,DRY NOODLES/PASTA,GROCERY,GROCERY,1585,0.00632,0.153,0.113,2.73,1465,1.08
BAG SNACKS,WATER - CARBONATED/FLVRD DRINK,GROCERY,GROCERY,5263,0.02097,0.125,0.293,1.75,4877,1.08
CANNED JUICES,FRZN MEAT/MEAT DINNERS,GROCERY,GROCERY,4041,0.01610,0.200,0.178,2.21,3755,1.08
DINNER SAUSAGE,SPICES & EXTRACTS,MEAT-PCKGD,GROCERY,1007,0.00401,0.102,0.106,2.71,934,1.08
GRAPES,SALADS/DIPS,PRODUCE,DELI,550,0.00219,0.054,0.091,2.27,510,1.08
BAKING NEEDS,HISPANIC,GROCERY,GROCERY,1514,0.00603,0.146,0.106,2.56,1400,1.08
COLD CEREAL,FRZN MEAT/MEAT DINNERS,GROCERY,GROCERY,5319,0.02119,0.212,0.234,2.34,4914,1.08
CONDIMENTS/SAUCES,FRZN VEGETABLE/VEG DSH,GROCERY,GROCERY,2508,0.00999,0.140,0.197,2.77,2314,1.08
EGGS,YOGURT,GROCERY,GROCERY,5045,0.02010,0.181,0.287,2.58,4684,1.08
SEAFOOD-FRESH,YOGURT,SEAFOOD,GROCERY,620,0.00247,0.169,0.035,2.41,577,1.08
BAKING NEEDS,DOMESTIC WINE,GROCERY,GROCERY,306,0.00122,0.029,0.068,1.63,284,1.08
BAKING NEEDS,HOUSEHOLD CLEANG NEEDS,GROCERY,GROCERY,735,0.00293,0.071,0.100,2.40,682,1.08
SWEET GOODS & SNACKS,TROPICAL FRUIT,PASTRY,PRODUCE,393,0.00157,0.246,0.012,1.90,363,1.08
CANDY - CHECKLANE,ISOTONIC DRINKS,DRUG GM,GROCERY,632,0.00252,0.027,0.118,1.28,583,1.08
CANDY - CHECKLANE,SNACK NUTS,DRUG GM,GROCERY,571,0.00228,0.025,0.122,1.32,528,1.08
LUNCHMEAT,MARGARINES,MEAT-PCKGD,GROCERY,3200,0.01275,0.135,0.236,2.50,2976,1.08
CRACKERS/MISC BKD FD,PAPER HOUSEWARES,GROCERY,GROCERY,1815,0.00723,0.080,0.236,2.61,1677,1.08
DINNER SAUSAGE,SUGARS/SWEETNERS,MEAT-PCKGD,GROCERY,1052,0.00419,0.107,0.102,2.60,978,1.08
CITRUS,WATER - CARBONATED/FLVRD DRINK,PRODUCE,GROCERY,1469,0.00585,0.145,0.082,2.03,1364,1.08
CHICKEN,REFRIGERATED,MEAT,NUTRITION,694,0.00277,0.046,0.134,2.24,640,1.08
HOT DOGS,REFRGRATD JUICES/DRNKS,MEAT-PCKGD,GROCERY,2648,0.01055,0.242,0.102,2.35,2453,1.08
COCOA MIXES,FD WRAPS/BAGS/TRSH BG,GROCERY,GROCERY,489,0.00195,0.128,0.044,2.86,453,1.08
MISC. DAIRY,SPICES & EXTRACTS,GROCERY,GROCERY,814,0.00324,0.111,0.086,2.94,754,1.08
DRY BN/VEG/POTATO/RICE,HERBS,GROCERY,PRODUCE,527,0.00210,0.040,0.162,3.06,487,1.08
CHEESES,YOGURT,DELI,GROCERY,2140,0.00853,0.189,0.122,2.70,1978,1.08
CANDY - PACKAGED,FROZEN PIE/DESSERTS,DRUG GM,GROCERY,932,0.00371,0.043,0.145,1.69,864,1.08
BAKING MIXES,MEAT - MISC,GROCERY,MEAT-PCKGD,1046,0.00417,0.093,0.124,2.76,969,1.08
CHEESE,YOGURT,GROCERY,GROCERY,8191,0.03264,0.175,0.466,2.49,7580,1.08
CONVENIENT BRKFST/WHLSM SNACKS,HOT DOGS,GROCERY,MEAT-PCKGD,1793,0.00714,0.128,0.164,2.95,1666,1.08
BEANS - CANNED GLASS & MW,DRIED FRUIT,GROCERY,NUTRITION,376,0.00150,0.040,0.125,3.30,347,1.08
CANDY - PACKAGED,ELECTRICAL SUPPPLIES,DRUG GM,DRUG GM,381,0.00152,0.018,0.144,1.68,353,1.08
DRY MIX DESSERTS,FRZN MEAT/MEAT DINNERS,GROCERY,GROCERY,1194,0.00476,0.219,0.052,2.42,1101,1.08
HOT DOGS,SHORTENING/OIL,MEAT-PCKGD,GROCERY,1031,0.00411,0.094,0.125,2.87,951,1.08
CHEESE,CONDIMENTS/SAUCES,GROCERY,GROCERY,8362,0.03332,0.178,0.468,2.51,7765,1.08
MOLASSES/SYRUP/PANCAKE MIXS,SEAFOOD - FROZEN,GROCERY,SEAFOOD-PCKGD,411,0.00164,0.091,0.055,3.04,381,1.08
MOLASSES/SYRUP/PANCAKE MIXS,PORK,GROCERY,MEAT,706,0.00281,0.157,0.057,3.17,654,1.08
BAKED BREAD/BUNS/ROLLS,FROZEN MEAT,GROCERY,MEAT-PCKGD,4777,0.01903,0.079,0.582,2.42,4412,1.08
ISOTONIC DRINKS,SOUP,GROCERY,GROCERY,1199,0.00478,0.224,0.051,2.39,1105,1.08
BEANS - CANNED GLASS & MW,COOKIES/CONES,GROCERY,GROCERY,1811,0.00722,0.191,0.106,2.80,1678,1.08
MOLASSES/SYRUP/PANCAKE MIXS,PAPER TOWELS,GROCERY,GROCERY,555,0.00221,0.123,0.055,3.04,515,1.08
COCOA MIXES,PORK,GROCERY,MEAT,574,0.00229,0.150,0.046,3.05,530,1.08
CARROTS,SNACK NUTS,PRODUCE,GROCERY,434,0.00173,0.052,0.093,2.77,401,1.08
FROZEN PIE/DESSERTS,MISC. DAIRY,GROCERY,GROCERY,471,0.00188,0.073,0.064,2.51,437,1.08
COOKIES/CONES,DRY SAUCES/GRAVY,GROCERY,GROCERY,1214,0.00484,0.071,0.187,2.75,1121,1.08
DRY NOODLES/PASTA,HOT CEREAL,GROCERY,GROCERY,988,0.00394,0.070,0.176,3.16,915,1.08
BATH TISSUES,CONVENIENT BRKFST/WHLSM SNACKS,GROCERY,GROCERY,2019,0.00805,0.148,0.144,2.66,1874,1.08
COLD CEREAL,FRZN NOVELTIES/WTR ICE,GROCERY,GROCERY,2350,0.00936,0.094,0.227,2.27,2176,1.08
COLD CEREAL,FRZN POTATOES,GROCERY,GROCERY,2186,0.00871,0.087,0.270,2.69,2018,1.08
ICE CREAM/MILK/SHERBTS,REFRGRATD DOUGH PRODUCTS,GROCERY,GROCERY,2256,0.00899,0.112,0.160,2.00,2080,1.08
FRUIT - SHELF STABLE,SHORTENING/OIL,GROCERY,GROCERY,1407,0.00561,0.106,0.170,3.22,1299,1.08
BREAKFAST SAUSAGE/SANDWICHES,FRZN NOVELTIES/WTR ICE,MEAT-PCKGD,GROCERY,1049,0.00418,0.096,0.101,2.32,974,1.08
FROZEN BREAD/DOUGH,ISOTONIC DRINKS,GROCERY,GROCERY,377,0.00150,0.052,0.071,2.46,349,1.08
ICE CREAM/MILK/SHERBTS,STONE FRUIT,GROCERY,PRODUCE,841,0.00335,0.042,0.153,1.92,779,1.08
FRZN VEGETABLE/VEG DSH,HISPANIC,GROCERY,GROCERY,2022,0.00806,0.159,0.142,2.80,1869,1.08
DINNER SAUSAGE,ONIONS,MEAT-PCKGD,PRODUCE,1686,0.00672,0.171,0.108,2.76,1556,1.08
BAG SNACKS,DINNER MXS:DRY,GROCERY,GROCERY,5344,0.02129,0.127,0.402,2.40,4971,1.08
COFFEE,VEGETABLES - SHELF STABLE,GROCERY,GROCERY,2689,0.01071,0.235,0.119,2.61,2496,1.08
SALD DRSNG/SNDWCH SPRD,VEGETABLES - SHELF STABLE,GROCERY,GROCERY,4435,0.01767,0.265,0.196,2.94,4104,1.08
COLD CEREAL,FITNESS&DIET,GROCERY,NUTRITION,332,0.00132,0.013,0.202,2.01,306,1.08
CHICKEN/POULTRY,GRAPES,DELI,PRODUCE,343,0.00137,0.058,0.034,1.45,318,1.08
BROCCOLI/CAULIFLOWER,EGGS,PRODUCE,GROCERY,1419,0.00565,0.318,0.051,2.86,1317,1.08
FLUID MILK PRODUCTS,FRZN BREAKFAST FOODS,GROCERY,GROCERY,4356,0.01736,0.063,0.596,2.16,4037,1.08
FRZN JCE CONC/DRNKS,SOUP,GROCERY,GROCERY,465,0.00185,0.245,0.020,2.61,431,1.08
COLD CEREAL,DRY NOODLES/PASTA,GROCERY,GROCERY,4122,0.01642,0.164,0.294,2.94,3800,1.08
SEAFOOD - FROZEN,TOMATOES,SEAFOOD-PCKGD,PRODUCE,1224,0.00488,0.163,0.080,2.68,1135,1.08
COOKIES/CONES,GRAPES,GROCERY,PRODUCE,1813,0.00722,0.106,0.179,2.63,1674,1.08
BLEACH,CONDIMENTS/SAUCES,GROCERY,GROCERY,622,0.00248,0.175,0.035,2.47,577,1.08
APPLES,SALAD BAR,PRODUCE,SALAD BAR,558,0.00222,0.042,0.066,1.26,517,1.08
BERRIES,FACIAL TISS/DNR NAPKIN,PRODUCE,GROCERY,690,0.00275,0.076,0.101,2.77,639,1.08
BEANS - CANNED GLASS & MW,VEGETABLES - ALL OTHERS,GROCERY,PRODUCE,1857,0.00740,0.196,0.114,3.00,1716,1.08
BACON,BAKED BREAD/BUNS/ROLLS,MEAT-PCKGD,GROCERY,6269,0.02498,0.577,0.104,2.40,5815,1.08
FLUID MILK PRODUCTS,REFRGRATD DOUGH PRODUCTS,GROCERY,GROCERY,8102,0.03228,0.117,0.574,2.08,7527,1.08
EGGS,MILK BY-PRODUCTS,GROCERY,GROCERY,5572,0.02220,0.200,0.283,2.55,5173,1.08
CANNED JUICES,SNACK NUTS,GROCERY,GROCERY,892,0.00355,0.044,0.191,2.37,825,1.08
BAKING NEEDS,PEPPERS-ALL,GROCERY,PRODUCE,917,0.00365,0.088,0.112,2.69,845,1.08
PAPER TOWELS,SOUP,GROCERY,GROCERY,2631,0.01048,0.259,0.112,2.75,2439,1.08
REFRGRATD DOUGH PRODUCTS,VEGETABLES - SHELF STABLE,GROCERY,GROCERY,3701,0.01475,0.262,0.164,2.91,3427,1.08
CHEESE,SALAD MIX,GROCERY,PRODUCE,7374,0.02938,0.157,0.475,2.55,6803,1.08
CANDY - CHECKLANE,LAUNDRY DETERGENTS,DRUG GM,GROCERY,1022,0.00407,0.044,0.121,1.30,947,1.08
CANNED MILK,CHEESE,GROCERY,GROCERY,774,0.00308,0.427,0.017,2.29,714,1.08
PAPER TOWELS,SEAFOOD - SHELF STABLE,GROCERY,GROCERY,979,0.00390,0.096,0.124,3.06,909,1.08
PAPER TOWELS,PWDR/CRYSTL DRNK MX,GROCERY,GROCERY,618,0.00246,0.061,0.116,2.87,571,1.08
MEAT - SHELF STABLE,SHORTENING/OIL,GROCERY,GROCERY,1389,0.00553,0.101,0.168,3.06,1283,1.08
COOKIES/CONES,PASTA SAUCE,GROCERY,GROCERY,2302,0.00917,0.135,0.196,2.88,2122,1.08
BREAD,POTATOES,PASTRY,PRODUCE,1126,0.00449,0.142,0.074,2.32,1047,1.08
PIES,POTATOES,PASTRY,PRODUCE,339,0.00135,0.122,0.022,2.01,314,1.08
CHEESE,SEAFOOD - MISC,GROCERY,SEAFOOD-PCKGD,499,0.00199,0.011,0.440,2.35,462,1.08
BEEF,UNKNOWN,MEAT,FROZEN GROCERY,398,0.00159,0.011,0.375,2.57,368,1.08
FRZN VEGETABLE/VEG DSH,VALUE ADDED VEGETABLES,GROCERY,PRODUCE,305,0.00122,0.024,0.145,2.87,283,1.08
POTATOES,ROLLS,PRODUCE,PASTRY,690,0.00275,0.045,0.136,2.23,642,1.08
FRUIT - SHELF STABLE,PAPER TOWELS,GROCERY,GROCERY,1645,0.00655,0.124,0.162,3.05,1524,1.08
COLD CEREAL,ORAL HYGIENE PRODUCTS,GROCERY,DRUG GM,1810,0.00721,0.072,0.232,2.32,1680,1.08
BAKING MIXES,FRZN VEGETABLE/VEG DSH,GROCERY,GROCERY,1523,0.00607,0.135,0.120,2.66,1417,1.08
PAPER HOUSEWARES,WAREHOUSE SNACKS,GROCERY,GROCERY,445,0.00177,0.058,0.068,2.22,412,1.08
COFFEE,COLD AND FLU,GROCERY,DRUG GM,318,0.00127,0.028,0.065,1.43,294,1.08
BEANS - CANNED GLASS & MW,SEAFOOD - FROZEN,GROCERY,SEAFOOD-PCKGD,843,0.00336,0.089,0.112,2.96,782,1.08
COLD CEREAL,MEAT - MISC,GROCERY,MEAT-PCKGD,2357,0.00939,0.094,0.280,2.80,2183,1.08
FRZN VEGETABLE/VEG DSH,YOGURT,GROCERY,GROCERY,2439,0.00972,0.192,0.139,2.73,2251,1.08
FRUIT - SHELF STABLE,FRZN NOVELTIES/WTR ICE,GROCERY,GROCERY,1388,0.00553,0.104,0.134,2.53,1283,1.08
COFFEE,REFRIGERATED,GROCERY,NUTRITION,490,0.00195,0.043,0.095,2.08,452,1.08
BACON,SEAFOOD - SHELF STABLE,MEAT-PCKGD,GROCERY,1118,0.00445,0.103,0.142,3.27,1036,1.08
COOKIES/CONES,SOUP,GROCERY,GROCERY,4189,0.01669,0.245,0.178,2.61,3884,1.08
ORGANICS FRUIT & VEGETABLES,SHORTENING/OIL,PRODUCE,GROCERY,509,0.00203,0.096,0.062,2.93,473,1.08
BERRIES,REFRGRATD JUICES/DRNKS,PRODUCE,GROCERY,2185,0.00871,0.240,0.084,2.32,2030,1.08
ISOTONIC DRINKS,SOFT DRINKS,GROCERY,GROCERY,2267,0.00903,0.424,0.032,1.49,2101,1.08
CANDY - CHECKLANE,FROZEN PIZZA,DRUG GM,GROCERY,2753,0.01097,0.118,0.119,1.28,2559,1.08
ICE CREAM/MILK/SHERBTS,MILK BY-PRODUCTS,GROCERY,GROCERY,3092,0.01232,0.154,0.157,1.96,2867,1.08
FRZN NOVELTIES/WTR ICE,MEAT - SHELF STABLE,GROCERY,GROCERY,1381,0.00550,0.133,0.100,2.43,1277,1.08
POTATOES,SALD DRSNG/SNDWCH SPRD,PRODUCE,GROCERY,2918,0.01163,0.191,0.174,2.86,2709,1.08
CHEESE,SNACKS,GROCERY,DELI,545,0.00217,0.012,0.430,2.31,505,1.08
TEAS,VEGETABLES - ALL OTHERS,GROCERY,PRODUCE,641,0.00255,0.184,0.039,2.82,592,1.08
LAUNDRY DETERGENTS,SEAFOOD - SHELF STABLE,GROCERY,GROCERY,764,0.00304,0.090,0.097,2.87,707,1.08
DRY BN/VEG/POTATO/RICE,LUNCHMEAT,GROCERY,MEAT-PCKGD,3380,0.01347,0.255,0.143,2.70,3117,1.08
MILK BY-PRODUCTS,PASTA SAUCE,GROCERY,GROCERY,2734,0.01089,0.139,0.233,2.97,2526,1.08
BACON,VEGETABLES - SHELF STABLE,MEAT-PCKGD,GROCERY,3007,0.01198,0.277,0.133,3.08,2780,1.08
DRIED FRUIT,PASTA SAUCE,NUTRITION,GROCERY,475,0.00189,0.158,0.041,3.38,442,1.08
POTATOES,SEAFOOD - SHELF STABLE,PRODUCE,GROCERY,1552,0.00618,0.102,0.197,3.23,1431,1.08
CONVENIENT BRKFST/WHLSM SNACKS,DISHWASH DETERGENTS,GROCERY,GROCERY,997,0.00397,0.071,0.160,2.87,923,1.08
FROZEN PIZZA,SEAFOOD - SHELF STABLE,GROCERY,GROCERY,1966,0.00783,0.085,0.249,2.70,1825,1.08
ICE CREAM/MILK/SHERBTS,MELONS,GROCERY,PRODUCE,679,0.00271,0.034,0.157,1.97,628,1.08
ORAL HYGIENE PRODUCTS,WAREHOUSE SNACKS,DRUG GM,GROCERY,416,0.00166,0.053,0.064,2.05,387,1.08
BREAKFAST SWEETS,COOKIES/CONES,PASTRY,GROCERY,901,0.00359,0.111,0.053,1.62,845,1.07
FRUIT - SHELF STABLE,HEAT/SERVE,GROCERY,MEAT-PCKGD,829,0.00330,0.062,0.157,2.97,775,1.07
COLD CEREAL,ELECTRICAL SUPPPLIES,GROCERY,DRUG GM,623,0.00248,0.025,0.235,2.35,580,1.07
BEEF,SEAFOOD - SHELF STABLE,MEAT,GROCERY,3171,0.01264,0.086,0.402,2.75,2960,1.07
BACON,DELI MEATS,MEAT-PCKGD,DELI,1991,0.00793,0.183,0.116,2.69,1863,1.07
POPCORN,YOGURT,PRODUCE,GROCERY,741,0.00295,0.189,0.042,2.69,691,1.07
HERBS,SALAD MIX,PRODUCE,PRODUCE,560,0.00223,0.172,0.036,2.78,525,1.07
BEEF,SHORTENING/OIL,MEAT,GROCERY,3078,0.01226,0.084,0.373,2.55,2872,1.07
HOT CEREAL,VEGETABLES - SHELF STABLE,GROCERY,GROCERY,1531,0.00610,0.273,0.068,3.04,1437,1.07
FRZN JCE CONC/DRNKS,VEGETABLES - SHELF STABLE,GROCERY,GROCERY,460,0.00183,0.243,0.020,2.70,431,1.07
DEODORANTS,SEAFOOD - SHELF STABLE,DRUG GM,GROCERY,340,0.00135,0.080,0.043,2.54,319,1.07
ELECTRICAL SUPPPLIES,SOUP,DRUG GM,GROCERY,595,0.00237,0.225,0.025,2.39,558,1.07
PORK,VEGETABLES - ALL OTHERS,MEAT,PRODUCE,2260,0.00901,0.183,0.138,2.80,2115,1.07
FLUID MILK PRODUCTS,TROPICAL FRUIT,GROCERY,PRODUCE,17881,0.07125,0.258,0.551,2.00,16639,1.07
SOFT DRINKS,WATER - CARBONATED/FLVRD DRINK,GROCERY,GROCERY,7080,0.02821,0.099,0.394,1.38,6625,1.07
CANNED JUICES,CITRUS,GROCERY,PRODUCE,2009,0.00801,0.100,0.199,2.47,1877,1.07
CONDIMENTS/SAUCES,MUSHROOMS,GROCERY,PRODUCE,976,0.00389,0.055,0.206,2.90,915,1.07
BROCCOLI/CAULIFLOWER,MISC. DAIRY,PRODUCE,GROCERY,425,0.00169,0.095,0.058,3.25,396,1.07
COFFEE,FLUID MILK PRODUCTS,GROCERY,GROCERY,6020,0.02399,0.525,0.087,1.90,5652,1.07
BREAKFAST SAUSAGE/SANDWICHES,FRUIT - SHELF STABLE,MEAT-PCKGD,GROCERY,1795,0.00715,0.164,0.135,3.09,1681,1.07
CONDIMENTS/SAUCES,LUNCHMEAT,GROCERY,MEAT-PCKGD,4189,0.01669,0.235,0.177,2.48,3902,1.07
FRZN BREAKFAST FOODS,MARGARINES,GROCERY,GROCERY,1137,0.00453,0.156,0.084,2.88,1062,1.07
CHEESE,VEGETABLES SALAD,GROCERY,PRODUCE,4934,0.01966,0.105,0.461,2.47,4590,1.07
CHICKEN,SALD DRSNG/SNDWCH SPRD,MEAT,GROCERY,2718,0.01083,0.181,0.162,2.71,2533,1.07
CONDIMENTS/SAUCES,FRZN JCE CONC/DRNKS,GROCERY,GROCERY,345,0.00137,0.019,0.182,2.56,323,1.07
CONDIMENTS/SAUCES,FRUIT - SHELF STABLE,GROCERY,GROCERY,2910,0.01160,0.163,0.219,3.08,2710,1.07
FLOUR & MEALS,FRUIT - SHELF STABLE,GROCERY,GROCERY,494,0.00197,0.158,0.037,2.97,463,1.07
APPLES,SEAFOOD-FRESH,PRODUCE,SEAFOOD,482,0.00192,0.036,0.131,2.49,451,1.07
FRUIT - SHELF STABLE,SNACK NUTS,GROCERY,GROCERY,694,0.00277,0.052,0.148,2.80,647,1.07
CHEESES,SALAD MIX,DELI,PRODUCE,1904,0.00759,0.168,0.123,2.72,1773,1.07
REFRGRATD DOUGH PRODUCTS,SEAFOOD - FROZEN,GROCERY,SEAFOOD-PCKGD,1143,0.00455,0.081,0.152,2.70,1067,1.07
CHEESES,DRIED FRUIT,DELI,NUTRITION,397,0.00158,0.035,0.132,2.92,372,1.07
CONDIMENTS/SAUCES,CRACKERS/MISC BKD FD,GROCERY,GROCERY,4465,0.01779,0.250,0.197,2.76,4165,1.07
REFRGRATD DOUGH PRODUCTS,SOUP,GROCERY,GROCERY,3652,0.01455,0.259,0.155,2.75,3416,1.07
FLORAL-FRESH CUT,TROPICAL FRUIT,FLORAL,PRODUCE,398,0.00159,0.181,0.012,1.40,372,1.07
EGGS,HOT DOGS,GROCERY,MEAT-PCKGD,3175,0.01265,0.114,0.291,2.62,2957,1.07
CANDY - CHECKLANE,FRZN NOVELTIES/WTR ICE,DRUG GM,GROCERY,1212,0.00483,0.052,0.117,1.27,1131,1.07
FRUIT - SHELF STABLE,SALD DRSNG/SNDWCH SPRD,GROCERY,GROCERY,2739,0.01091,0.206,0.163,3.09,2559,1.07
DINNER MXS:DRY,MISCELLANEOUS,GROCERY,MEAT-PCKGD,387,0.00154,0.029,0.176,3.32,363,1.07
EGGS,SQUASH,GROCERY,PRODUCE,648,0.00258,0.023,0.319,2.88,608,1.07
COCOA MIXES,LAUNDRY DETERGENTS,GROCERY,GROCERY,349,0.00139,0.091,0.041,2.71,326,1.07
AIR CARE,FRZN MEAT/MEAT DINNERS,GROCERY,GROCERY,746,0.00297,0.196,0.033,2.16,700,1.07
FLUID MILK PRODUCTS,PNT BTR/JELLY/JAMS,GROCERY,GROCERY,6075,0.02421,0.088,0.586,2.13,5687,1.07
COLD CEREAL,LAUNDRY ADDITIVES,GROCERY,GROCERY,1169,0.00466,0.047,0.263,2.62,1090,1.07
CHEESES,HOUSEHOLD CLEANG NEEDS,DELI,GROCERY,848,0.00338,0.075,0.115,2.55,796,1.07
EGGS,PEPPERS-ALL,GROCERY,PRODUCE,2498,0.00995,0.090,0.304,2.74,2344,1.07
FRUIT - SHELF STABLE,REFRGRATD JUICES/DRNKS,GROCERY,GROCERY,3491,0.01391,0.263,0.135,2.54,3251,1.07
BREAKFAST SWEETS,WAREHOUSE SNACKS,PASTRY,GROCERY,330,0.00131,0.040,0.050,1.55,307,1.07
CANDY - PACKAGED,PEARS,DRUG GM,PRODUCE,324,0.00129,0.015,0.164,1.91,303,1.07
DEODORANTS,FRZN MEAT/MEAT DINNERS,DRUG GM,GROCERY,774,0.00308,0.182,0.034,2.01,722,1.07
BERRIES,SALADS/DIPS,PRODUCE,DELI,485,0.00193,0.053,0.081,2.22,454,1.07
DRY BN/VEG/POTATO/RICE,ISOTONIC DRINKS,GROCERY,GROCERY,713,0.00284,0.054,0.133,2.52,669,1.07
HOT DOGS,ISOTONIC DRINKS,MEAT-PCKGD,GROCERY,542,0.00216,0.050,0.101,2.33,509,1.07
KITCHEN GADGETS,SALD DRSNG/SNDWCH SPRD,DRUG GM,GROCERY,304,0.00121,0.159,0.018,2.39,285,1.07
BATH TISSUES,PNT BTR/JELLY/JAMS,GROCERY,GROCERY,1460,0.00582,0.107,0.141,2.60,1360,1.07
SOUP,SUGARS/SWEETNERS,GROCERY,GROCERY,2566,0.01022,0.109,0.250,2.66,2398,1.07
BATH TISSUES,POPCORN,GROCERY,PRODUCE,529,0.00211,0.039,0.135,2.48,493,1.07
CANDY - PACKAGED,ORAL HYGIENE PRODUCTS,DRUG GM,DRUG GM,1103,0.00440,0.051,0.142,1.65,1031,1.07
DELI MEATS,YOGURT,DELI,GROCERY,3043,0.01213,0.178,0.173,2.54,2850,1.07
CHICKEN,SALAD MIX,MEAT,PRODUCE,2514,0.01002,0.167,0.162,2.70,2339,1.07
HOT DOGS,PNT BTR/JELLY/JAMS,MEAT-PCKGD,GROCERY,1292,0.00515,0.118,0.125,2.87,1208,1.07
CANDY - PACKAGED,CRACKERS/MISC BKD FD,DRUG GM,GROCERY,3573,0.01424,0.166,0.157,1.84,3335,1.07
DINNER MXS:DRY,TEAS,GROCERY,GROCERY,593,0.00236,0.045,0.170,3.21,553,1.07
MILK BY-PRODUCTS,VEGETABLES - SHELF STABLE,GROCERY,GROCERY,4980,0.01984,0.253,0.220,2.81,4640,1.07
BATH TISSUES,SOFT DRINKS,GROCERY,GROCERY,5960,0.02375,0.438,0.083,1.54,5574,1.07
CANDY - PACKAGED,DEODORANTS,DRUG GM,DRUG GM,593,0.00236,0.028,0.139,1.63,553,1.07
DOG FOODS,WAREHOUSE SNACKS,GROCERY,GROCERY,342,0.00136,0.048,0.052,1.85,321,1.07
BATH TISSUES,WAREHOUSE SNACKS,GROCERY,GROCERY,760,0.00303,0.056,0.116,2.14,711,1.07
BATH TISSUES,WATER - CARBONATED/FLVRD DRINK,GROCERY,GROCERY,1854,0.00739,0.136,0.103,1.90,1739,1.07
LUNCHMEAT,SOUP,MEAT-PCKGD,GROCERY,5531,0.02204,0.233,0.235,2.48,5189,1.07
ANALGESICS,PNT BTR/JELLY/JAMS,DRUG GM,GROCERY,312,0.00124,0.074,0.030,1.78,291,1.07
DELI MEATS,FACIAL TISS/DNR NAPKIN,DELI,GROCERY,1211,0.00483,0.071,0.177,2.59,1135,1.07
DOG FOODS,FROZEN PIZZA,GROCERY,GROCERY,1240,0.00494,0.174,0.054,1.89,1163,1.07
ISOTONIC DRINKS,TROPICAL FRUIT,GROCERY,PRODUCE,1494,0.00595,0.280,0.046,2.16,1399,1.07
DOG FOODS,FROZEN BREAD/DOUGH,GROCERY,GROCERY,443,0.00177,0.062,0.062,2.17,414,1.07
HOUSEHOLD CLEANG NEEDS,PNT BTR/JELLY/JAMS,GROCERY,GROCERY,826,0.00329,0.112,0.080,2.71,773,1.07
GREETING CARDS/WRAP/PARTY SPLY,PAPER TOWELS,DRUG GM,GROCERY,504,0.00201,0.066,0.050,1.64,471,1.07
HOUSEHOLD CLEANG NEEDS,ORGANICS FRUIT & VEGETABLES,GROCERY,PRODUCE,417,0.00166,0.056,0.079,2.68,388,1.07
FROZEN MEAT,VEGETABLES - SHELF STABLE,MEAT-PCKGD,GROCERY,2299,0.00916,0.280,0.102,3.11,2139,1.07
MISC. DAIRY,VEGETABLES - SHELF STABLE,GROCERY,GROCERY,2039,0.00812,0.278,0.090,3.09,1914,1.07
HOT DOGS,SALD DRSNG/SNDWCH SPRD,MEAT-PCKGD,GROCERY,2016,0.00803,0.185,0.120,2.77,1885,1.07
CARROTS,SEAFOOD - FROZEN,PRODUCE,SEAFOOD-PCKGD,747,0.00298,0.089,0.099,2.97,699,1.07
MAGAZINE,PAPER HOUSEWARES,DRUG GM,GROCERY,372,0.00148,0.051,0.048,1.68,348,1.07
CANNED JUICES,HOT DOGS,GROCERY,MEAT-PCKGD,2244,0.00894,0.111,0.205,2.56,2095,1.07
BAKED BREAD/BUNS/ROLLS,FLUID MILK PRODUCTS,GROCERY,GROCERY,30971,0.12341,0.514,0.448,1.86,28921,1.07
COFFEE,DRY MIX DESSERTS,GROCERY,GROCERY,624,0.00249,0.054,0.115,2.51,583,1.07
CANDY - PACKAGED,SOFT DRINKS,DRUG GM,GROCERY,8123,0.03237,0.378,0.114,1.33,7608,1.07
FD WRAPS/BAGS/TRSH BG,POPCORN,GROCERY,PRODUCE,463,0.00184,0.041,0.118,2.63,433,1.07
COFFEE,MAKEUP AND TREATMENT,GROCERY,COSMETICS,333,0.00133,0.029,0.085,1.86,310,1.07
BAKED BREAD/BUNS/ROLLS,COLD CEREAL,GROCERY,GROCERY,13618,0.05426,0.226,0.542,2.26,12752,1.07
COFFEE,MARGARINES,GROCERY,GROCERY,1525,0.00608,0.133,0.113,2.46,1426,1.07
BAKING NEEDS,SOUP,GROCERY,GROCERY,2473,0.00985,0.238,0.105,2.53,2310,1.07
DRY MIX DESSERTS,FRZN POTATOES,GROCERY,GROCERY,485,0.00193,0.089,0.060,2.76,455,1.07
BAKING MIXES,DINNER SAUSAGE,GROCERY,MEAT-PCKGD,1151,0.00459,0.102,0.117,2.60,1080,1.07
CANNED JUICES,LAUNDRY DETERGENTS,GROCERY,GROCERY,1613,0.00643,0.080,0.191,2.37,1504,1.07
APPLES,BABY HBC,PRODUCE,DRUG GM,472,0.00188,0.036,0.119,2.25,441,1.07
NUTS,POTATOES,PRODUCE,PRODUCE,326,0.00130,0.178,0.021,2.92,305,1.07
NUTS,SALD DRSNG/SNDWCH SPRD,PRODUCE,GROCERY,348,0.00139,0.190,0.021,2.84,325,1.07
CITRUS,HOT CEREAL,PRODUCE,GROCERY,631,0.00251,0.062,0.113,2.80,588,1.07
OLIVES,SOUP,GROCERY,GROCERY,772,0.00308,0.292,0.033,3.11,720,1.07
SEAFOOD-FRESH,TROPICAL FRUIT,SEAFOOD,PRODUCE,1085,0.00432,0.295,0.033,2.28,1012,1.07
DRY MIX DESSERTS,PASTA SAUCE,GROCERY,GROCERY,799,0.00318,0.147,0.068,3.14,744,1.07
BREAKFAST SAUSAGE/SANDWICHES,VEGETABLES - SHELF STABLE,MEAT-PCKGD,GROCERY,2895,0.01154,0.264,0.128,2.93,2697,1.07
ONIONS,SOUP,PRODUCE,GROCERY,4054,0.01615,0.261,0.172,2.77,3804,1.07
BUTTER,SOUP,GROCERY,GROCERY,1342,0.00535,0.271,0.057,2.89,1253,1.07
BAG SNACKS,REFRGRATD DOUGH PRODUCTS,GROCERY,GROCERY,5113,0.02037,0.122,0.362,2.17,4794,1.07
SNACK NUTS,TOMATOES,GROCERY,PRODUCE,699,0.00279,0.149,0.046,2.46,655,1.07
BERRIES,MILK BY-PRODUCTS,PRODUCE,GROCERY,1896,0.00755,0.208,0.096,2.65,1767,1.07
CANNED JUICES,PAPER HOUSEWARES,GROCERY,GROCERY,1483,0.00591,0.074,0.193,2.40,1380,1.07
BREAKFAST SAUSAGE/SANDWICHES,DRY MIX DESSERTS,MEAT-PCKGD,GROCERY,672,0.00268,0.061,0.123,2.82,628,1.07
PAPER HOUSEWARES,VALUE ADDED FRUIT,GROCERY,PRODUCE,425,0.00169,0.055,0.073,2.37,396,1.07
FROZEN PIZZA,HAIR CARE PRODUCTS,GROCERY,DRUG GM,1527,0.00608,0.066,0.192,2.09,1428,1.07
DINNER MXS:DRY,SOFT DRINKS,GROCERY,GROCERY,6472,0.02579,0.487,0.090,1.71,6073,1.07
BEANS - CANNED GLASS & MW,VEGETABLES SALAD,GROCERY,PRODUCE,1163,0.00463,0.122,0.109,2.87,1092,1.07
FROZEN BREAD/DOUGH,PNT BTR/JELLY/JAMS,GROCERY,GROCERY,888,0.00354,0.123,0.086,2.99,833,1.07
BAG SNACKS,FROZEN BREAD/DOUGH,GROCERY,GROCERY,2682,0.01069,0.064,0.373,2.23,2517,1.07
FRZN VEGETABLE/VEG DSH,POPCORN,GROCERY,PRODUCE,544,0.00217,0.043,0.138,2.73,507,1.07
BREAKFAST SWEETS,DRY MIX DESSERTS,PASTRY,GROCERY,300,0.00120,0.037,0.055,1.70,281,1.07
PASTA SAUCE,SUGARS/SWEETNERS,GROCERY,GROCERY,1402,0.00559,0.120,0.136,2.92,1314,1.07
DISHWASH DETERGENTS,WATER - CARBONATED/FLVRD DRINK,GROCERY,GROCERY,895,0.00357,0.144,0.050,2.01,838,1.07
BEEF,CHEESE,MEAT,GROCERY,15844,0.06313,0.432,0.338,2.31,14771,1.07
MARGARINES,SOUP,GROCERY,GROCERY,3527,0.01405,0.260,0.150,2.77,3295,1.07
COOKIES/CONES,FROZEN BREAD/DOUGH,GROCERY,GROCERY,1313,0.00523,0.077,0.183,2.68,1223,1.07
PEPPERS-ALL,PICKLE/RELISH/PKLD VEG,PRODUCE,GROCERY,644,0.00257,0.078,0.105,3.19,604,1.07
FROZEN BREAD/DOUGH,SOAP - LIQUID & BAR,GROCERY,DRUG GM,446,0.00178,0.062,0.076,2.66,419,1.07
BUTTER,FLUID MILK PRODUCTS,GROCERY,GROCERY,2920,0.01164,0.590,0.042,2.14,2732,1.07
COLD AND FLU,CONVENIENT BRKFST/WHLSM SNACKS,DRUG GM,GROCERY,416,0.00166,0.085,0.030,1.53,389,1.07
FRZN POTATOES,SALD DRSNG/SNDWCH SPRD,GROCERY,GROCERY,1481,0.00590,0.183,0.088,2.74,1380,1.07
FRZN POTATOES,MILK BY-PRODUCTS,GROCERY,GROCERY,1674,0.00667,0.206,0.085,2.63,1565,1.07
COOKIES,MEAT - SHELF STABLE,PASTRY,GROCERY,413,0.00165,0.112,0.030,2.03,386,1.07
BREAKFAST SAUSAGE/SANDWICHES,BREAKFAST SWEETS,MEAT-PCKGD,PASTRY,609,0.00243,0.056,0.075,1.71,567,1.07
BAG SNACKS,BREAKFAST SAUSAGE/SANDWICHES,GROCERY,MEAT-PCKGD,4050,0.01614,0.096,0.369,2.21,3776,1.07
TEAS,TROPICAL FRUIT,GROCERY,PRODUCE,1159,0.00462,0.332,0.036,2.57,1079,1.07
FRZN NOVELTIES/WTR ICE,SOFT DRINKS,GROCERY,GROCERY,4360,0.01737,0.421,0.061,1.48,4070,1.07
CHICKEN,SEAFOOD - SHELF STABLE,MEAT,GROCERY,1415,0.00564,0.094,0.179,2.99,1329,1.07
COCOA MIXES,HOUSEHOLD CLEANG NEEDS,GROCERY,GROCERY,314,0.00125,0.082,0.043,2.79,292,1.07
CHEESE,DINNER SAUSAGE,GROCERY,MEAT-PCKGD,4568,0.01820,0.097,0.463,2.48,4255,1.07
CHEESE,DISPOSIBLE FOILWARE,GROCERY,DRUG GM,399,0.00159,0.009,0.396,2.12,374,1.07
BAKED SWEET GOODS,DOG FOODS,GROCERY,GROCERY,1003,0.00400,0.054,0.141,1.90,935,1.07
CANDY - PACKAGED,PWDR/CRYSTL DRNK MX,DRUG GM,GROCERY,855,0.00341,0.040,0.161,1.88,797,1.07
BACON,TEAS,MEAT-PCKGD,GROCERY,442,0.00176,0.041,0.127,2.93,414,1.07
BAKING MIXES,CONVENIENT BRKFST/WHLSM SNACKS,GROCERY,GROCERY,1784,0.00711,0.158,0.128,2.84,1663,1.07
MEAT - MISC,REFRGRATD JUICES/DRNKS,MEAT-PCKGD,GROCERY,2071,0.00825,0.246,0.080,2.38,1927,1.07
BAKING MIXES,POPCORN,GROCERY,PRODUCE,465,0.00185,0.041,0.118,2.63,436,1.07
PNT BTR/JELLY/JAMS,REFRGRATD DOUGH PRODUCTS,GROCERY,GROCERY,1659,0.00661,0.160,0.118,2.85,1552,1.07
DIAPERS & DISPOSABLES,FROZEN PIZZA,DRUG GM,GROCERY,686,0.00273,0.150,0.030,1.63,642,1.07
COLD CEREAL,DRIED FRUIT,GROCERY,NUTRITION,875,0.00349,0.035,0.290,2.90,821,1.07
BACON,FROZEN PIZZA,MEAT-PCKGD,GROCERY,2519,0.01004,0.232,0.109,2.51,2356,1.07
APPLES,ONIONS,PRODUCE,PRODUCE,2338,0.00932,0.177,0.150,2.86,2188,1.07
BUTTER,TOMATOES,GROCERY,PRODUCE,833,0.00332,0.168,0.055,2.77,788,1.06
ONIONS,SEAFOOD - FROZEN,PRODUCE,SEAFOOD-PCKGD,1254,0.00500,0.081,0.167,2.69,1189,1.06
BACON,TURKEY,MEAT-PCKGD,MEAT,343,0.00137,0.032,0.123,2.84,323,1.06
HOUSEHOLD CLEANG NEEDS,STONE FRUIT,GROCERY,PRODUCE,388,0.00155,0.053,0.071,2.41,365,1.06
BREAD,MAGAZINE,PASTRY,DRUG GM,362,0.00144,0.046,0.050,1.58,343,1.06
BAKED SWEET GOODS,PASTA SAUCE,GROCERY,GROCERY,2257,0.00899,0.121,0.193,2.59,2125,1.06
BAKED SWEET GOODS,PAPER TOWELS,GROCERY,GROCERY,1774,0.00707,0.095,0.174,2.34,1666,1.06
DINNER SAUSAGE,REFRGRATD JUICES/DRNKS,MEAT-PCKGD,GROCERY,2315,0.00922,0.235,0.089,2.27,2182,1.06
LUNCHMEAT,REFRGRATD JUICES/DRNKS,MEAT-PCKGD,GROCERY,5202,0.02073,0.220,0.201,2.13,4899,1.06
CRACKERS/MISC BKD FD,DELI MEATS,GROCERY,DELI,3977,0.01585,0.175,0.232,2.57,3745,1.06
BATH TISSUES,PWDR/CRYSTL DRNK MX,GROCERY,GROCERY,742,0.00296,0.054,0.139,2.57,701,1.06
GRAPES,PNT BTR/JELLY/JAMS,PRODUCE,GROCERY,1202,0.00479,0.119,0.116,2.88,1130,1.06
COCOA MIXES,GRAPES,GROCERY,PRODUCE,450,0.00179,0.118,0.045,2.92,426,1.06
FRZN NOVELTIES/WTR ICE,PAPER HOUSEWARES,GROCERY,GROCERY,675,0.00269,0.065,0.088,2.13,637,1.06
DELI MEATS,WATER - CARBONATED/FLVRD DRINK,DELI,GROCERY,2388,0.00952,0.140,0.133,1.95,2254,1.06
BAKED BREAD/BUNS/ROLLS,PWDR/CRYSTL DRNK MX,GROCERY,GROCERY,2971,0.01184,0.049,0.558,2.33,2814,1.06
BATH TISSUES,BEERS/ALES,GROCERY,GROCERY,1217,0.00485,0.089,0.079,1.45,1147,1.06
POPCORN,PORK,PRODUCE,MEAT,539,0.00215,0.137,0.044,2.78,506,1.06
CAT FOOD,SOFT DRINKS,GROCERY,GROCERY,2573,0.01025,0.392,0.036,1.38,2429,1.06
ISOTONIC DRINKS,PNT BTR/JELLY/JAMS,GROCERY,GROCERY,531,0.00212,0.099,0.051,2.41,501,1.06
APPLES,HISPANIC,PRODUCE,GROCERY,2134,0.00850,0.162,0.150,2.84,2010,1.06
BAKING NEEDS,FRZN VEGETABLE/VEG DSH,GROCERY,GROCERY,1316,0.00524,0.127,0.103,2.50,1236,1.06
SEAFOOD - SHELF STABLE,SPICES & EXTRACTS,GROCERY,GROCERY,908,0.00362,0.115,0.096,3.05,855,1.06
MELONS,PICKLE/RELISH/PKLD VEG,PRODUCE,GROCERY,305,0.00122,0.071,0.050,2.88,288,1.06
APPLES,SEAFOOD - SHELF STABLE,PRODUCE,GROCERY,1318,0.00525,0.100,0.167,3.17,1242,1.06
FD WRAPS/BAGS/TRSH BG,SEAFOOD - SHELF STABLE,GROCERY,GROCERY,1047,0.00417,0.093,0.133,2.97,985,1.06
BAKING MIXES,CANNED JUICES,GROCERY,GROCERY,2217,0.00883,0.197,0.110,2.45,2094,1.06
DOG FOODS,MEAT - SHELF STABLE,GROCERY,GROCERY,858,0.00342,0.121,0.062,2.20,810,1.06
DINNER MXS:DRY,DOG FOODS,GROCERY,GROCERY,871,0.00347,0.065,0.123,2.31,820,1.06
DRY SAUCES/GRAVY,FRZN MEAT/MEAT DINNERS,GROCERY,GROCERY,1437,0.00573,0.221,0.063,2.44,1356,1.06
BUTTER,REFRGRATD JUICES/DRNKS,GROCERY,GROCERY,1210,0.00482,0.245,0.047,2.37,1145,1.06
APPLES,COFFEE,PRODUCE,GROCERY,1521,0.00606,0.115,0.133,2.52,1431,1.06
CITRUS,REFRGRATD JUICES/DRNKS,PRODUCE,GROCERY,2328,0.00928,0.230,0.090,2.23,2206,1.06
COFFEE,POPCORN,GROCERY,PRODUCE,435,0.00173,0.038,0.111,2.42,410,1.06
GRAPES,MAKEUP AND TREATMENT,PRODUCE,COSMETICS,318,0.00127,0.031,0.081,2.01,301,1.06
SEAFOOD - FROZEN,YOGURT,SEAFOOD-PCKGD,GROCERY,1396,0.00556,0.186,0.079,2.65,1315,1.06
MELONS,MILK BY-PRODUCTS,PRODUCE,GROCERY,866,0.00345,0.200,0.044,2.55,820,1.06
FRUIT - SHELF STABLE,REFRGRATD DOUGH PRODUCTS,GROCERY,GROCERY,2268,0.00904,0.171,0.161,3.03,2138,1.06
FLUID MILK PRODUCTS,MOLASSES/SYRUP/PANCAKE MIXS,GROCERY,GROCERY,2729,0.01087,0.039,0.605,2.19,2582,1.06
CHEESES,PAPER TOWELS,DELI,GROCERY,1210,0.00482,0.107,0.119,2.64,1144,1.06
CONDIMENTS/SAUCES,PLASTIC HOUSEWARES,GROCERY,DRUG GM,393,0.00157,0.022,0.180,2.53,371,1.06
COLD CEREAL,MISC. DAIRY,GROCERY,GROCERY,2082,0.00830,0.083,0.284,2.83,1963,1.06
DEODORANTS,PASTA SAUCE,DRUG GM,GROCERY,496,0.00198,0.117,0.042,2.50,470,1.06
CHEESES,MAGAZINE,DELI,DRUG GM,566,0.00226,0.050,0.078,1.74,533,1.06
REFRGRATD JUICES/DRNKS,SMOKED MEATS,GROCERY,MEAT,899,0.00358,0.035,0.229,2.22,846,1.06
POPCORN,REFRGRATD DOUGH PRODUCTS,PRODUCE,GROCERY,596,0.00237,0.152,0.042,2.70,561,1.06
CHEESES,PICKLE/RELISH/PKLD VEG,DELI,GROCERY,812,0.00324,0.072,0.132,2.92,767,1.06
CITRUS,MAKEUP AND TREATMENT,PRODUCE,COSMETICS,308,0.00123,0.030,0.078,1.95,291,1.06
FROZEN PIZZA,MISC. DAIRY,GROCERY,GROCERY,1721,0.00686,0.074,0.235,2.54,1617,1.06
EGGS,ONIONS,GROCERY,PRODUCE,4492,0.01790,0.161,0.289,2.60,4238,1.06
EGGS,SPICES & EXTRACTS,GROCERY,GROCERY,2703,0.01077,0.097,0.286,2.57,2541,1.06
EGGS,VEGETABLES - ALL OTHERS,GROCERY,PRODUCE,4683,0.01866,0.168,0.286,2.58,4412,1.06
SOAP - LIQUID & BAR,WAREHOUSE SNACKS,DRUG GM,GROCERY,332,0.00132,0.057,0.051,2.17,313,1.06
COLD CEREAL,HAIR CARE PRODUCTS,GROCERY,DRUG GM,1802,0.00718,0.072,0.227,2.27,1708,1.06
HEAT/SERVE,WAREHOUSE SNACKS,MEAT-PCKGD,GROCERY,309,0.00123,0.059,0.047,2.25,293,1.06
COLD CEREAL,TEAS,GROCERY,GROCERY,951,0.00379,0.038,0.273,2.72,893,1.06
CONDIMENTS/SAUCES,REFRGRATD DOUGH PRODUCTS,GROCERY,GROCERY,2707,0.01079,0.152,0.192,2.69,2561,1.06
BEEF,MARGARINES,MEAT,GROCERY,4915,0.01958,0.134,0.363,2.48,4620,1.06
COOKIES/CONES,MEAT - MISC,GROCERY,MEAT-PCKGD,1497,0.00597,0.088,0.178,2.61,1418,1.06
CANNED JUICES,DISHWASH DETERGENTS,GROCERY,GROCERY,1235,0.00492,0.061,0.198,2.47,1161,1.06
PIES,VEGETABLES - ALL OTHERS,PASTRY,PRODUCE,352,0.00140,0.127,0.022,1.95,332,1.06
FRZN VEGETABLE/VEG DSH,PWDR/CRYSTL DRNK MX,GROCERY,GROCERY,768,0.00306,0.060,0.144,2.84,722,1.06
HOT CEREAL,SALD DRSNG/SNDWCH SPRD,GROCERY,GROCERY,1067,0.00425,0.190,0.064,2.85,1011,1.06
CHEESE,FROZEN PIZZA,GROCERY,GROCERY,9523,0.03795,0.203,0.412,2.20,8945,1.06
DRY MIX DESSERTS,WAREHOUSE SNACKS,GROCERY,GROCERY,333,0.00133,0.061,0.051,2.35,315,1.06
BREAKFAST SWEETS,DELI MEATS,PASTRY,DELI,902,0.00359,0.111,0.053,1.62,854,1.06
REFRGRATD DOUGH PRODUCTS,SPICES & EXTRACTS,GROCERY,GROCERY,1439,0.00573,0.102,0.152,2.70,1354,1.06
FRZN VEGETABLE/VEG DSH,PICKLE/RELISH/PKLD VEG,GROCERY,GROCERY,930,0.00371,0.073,0.151,2.98,875,1.06
BROCCOLI/CAULIFLOWER,DRY NOODLES/PASTA,PRODUCE,GROCERY,812,0.00324,0.182,0.058,3.25,768,1.06
POTATOES,REFRGRATD DOUGH PRODUCTS,PRODUCE,GROCERY,2397,0.00955,0.157,0.170,2.79,2261,1.06
BREAKFAST SWEETS,HOT CEREAL,PASTRY,GROCERY,312,0.00124,0.038,0.056,1.71,294,1.06
BROCCOLI/CAULIFLOWER,FACIAL TISS/DNR NAPKIN,PRODUCE,GROCERY,371,0.00148,0.083,0.054,3.04,349,1.06
CANNED JUICES,SHORTENING/OIL,GROCERY,GROCERY,1721,0.00686,0.085,0.208,2.59,1625,1.06
COLD CEREAL,GRAPES,GROCERY,PRODUCE,2743,0.01093,0.109,0.271,2.71,2577,1.06
BUTTER,GRAPES,GROCERY,PRODUCE,571,0.00228,0.115,0.056,2.87,540,1.06
FRZN MEAT/MEAT DINNERS,SOFT DRINKS,GROCERY,GROCERY,9617,0.03832,0.423,0.134,1.48,9070,1.06
CHEESES,SALAD BAR,DELI,SALAD BAR,469,0.00187,0.041,0.056,1.24,441,1.06
MEAT - MISC,SEAFOOD-FRESH,MEAT-PCKGD,SEAFOOD,302,0.00120,0.036,0.082,2.45,286,1.06
DRY NOODLES/PASTA,FRZN BREAKFAST FOODS,GROCERY,GROCERY,1264,0.00504,0.090,0.173,3.10,1192,1.06
EGGS,FROZEN PIE/DESSERTS,GROCERY,GROCERY,1615,0.00644,0.058,0.251,2.26,1517,1.06
CHEESE,PWDR/CRYSTL DRNK MX,GROCERY,GROCERY,2545,0.01014,0.054,0.478,2.56,2398,1.06
DINNER MXS:DRY,POPCORN,GROCERY,PRODUCE,639,0.00255,0.048,0.163,3.07,603,1.06
PWDR/CRYSTL DRNK MX,SOFT DRINKS,GROCERY,GROCERY,2466,0.00983,0.464,0.034,1.63,2335,1.06
COFFEE,WATER - CARBONATED/FLVRD DRINK,GROCERY,GROCERY,1542,0.00614,0.135,0.086,1.88,1451,1.06
COLD CEREAL,EGGS,GROCERY,GROCERY,7031,0.02802,0.280,0.252,2.52,6649,1.06
EGGS,VEGETABLES SALAD,GROCERY,PRODUCE,3007,0.01198,0.108,0.281,2.53,2827,1.06
COLD CEREAL,DEODORANTS,GROCERY,DRUG GM,951,0.00379,0.038,0.224,2.23,897,1.06
CANNED JUICES,DRY NOODLES/PASTA,GROCERY,GROCERY,3073,0.01224,0.152,0.219,2.73,2891,1.06
FRUIT - SHELF STABLE,WATER - CARBONATED/FLVRD DRINK,GROCERY,GROCERY,2126,0.00847,0.160,0.118,2.23,2000,1.06
FRZN BREAKFAST FOODS,HAIR CARE PRODUCTS,GROCERY,DRUG GM,560,0.00223,0.077,0.071,2.43,528,1.06
BEERS/ALES,SEAFOOD - FROZEN,GROCERY,SEAFOOD-PCKGD,695,0.00277,0.045,0.092,1.50,658,1.06
FRUIT - SHELF STABLE,LUNCHMEAT,GROCERY,MEAT-PCKGD,3393,0.01352,0.255,0.143,2.70,3206,1.06
FRZN BREAKFAST FOODS,HISPANIC,GROCERY,GROCERY,1194,0.00476,0.163,0.084,2.88,1130,1.06
COOKIES/CONES,DRY BN/VEG/POTATO/RICE,GROCERY,GROCERY,2495,0.00994,0.146,0.188,2.76,2352,1.06
CANNED JUICES,POPCORN,GROCERY,PRODUCE,793,0.00316,0.039,0.202,2.51,748,1.06
FD WRAPS/BAGS/TRSH BG,SMOKED MEATS,GROCERY,MEAT,441,0.00176,0.039,0.113,2.51,416,1.06
FRZN MEAT/MEAT DINNERS,REFRGRATD DOUGH PRODUCTS,GROCERY,GROCERY,2955,0.01177,0.130,0.209,2.31,2796,1.06
MEAT - MISC,MELONS,MEAT-PCKGD,PRODUCE,395,0.00157,0.047,0.091,2.72,371,1.06
BLEACH,MARGARINES,GROCERY,GROCERY,467,0.00186,0.132,0.034,2.44,439,1.06
FRUIT - SHELF STABLE,HOT DOGS,GROCERY,MEAT-PCKGD,1757,0.00700,0.132,0.161,3.04,1662,1.06
FACIAL TISS/DNR NAPKIN,PROCESSED,GROCERY,PRODUCE,363,0.00145,0.053,0.077,2.83,344,1.06
BEEF,SALAD MIX,MEAT,PRODUCE,5623,0.02241,0.153,0.362,2.48,5302,1.06
CHEESE,PEPPERS-ALL,GROCERY,PRODUCE,3993,0.01591,0.085,0.486,2.60,3782,1.06
ISOTONIC DRINKS,MEAT - MISC,GROCERY,MEAT-PCKGD,429,0.00171,0.080,0.051,2.39,403,1.06
BREAKFAST SAUSAGE/SANDWICHES,MISC. DAIRY,MEAT-PCKGD,GROCERY,934,0.00372,0.085,0.127,2.91,884,1.06
CHEESE,ONIONS,GROCERY,PRODUCE,7300,0.02909,0.156,0.469,2.51,6865,1.06
BEERS/ALES,DEODORANTS,GROCERY,DRUG GM,367,0.00146,0.024,0.086,1.40,345,1.06
CANNED JUICES,HISPANIC,GROCERY,GROCERY,2933,0.01169,0.145,0.206,2.56,2757,1.06
FROZEN PIE/DESSERTS,PICKLE/RELISH/PKLD VEG,GROCERY,GROCERY,398,0.00159,0.062,0.065,2.52,377,1.06
FEMININE HYGIENE,YOGURT,DRUG GM,GROCERY,545,0.00217,0.127,0.031,1.81,514,1.06
BABY HBC,HOT DOGS,DRUG GM,MEAT-PCKGD,378,0.00151,0.095,0.035,2.18,356,1.06
CANNED JUICES,HOUSEHOLD CLEANG NEEDS,GROCERY,GROCERY,1429,0.00569,0.071,0.194,2.41,1344,1.06
CANNED JUICES,COLD AND FLU,GROCERY,DRUG GM,557,0.00222,0.028,0.114,1.42,527,1.06
BAKING NEEDS,COFFEE,GROCERY,GROCERY,1071,0.00427,0.103,0.093,2.26,1008,1.06
DRY SAUCES/GRAVY,FRZN BREAKFAST FOODS,GROCERY,GROCERY,576,0.00230,0.089,0.079,3.05,541,1.06
DRY MIX DESSERTS,FROZEN PIZZA,GROCERY,GROCERY,1221,0.00487,0.224,0.053,2.43,1152,1.06
BAKED BREAD/BUNS/ROLLS,EGGS,GROCERY,GROCERY,14640,0.05834,0.243,0.525,2.19,13846,1.06
HOUSEHOLD CLEANG NEEDS,MISC. DAIRY,GROCERY,GROCERY,594,0.00237,0.080,0.081,2.75,560,1.06
DRY SAUCES/GRAVY,HOT CEREAL,GROCERY,GROCERY,439,0.00175,0.068,0.078,3.03,415,1.06
APPLES,GREETING CARDS/WRAP/PARTY SPLY,PRODUCE,DRUG GM,663,0.00264,0.050,0.087,1.66,627,1.06
BATH TISSUES,MOLASSES/SYRUP/PANCAKE MIXS,GROCERY,GROCERY,669,0.00267,0.049,0.148,2.73,629,1.06
BAKING NEEDS,DINNER MXS:DRY,GROCERY,GROCERY,1542,0.00614,0.148,0.116,2.80,1452,1.06
HOUSEHOLD CLEANG NEEDS,MOLASSES/SYRUP/PANCAKE MIXS,GROCERY,GROCERY,381,0.00152,0.052,0.084,2.87,360,1.06
CARROTS,POPCORN,PRODUCE,PRODUCE,390,0.00155,0.046,0.099,2.97,368,1.06
CRACKERS/MISC BKD FD,REFRGRATD DOUGH PRODUCTS,GROCERY,GROCERY,3487,0.01389,0.154,0.247,2.73,3285,1.06
BAKING NEEDS,SMOKED MEATS,GROCERY,MEAT,389,0.00155,0.037,0.099,2.40,366,1.06
BREAD,SEAFOOD - FROZEN,PASTRY,SEAFOOD-PCKGD,527,0.00210,0.066,0.070,2.21,497,1.06
CHICKEN,PWDR/CRYSTL DRNK MX,MEAT,GROCERY,887,0.00353,0.059,0.167,2.78,835,1.06
CRACKERS/MISC BKD FD,PROCESSED,GROCERY,PRODUCE,1197,0.00477,0.053,0.255,2.82,1134,1.06
BAKED BREAD/BUNS/ROLLS,CONDIMENTS/SAUCES,GROCERY,GROCERY,9721,0.03874,0.161,0.544,2.27,9173,1.06
FRUIT - SHELF STABLE,FRZN POTATOES,GROCERY,GROCERY,1293,0.00515,0.097,0.159,3.01,1218,1.06
MUSHROOMS,TROPICAL FRUIT,PRODUCE,PRODUCE,1627,0.00648,0.344,0.050,2.66,1530,1.06
CHICKEN/POULTRY,TROPICAL FRUIT,DELI,PRODUCE,1058,0.00422,0.180,0.033,1.39,994,1.06
MAGAZINE,WAREHOUSE SNACKS,DRUG GM,GROCERY,300,0.00120,0.042,0.046,1.59,282,1.06
MAGAZINE,MISC. DAIRY,DRUG GM,GROCERY,377,0.00150,0.052,0.051,1.78,356,1.06
HAIR CARE PRODUCTS,PNT BTR/JELLY/JAMS,DRUG GM,GROCERY,792,0.00316,0.100,0.076,2.42,745,1.06
POTATOES,TEAS,PRODUCE,GROCERY,606,0.00241,0.040,0.174,2.85,572,1.06
DRY SAUCES/GRAVY,FROZEN PIE/DESSERTS,GROCERY,GROCERY,408,0.00163,0.063,0.064,2.46,385,1.06
FRZN BREAKFAST FOODS,PAPER TOWELS,GROCERY,GROCERY,836,0.00333,0.114,0.082,2.82,786,1.06
PNT BTR/JELLY/JAMS,VEGETABLES - SHELF STABLE,GROCERY,GROCERY,2805,0.01118,0.271,0.124,3.01,2640,1.06
DRY MIX DESSERTS,FRZN VEGETABLE/VEG DSH,GROCERY,GROCERY,764,0.00304,0.140,0.060,2.76,721,1.06
ANALGESICS,CANDY - CHECKLANE,DRUG GM,DRUG GM,442,0.00176,0.104,0.019,1.13,419,1.06
DRY SAUCES/GRAVY,FROZEN PIZZA,GROCERY,GROCERY,1512,0.00602,0.233,0.065,2.53,1423,1.06
BAKED BREAD/BUNS/ROLLS,MARGARINES,GROCERY,GROCERY,7410,0.02953,0.123,0.547,2.28,7006,1.06
BAKED BREAD/BUNS/ROLLS,CHARCOAL AND LIGHTER FLUID,GROCERY,DRUG GM,783,0.00312,0.013,0.397,1.65,740,1.06
DEODORANTS,YOGURT,DRUG GM,GROCERY,669,0.00267,0.157,0.038,2.24,630,1.06
BAKED SWEET GOODS,POPCORN,GROCERY,PRODUCE,687,0.00274,0.037,0.175,2.35,646,1.06
CANNED JUICES,TROPICAL FRUIT,GROCERY,PRODUCE,6098,0.02430,0.302,0.188,2.34,5739,1.06
HISPANIC,HOT CEREAL,GROCERY,GROCERY,915,0.00365,0.064,0.163,2.87,867,1.06
NUTS,SOUP,PRODUCE,GROCERY,489,0.00195,0.266,0.021,2.84,460,1.06
CANDY - PACKAGED,LAUNDRY ADDITIVES,DRUG GM,GROCERY,677,0.00270,0.031,0.152,1.78,639,1.06
BAKED BREAD/BUNS/ROLLS,BREAKFAST SAUSAGE/SANDWICHES,GROCERY,MEAT-PCKGD,6031,0.02403,0.100,0.550,2.29,5708,1.06
FLUID MILK PRODUCTS,MARGARINES,GROCERY,GROCERY,7764,0.03094,0.112,0.573,2.08,7291,1.06
CIGARETTES,ORAL HYGIENE PRODUCTS,DRUG GM,DRUG GM,370,0.00147,0.034,0.047,1.09,349,1.06
CRACKERS/MISC BKD FD,HEAT/SERVE,GROCERY,MEAT-PCKGD,1266,0.00504,0.056,0.240,2.65,1196,1.06
CRACKERS/MISC BKD FD,FRZN POTATOES,GROCERY,GROCERY,1986,0.00791,0.087,0.245,2.71,1874,1.06
CAKES,DELI MEATS,PASTRY,DELI,445,0.00177,0.100,0.026,1.47,418,1.06
CRACKERS/MISC BKD FD,FRZN MEAT/MEAT DINNERS,GROCERY,GROCERY,4818,0.01920,0.212,0.212,2.34,4540,1.06
COFFEE,MISC. DAIRY,GROCERY,GROCERY,866,0.00345,0.076,0.118,2.58,818,1.06
BEERS/ALES,CITRUS,GROCERY,PRODUCE,931,0.00371,0.060,0.092,1.49,881,1.06
DRY MIX DESSERTS,LUNCHMEAT,GROCERY,MEAT-PCKGD,1281,0.00510,0.235,0.054,2.49,1210,1.06
BAKED BREAD/BUNS/ROLLS,BEEF,GROCERY,MEAT,18799,0.07491,0.312,0.512,2.13,17652,1.06
CHEESE,DRY SAUCES/GRAVY,GROCERY,GROCERY,3145,0.01253,0.067,0.485,2.60,2962,1.06
CANDY - CHECKLANE,CAT FOOD,DRUG GM,GROCERY,734,0.00292,0.032,0.112,1.21,692,1.06
BAKING MIXES,MILK BY-PRODUCTS,GROCERY,GROCERY,2246,0.00895,0.199,0.114,2.54,2129,1.06
CRACKERS/MISC BKD FD,FD WRAPS/BAGS/TRSH BG,GROCERY,GROCERY,2680,0.01068,0.118,0.239,2.64,2538,1.06
DELI MEATS,MISC. DAIRY,DELI,GROCERY,1346,0.00536,0.079,0.183,2.69,1274,1.06
CANNED JUICES,MEAT - MISC,GROCERY,MEAT-PCKGD,1753,0.00699,0.087,0.208,2.59,1661,1.06
ANALGESICS,CONVENIENT BRKFST/WHLSM SNACKS,DRUG GM,GROCERY,424,0.00169,0.100,0.030,1.79,399,1.06
DELI MEATS,ORAL HYGIENE PRODUCTS,DELI,DRUG GM,1171,0.00467,0.068,0.150,2.20,1102,1.06
HOUSEHOLD CLEANG NEEDS,SALAD MIX,GROCERY,PRODUCE,1174,0.00468,0.159,0.076,2.57,1106,1.06
BACON,WAREHOUSE SNACKS,MEAT-PCKGD,GROCERY,684,0.00273,0.063,0.105,2.42,644,1.06
DRY SAUCES/GRAVY,PNT BTR/JELLY/JAMS,GROCERY,GROCERY,809,0.00322,0.125,0.078,3.02,764,1.06
BAKING NEEDS,MILK BY-PRODUCTS,GROCERY,GROCERY,1982,0.00790,0.191,0.101,2.43,1864,1.06
MISC. DAIRY,SALADS/DIPS,GROCERY,DELI,403,0.00161,0.055,0.067,2.29,382,1.05
DOG FOODS,ICE CREAM/MILK/SHERBTS,GROCERY,GROCERY,910,0.00363,0.128,0.045,1.60,866,1.05
CANDY - CHECKLANE,WATER - CARBONATED/FLVRD DRINK,DRUG GM,GROCERY,1972,0.00786,0.085,0.110,1.19,1872,1.05
BAKING MIXES,CHEESE,GROCERY,GROCERY,4980,0.01984,0.441,0.106,2.36,4758,1.05
LAUNDRY DETERGENTS,PWDR/CRYSTL DRNK MX,GROCERY,GROCERY,469,0.00187,0.055,0.088,2.61,445,1.05
LAUNDRY DETERGENTS,SUGARS/SWEETNERS,GROCERY,GROCERY,829,0.00330,0.098,0.081,2.39,791,1.05
LAUNDRY DETERGENTS,WAREHOUSE SNACKS,GROCERY,GROCERY,470,0.00187,0.056,0.072,2.13,448,1.05
HOT CEREAL,SEAFOOD - FROZEN,GROCERY,SEAFOOD-PCKGD,469,0.00187,0.084,0.062,2.79,446,1.05
DINNER MXS:DRY,MISC. DAIRY,GROCERY,GROCERY,1278,0.00509,0.096,0.174,3.29,1220,1.05
LUNCHMEAT,POPCORN,MEAT-PCKGD,PRODUCE,892,0.00355,0.038,0.227,2.40,853,1.05
LUNCHMEAT,SOFT DRINKS,MEAT-PCKGD,GROCERY,10251,0.04085,0.433,0.143,1.52,9802,1.05
CANNED JUICES,HEAT/SERVE,GROCERY,MEAT-PCKGD,1029,0.00410,0.051,0.195,2.43,981,1.05
HOT CEREAL,MEAT - MISC,GROCERY,MEAT-PCKGD,549,0.00219,0.098,0.065,2.92,523,1.05
BREAKFAST SAUSAGE/SANDWICHES,SOFT DRINKS,MEAT-PCKGD,GROCERY,5024,0.02002,0.458,0.070,1.61,4775,1.05
BAKED SWEET GOODS,MISCELLANEOUS,GROCERY,MEAT-PCKGD,401,0.00160,0.021,0.182,2.45,382,1.05
TROPICAL FRUIT,WATER - CARBONATED/FLVRD DRINK,PRODUCE,GROCERY,4429,0.01765,0.136,0.247,1.91,4231,1.05
MARGARINES,POPCORN,GROCERY,PRODUCE,569,0.00227,0.042,0.145,2.68,541,1.05
TOMATOES,YOGURT,PRODUCE,GROCERY,2798,0.01115,0.183,0.159,2.62,2657,1.05
MARGARINES,SEAFOOD - FROZEN,GROCERY,SEAFOOD-PCKGD,1084,0.00432,0.080,0.144,2.67,1029,1.05
CANNED JUICES,PICKLE/RELISH/PKLD VEG,GROCERY,GROCERY,1348,0.00537,0.067,0.219,2.72,1286,1.05
HISPANIC,PNT BTR/JELLY/JAMS,GROCERY,GROCERY,1674,0.00667,0.117,0.162,2.84,1593,1.05
MEAT - MISC,MISC. DAIRY,MEAT-PCKGD,GROCERY,732,0.00292,0.087,0.100,2.97,697,1.05
BAKED SWEET GOODS,DELI MEATS,GROCERY,DELI,2816,0.01122,0.151,0.165,2.21,2692,1.05
BATH TISSUES,FROZEN PIZZA,GROCERY,GROCERY,2726,0.01086,0.200,0.118,2.17,2590,1.05
BREAKFAST SAUSAGE/SANDWICHES,SEAFOOD - SHELF STABLE,MEAT-PCKGD,GROCERY,1049,0.00418,0.096,0.133,3.04,1002,1.05
CANDY - CHECKLANE,HAIR CARE PRODUCTS,DRUG GM,DRUG GM,912,0.00363,0.039,0.115,1.24,867,1.05
BAKED SWEET GOODS,CAT FOOD,GROCERY,GROCERY,873,0.00348,0.047,0.133,1.79,833,1.05
DEODORANTS,PNT BTR/JELLY/JAMS,DRUG GM,GROCERY,412,0.00164,0.097,0.040,2.35,391,1.05
CANNED JUICES,SUGARS/SWEETNERS,GROCERY,GROCERY,1981,0.00789,0.098,0.193,2.40,1894,1.05
MEAT - SHELF STABLE,MISC. DAIRY,GROCERY,GROCERY,1241,0.00495,0.090,0.169,3.08,1185,1.05
CANNED JUICES,VEGETABLES - SHELF STABLE,GROCERY,GROCERY,4795,0.01911,0.238,0.212,2.64,4555,1.05
CANNED JUICES,VITAMINS,GROCERY,DRUG GM,323,0.00129,0.016,0.162,2.02,307,1.05
VALUE ADDED FRUIT,VEGETABLES SALAD,PRODUCE,PRODUCE,608,0.00242,0.104,0.057,2.44,577,1.05
CANDY - CHECKLANE,FRZN BREAKFAST FOODS,DRUG GM,GROCERY,900,0.00359,0.039,0.123,1.33,858,1.05
HEAT/SERVE,SOAP - LIQUID & BAR,MEAT-PCKGD,DRUG GM,300,0.00120,0.057,0.051,2.43,286,1.05
MILK BY-PRODUCTS,ORGANICS FRUIT & VEGETABLES,GROCERY,PRODUCE,1110,0.00442,0.056,0.210,2.68,1061,1.05
FROZEN PIE/DESSERTS,HEAT/SERVE,GROCERY,MEAT-PCKGD,307,0.00122,0.048,0.058,2.27,292,1.05
DEODORANTS,FROZEN MEAT,DRUG GM,MEAT-PCKGD,333,0.00133,0.078,0.041,2.39,316,1.05
HEAT/SERVE,MILK BY-PRODUCTS,MEAT-PCKGD,GROCERY,1052,0.00419,0.199,0.053,2.54,1000,1.05
DELI MEATS,SALD DRSNG/SNDWCH SPRD,DELI,GROCERY,2911,0.01160,0.170,0.174,2.55,2763,1.05
HEAT/SERVE,ICE CREAM/MILK/SHERBTS,MEAT-PCKGD,GROCERY,802,0.00320,0.152,0.040,1.90,766,1.05
MISC. DAIRY,PAPER TOWELS,GROCERY,GROCERY,846,0.00337,0.115,0.083,2.85,802,1.05
DELI MEATS,PNT BTR/JELLY/JAMS,DELI,GROCERY,1853,0.00738,0.108,0.179,2.62,1763,1.05
DELI MEATS,PIES,DELI,PASTRY,351,0.00140,0.021,0.126,1.85,334,1.05
BATH TISSUES,SOUP,GROCERY,GROCERY,3155,0.01257,0.232,0.134,2.47,2999,1.05
BATH TISSUES,SUGARS/SWEETNERS,GROCERY,GROCERY,1313,0.00523,0.096,0.128,2.35,1250,1.05
MISC. DAIRY,REFRGRATD DOUGH PRODUCTS,GROCERY,GROCERY,1181,0.00471,0.161,0.084,2.86,1124,1.05
DELI MEATS,MILK BY-PRODUCTS,DELI,GROCERY,3296,0.01313,0.193,0.167,2.45,3149,1.05
DELI MEATS,FIRST AID PRODUCTS,DELI,DRUG GM,301,0.00120,0.018,0.114,1.67,287,1.05
CRACKERS/MISC BKD FD,YOGURT,GROCERY,GROCERY,4245,0.01692,0.187,0.241,2.67,4049,1.05
MISC. DAIRY,SALD DRSNG/SNDWCH SPRD,GROCERY,GROCERY,1419,0.00565,0.193,0.085,2.90,1345,1.05
HAIR CARE PRODUCTS,PWDR/CRYSTL DRNK MX,DRUG GM,GROCERY,402,0.00160,0.051,0.076,2.39,384,1.05
MISC. DAIRY,SOAP - LIQUID & BAR,GROCERY,DRUG GM,457,0.00182,0.062,0.078,2.67,436,1.05
BEANS - CANNED GLASS & MW,BROCCOLI/CAULIFLOWER,GROCERY,PRODUCE,548,0.00218,0.058,0.123,3.24,523,1.05
BEANS - CANNED GLASS & MW,CHEESE,GROCERY,GROCERY,4671,0.01861,0.492,0.100,2.63,4441,1.05
MOLASSES/SYRUP/PANCAKE MIXS,PAPER HOUSEWARES,GROCERY,GROCERY,385,0.00153,0.085,0.050,2.79,367,1.05
CRACKERS/MISC BKD FD,SEAFOOD - FROZEN,GROCERY,SEAFOOD-PCKGD,1814,0.00723,0.080,0.241,2.67,1735,1.05
BAKED BREAD/BUNS/ROLLS,FRZN BREAKFAST FOODS,GROCERY,GROCERY,4091,0.01630,0.068,0.560,2.33,3893,1.05
CRACKERS/MISC BKD FD,SALAD MIX,GROCERY,PRODUCE,3791,0.01511,0.167,0.244,2.70,3626,1.05
GRAPES,WAREHOUSE SNACKS,PRODUCE,GROCERY,611,0.00243,0.060,0.093,2.32,582,1.05
BEANS - CANNED GLASS & MW,DOG FOODS,GROCERY,GROCERY,596,0.00237,0.063,0.084,2.22,566,1.05
CARROTS,VALUE ADDED FRUIT,PRODUCE,PRODUCE,527,0.00210,0.063,0.090,2.69,503,1.05
MUSHROOMS,VEGETABLES - SHELF STABLE,PRODUCE,GROCERY,1284,0.00512,0.271,0.057,3.01,1227,1.05
BEANS - CANNED GLASS & MW,EGGS,GROCERY,GROCERY,2909,0.01159,0.306,0.104,2.76,2758,1.05
MUSHROOMS,WATER - CARBONATED/FLVRD DRINK,PRODUCE,GROCERY,716,0.00285,0.151,0.040,2.11,685,1.05
BEANS - CANNED GLASS & MW,FROZEN MEAT,GROCERY,MEAT-PCKGD,978,0.00390,0.103,0.119,3.15,927,1.05
BAKED BREAD/BUNS/ROLLS,CHEESE,GROCERY,GROCERY,23917,0.09530,0.397,0.510,2.13,22689,1.05
GRAPES,TEAS,PRODUCE,GROCERY,391,0.00156,0.039,0.112,2.78,372,1.05
CAT FOOD,FROZEN PIZZA,GROCERY,GROCERY,1084,0.00432,0.165,0.047,1.79,1032,1.05
BAKED BREAD/BUNS/ROLLS,BEANS - CANNED GLASS & MW,GROCERY,GROCERY,5443,0.02169,0.090,0.573,2.39,5204,1.05
GRAPES,ROLLS,PRODUCE,PASTRY,443,0.00177,0.044,0.087,2.16,420,1.05
CRACKERS/MISC BKD FD,ELECTRICAL SUPPPLIES,GROCERY,DRUG GM,566,0.00226,0.025,0.214,2.36,537,1.05
CRACKERS/MISC BKD FD,DOG FOODS,GROCERY,GROCERY,1337,0.00533,0.059,0.188,2.08,1275,1.05
ONIONS,TROPICAL FRUIT,PRODUCE,PRODUCE,5067,0.02019,0.326,0.156,2.52,4820,1.05
ORAL HYGIENE PRODUCTS,ORGANICS FRUIT & VEGETABLES,DRUG GM,PRODUCE,387,0.00154,0.050,0.073,2.36,369,1.05
ORAL HYGIENE PRODUCTS,PROCESSED,DRUG GM,PRODUCE,346,0.00138,0.044,0.074,2.37,329,1.05
ORAL HYGIENE PRODUCTS,VALUE ADDED FRUIT,DRUG GM,PRODUCE,388,0.00155,0.050,0.066,2.14,370,1.05
BEANS - CANNED GLASS & MW,MILK BY-PRODUCTS,GROCERY,GROCERY,2098,0.00836,0.221,0.107,2.82,2001,1.05
BEANS - CANNED GLASS & MW,PAPER HOUSEWARES,GROCERY,GROCERY,788,0.00314,0.083,0.103,2.71,753,1.05
DRY MIX DESSERTS,POTATOES,GROCERY,PRODUCE,939,0.00374,0.172,0.061,2.83,894,1.05
FROZEN BREAD/DOUGH,LUNCHMEAT,GROCERY,MEAT-PCKGD,1705,0.00679,0.237,0.072,2.51,1623,1.05
BAG SNACKS,OLIVES,GROCERY,GROCERY,1035,0.00412,0.025,0.392,2.34,982,1.05
CAT FOOD,WATER - CARBONATED/FLVRD DRINK,GROCERY,GROCERY,749,0.00298,0.114,0.042,1.60,714,1.05
ORGANICS FRUIT & VEGETABLES,WATER - CARBONATED/FLVRD DRINK,PRODUCE,GROCERY,783,0.00312,0.148,0.044,2.07,747,1.05
COOKIES/CONES,WATER - CARBONATED/FLVRD DRINK,GROCERY,GROCERY,2360,0.00940,0.138,0.131,1.93,2240,1.05
CHICKEN/POULTRY,VEGETABLES SALAD,DELI,PRODUCE,351,0.00140,0.060,0.033,1.40,333,1.05
FRZN VEGETABLE/VEG DSH,SUGARS/SWEETNERS,GROCERY,GROCERY,1342,0.00535,0.105,0.130,2.57,1282,1.05
BAG SNACKS,FRZN BREAKFAST FOODS,GROCERY,GROCERY,2722,0.01085,0.065,0.373,2.23,2581,1.05
BUTTER,HOT CEREAL,GROCERY,GROCERY,327,0.00130,0.066,0.058,2.96,310,1.05
DRY NOODLES/PASTA,FROZEN PIZZA,GROCERY,GROCERY,3294,0.01313,0.235,0.142,2.55,3126,1.05
COOKIES/CONES,FLUID MILK PRODUCTS,GROCERY,GROCERY,9150,0.03646,0.535,0.132,1.94,8715,1.05
BAG SNACKS,CONDIMENTS/SAUCES,GROCERY,GROCERY,6410,0.02554,0.153,0.359,2.15,6080,1.05
FRZN VEGETABLE/VEG DSH,HERBS,GROCERY,PRODUCE,449,0.00179,0.035,0.138,2.71,429,1.05
BLEACH,COOKIES/CONES,GROCERY,GROCERY,547,0.00218,0.154,0.032,2.26,521,1.05
BUTTER,DRY SAUCES/GRAVY,GROCERY,GROCERY,381,0.00152,0.077,0.059,2.98,363,1.05
COOKIES/CONES,DELI MEATS,GROCERY,DELI,2759,0.01099,0.161,0.161,2.37,2635,1.05
COOKIES,HOT DOGS,PASTRY,MEAT-PCKGD,310,0.00124,0.084,0.028,1.93,295,1.05
FRZN POTATOES,HISPANIC,GROCERY,GROCERY,1241,0.00495,0.153,0.087,2.69,1181,1.05
FRZN NOVELTIES/WTR ICE,SNACK NUTS,GROCERY,GROCERY,402,0.00160,0.039,0.086,2.08,382,1.05
BREAD,COFFEE,PASTRY,GROCERY,737,0.00294,0.093,0.064,2.03,700,1.05
FRZN NOVELTIES/WTR ICE,REFRGRATD DOUGH PRODUCTS,GROCERY,GROCERY,1297,0.00517,0.125,0.092,2.23,1237,1.05
DRY NOODLES/PASTA,POPCORN,GROCERY,PRODUCE,638,0.00254,0.046,0.162,2.91,605,1.05
PICKLE/RELISH/PKLD VEG,SOFT DRINKS,GROCERY,GROCERY,2907,0.01158,0.472,0.041,1.66,2781,1.05
BEEF,LUNCHMEAT,MEAT,MEAT-PCKGD,7782,0.03101,0.212,0.328,2.25,7408,1.05
BREAD,SPICES & EXTRACTS,PASTRY,GROCERY,664,0.00265,0.083,0.070,2.21,631,1.05
FRZN NOVELTIES/WTR ICE,FRZN VEGETABLE/VEG DSH,GROCERY,GROCERY,1175,0.00468,0.114,0.092,2.24,1119,1.05
CONVENIENT BRKFST/WHLSM SNACKS,MEAT - MISC,GROCERY,MEAT-PCKGD,1391,0.00554,0.099,0.165,2.96,1328,1.05
BACON,PASTA SAUCE,MEAT-PCKGD,GROCERY,1599,0.00637,0.147,0.136,3.15,1524,1.05
DRY NOODLES/PASTA,VEGETABLES - ALL OTHERS,GROCERY,PRODUCE,2654,0.01058,0.189,0.162,2.91,2521,1.05
FRZN MEAT/MEAT DINNERS,PNT BTR/JELLY/JAMS,GROCERY,GROCERY,2249,0.00896,0.099,0.217,2.39,2134,1.05
CHIPS&SNACKS,CRACKERS/MISC BKD FD,NUTRITION,GROCERY,384,0.00153,0.227,0.017,2.51,366,1.05
PNT BTR/JELLY/JAMS,SHAVING CARE PRODUCTS,GROCERY,DRUG GM,319,0.00127,0.031,0.097,2.35,303,1.05
CONVENIENT BRKFST/WHLSM SNACKS,FLUID MILK PRODUCTS,GROCERY,GROCERY,8202,0.03268,0.586,0.119,2.13,7785,1.05
CONVENIENT BRKFST/WHLSM SNACKS,FEMININE HYGIENE,GROCERY,DRUG GM,452,0.00180,0.032,0.105,1.89,432,1.05
CONVENIENT BRKFST/WHLSM SNACKS,DRY SAUCES/GRAVY,GROCERY,GROCERY,1107,0.00441,0.079,0.171,3.06,1056,1.05
FD WRAPS/BAGS/TRSH BG,SNACK NUTS,GROCERY,GROCERY,500,0.00199,0.045,0.107,2.39,476,1.05
BROCCOLI/CAULIFLOWER,WATER - CARBONATED/FLVRD DRINK,PRODUCE,GROCERY,697,0.00278,0.156,0.039,2.18,665,1.05
PORK,SOUP,MEAT,GROCERY,3239,0.01291,0.262,0.137,2.79,3085,1.05
CONVENIENT BRKFST/WHLSM SNACKS,DELI MEATS,GROCERY,DELI,2561,0.01020,0.183,0.150,2.68,2428,1.05
CHEESE,PICKLE/RELISH/PKLD VEG,GROCERY,GROCERY,3061,0.01220,0.065,0.497,2.66,2904,1.05
PORK,TEAS,MEAT,GROCERY,487,0.00194,0.039,0.140,2.83,462,1.05
BROCCOLI/CAULIFLOWER,SPICES & EXTRACTS,PRODUCE,GROCERY,500,0.00199,0.112,0.053,2.97,474,1.05
BACON,BAG SNACKS,MEAT-PCKGD,GROCERY,4045,0.01612,0.372,0.096,2.23,3846,1.05
FROZEN MEAT,PAPER HOUSEWARES,MEAT-PCKGD,GROCERY,670,0.00267,0.082,0.087,2.67,639,1.05
BABY HBC,TROPICAL FRUIT,DRUG GM,PRODUCE,1036,0.00413,0.260,0.032,2.01,990,1.05
CHEESE,SPICES & EXTRACTS,GROCERY,GROCERY,4322,0.01722,0.092,0.457,2.45,4111,1.05
POTATOES,STONE FRUIT,PRODUCE,PRODUCE,866,0.00345,0.057,0.158,2.59,822,1.05
POTATOES,TROPICAL FRUIT,PRODUCE,PRODUCE,5066,0.02019,0.331,0.156,2.56,4809,1.05
CHEESE,TOMATOES,GROCERY,PRODUCE,6920,0.02757,0.148,0.453,2.43,6593,1.05
PROCESSED,SEAFOOD - FROZEN,PRODUCE,SEAFOOD-PCKGD,386,0.00154,0.082,0.051,2.75,368,1.05
CONDIMENTS/SAUCES,FRZN BREAKFAST FOODS,GROCERY,GROCERY,1473,0.00587,0.082,0.202,2.83,1396,1.05
TEAS,WATER - CARBONATED/FLVRD DRINK,GROCERY,GROCERY,511,0.00204,0.147,0.028,2.05,487,1.05
FRUIT - SHELF STABLE,SEAFOOD - FROZEN,GROCERY,SEAFOOD-PCKGD,1184,0.00472,0.089,0.158,2.97,1129,1.05
BROCCOLI/CAULIFLOWER,DRY BN/VEG/POTATO/RICE,PRODUCE,GROCERY,773,0.00308,0.173,0.058,3.27,734,1.05
EGGS,LUNCHMEAT,GROCERY,MEAT-PCKGD,6105,0.02433,0.219,0.258,2.32,5839,1.05
COLD CEREAL,STONE FRUIT,GROCERY,PRODUCE,1350,0.00538,0.054,0.246,2.46,1291,1.05
COLD CEREAL,SHAVING CARE PRODUCTS,GROCERY,DRUG GM,731,0.00291,0.029,0.222,2.22,694,1.05
FD WRAPS/BAGS/TRSH BG,SOUP,GROCERY,GROCERY,2770,0.01104,0.247,0.117,2.62,2639,1.05
REFRGRATD JUICES/DRNKS,ROLLS,GROCERY,PASTRY,984,0.00392,0.038,0.194,1.87,940,1.05
EGGS,PICKLE/RELISH/PKLD VEG,GROCERY,GROCERY,1897,0.00756,0.068,0.308,2.77,1805,1.05
BEERS/ALES,PAPER TOWELS,GROCERY,GROCERY,934,0.00372,0.060,0.092,1.49,892,1.05
AIR CARE,BEERS/ALES,GROCERY,GROCERY,339,0.00135,0.089,0.022,1.44,322,1.05
APPLES,SOUP,PRODUCE,GROCERY,3481,0.01387,0.264,0.148,2.81,3319,1.05
ROLLS,TROPICAL FRUIT,PASTRY,PRODUCE,1335,0.00532,0.263,0.041,2.03,1266,1.05
CHEESES,SALD DRSNG/SNDWCH SPRD,DELI,GROCERY,2014,0.00803,0.178,0.120,2.67,1919,1.05
FRUIT - SHELF STABLE,PAPER HOUSEWARES,GROCERY,GROCERY,1140,0.00454,0.086,0.148,2.80,1086,1.05
BEERS/ALES,SMOKED MEATS,GROCERY,MEAT,358,0.00143,0.023,0.091,1.48,340,1.05
SALAD BAR,YOGURT,SALAD BAR,GROCERY,713,0.00284,0.085,0.041,1.21,681,1.05
FRUIT - SHELF STABLE,MEAT - MISC,GROCERY,MEAT-PCKGD,1396,0.00556,0.105,0.166,3.13,1327,1.05
FACIAL TISS/DNR NAPKIN,FRZN VEGETABLE/VEG DSH,GROCERY,GROCERY,944,0.00376,0.138,0.074,2.71,899,1.05
COLD CEREAL,DRY MIX DESSERTS,GROCERY,GROCERY,1470,0.00586,0.059,0.270,2.70,1395,1.05
COLD CEREAL,DISHWASH DETERGENTS,GROCERY,GROCERY,1600,0.00638,0.064,0.257,2.57,1521,1.05
APPLES,OLIVES,PRODUCE,GROCERY,433,0.00173,0.033,0.164,3.11,414,1.05
FROZEN PIZZA,SHAVING CARE PRODUCTS,GROCERY,DRUG GM,610,0.00243,0.026,0.186,2.01,582,1.05
APPLES,HOUSEHOLD CLEANG NEEDS,PRODUCE,GROCERY,1020,0.00406,0.077,0.138,2.62,974,1.05
FACIAL TISS/DNR NAPKIN,MAGAZINE,GROCERY,DRUG GM,342,0.00136,0.050,0.047,1.73,325,1.05
FACIAL TISS/DNR NAPKIN,ORGANICS FRUIT & VEGETABLES,GROCERY,PRODUCE,406,0.00162,0.059,0.077,2.81,386,1.05
FROZEN PIZZA,REFRGRATD JUICES/DRNKS,GROCERY,GROCERY,4866,0.01939,0.210,0.188,2.04,4619,1.05
FROZEN PIZZA,PORK,GROCERY,MEAT,2765,0.01102,0.119,0.224,2.42,2631,1.05
SALD DRSNG/SNDWCH SPRD,SOUP,GROCERY,GROCERY,4307,0.01716,0.257,0.183,2.74,4090,1.05
COFFEE,YOGURT,GROCERY,GROCERY,1910,0.00761,0.167,0.109,2.38,1824,1.05
SEAFOOD - FROZEN,SOUP,SEAFOOD-PCKGD,GROCERY,1892,0.00754,0.252,0.080,2.68,1805,1.05
FACIAL TISS/DNR NAPKIN,STONE FRUIT,GROCERY,PRODUCE,379,0.00151,0.055,0.069,2.53,362,1.05
APPLES,CRACKERS/MISC BKD FD,PRODUCE,GROCERY,3350,0.01335,0.254,0.148,2.80,3191,1.05
BERRIES,HOUSEHOLD CLEANG NEEDS,PRODUCE,GROCERY,673,0.00268,0.074,0.091,2.51,644,1.05
COFFEE,SALADS/DIPS,GROCERY,DELI,547,0.00218,0.048,0.091,1.99,522,1.05
BREAKFAST SAUSAGE/SANDWICHES,ICE CREAM/MILK/SHERBTS,MEAT-PCKGD,GROCERY,1717,0.00684,0.157,0.086,1.96,1638,1.05
SEAFOOD - SHELF STABLE,SMOKED MEATS,GROCERY,MEAT,355,0.00141,0.045,0.091,2.88,337,1.05
FD WRAPS/BAGS/TRSH BG,MAGAZINE,GROCERY,DRUG GM,543,0.00216,0.048,0.075,1.68,516,1.05
BLEACH,WATER - CARBONATED/FLVRD DRINK,GROCERY,GROCERY,472,0.00188,0.133,0.026,1.86,448,1.05
FD WRAPS/BAGS/TRSH BG,MARGARINES,GROCERY,GROCERY,1579,0.00629,0.141,0.117,2.60,1504,1.05
CHICKEN,REFRGRATD DOUGH PRODUCTS,MEAT,GROCERY,2227,0.00887,0.148,0.158,2.63,2114,1.05
SHAVING CARE PRODUCTS,YOGURT,DRUG GM,GROCERY,514,0.00205,0.156,0.029,2.23,487,1.05
BAKING NEEDS,CRACKERS/MISC BKD FD,GROCERY,GROCERY,2327,0.00927,0.224,0.103,2.48,2223,1.05
DISHWASH DETERGENTS,PWDR/CRYSTL DRNK MX,GROCERY,GROCERY,362,0.00144,0.058,0.068,2.74,345,1.05
HOUSEHOLD CLEANG NEEDS,TROPICAL FRUIT,GROCERY,PRODUCE,2229,0.00888,0.302,0.069,2.33,2132,1.05
FD WRAPS/BAGS/TRSH BG,VEGETABLES - SHELF STABLE,GROCERY,GROCERY,2769,0.01103,0.247,0.123,2.74,2645,1.05
DINNER SAUSAGE,POTATOES,MEAT-PCKGD,PRODUCE,1633,0.00651,0.166,0.107,2.72,1558,1.05
HOT DOGS,MELONS,MEAT-PCKGD,PRODUCE,495,0.00197,0.045,0.115,2.63,469,1.05
CANDY - PACKAGED,PIES,DRUG GM,PASTRY,350,0.00139,0.016,0.126,1.47,333,1.05
DINNER SAUSAGE,OLIVES,MEAT-PCKGD,GROCERY,307,0.00122,0.031,0.116,2.96,291,1.05
BAKING MIXES,SALD DRSNG/SNDWCH SPRD,GROCERY,GROCERY,1967,0.00784,0.174,0.117,2.61,1877,1.05
DINNER SAUSAGE,FRZN MEAT/MEAT DINNERS,MEAT-PCKGD,GROCERY,2029,0.00808,0.206,0.089,2.27,1936,1.05
DOG FOODS,DRY SAUCES/GRAVY,GROCERY,GROCERY,399,0.00159,0.056,0.061,2.17,379,1.05
BAKING NEEDS,ICE CREAM/MILK/SHERBTS,GROCERY,GROCERY,1519,0.00605,0.146,0.076,1.83,1445,1.05
CITRUS,SHORTENING/OIL,PRODUCE,GROCERY,896,0.00357,0.089,0.108,2.69,850,1.05
ISOTONIC DRINKS,PICKLE/RELISH/PKLD VEG,GROCERY,GROCERY,328,0.00131,0.061,0.053,2.50,311,1.05
BAKING MIXES,LAUNDRY ADDITIVES,GROCERY,GROCERY,510,0.00203,0.045,0.115,2.55,484,1.05
BREAKFAST SAUSAGE/SANDWICHES,CHICKEN,MEAT-PCKGD,MEAT,1727,0.00688,0.157,0.115,2.63,1665,1.04
ELECTRICAL SUPPPLIES,YOGURT,DRUG GM,GROCERY,423,0.00169,0.160,0.024,2.28,408,1.04
CHEESE,PNT BTR/JELLY/JAMS,GROCERY,GROCERY,4858,0.01936,0.104,0.469,2.51,4665,1.04
COLD CEREAL,FD WRAPS/BAGS/TRSH BG,GROCERY,GROCERY,2836,0.01130,0.113,0.252,2.52,2732,1.04
BEEF,SOUP,MEAT,GROCERY,8359,0.03331,0.228,0.355,2.42,8054,1.04
PORK,SALD DRSNG/SNDWCH SPRD,MEAT,GROCERY,2270,0.00905,0.183,0.135,2.75,2183,1.04
MEAT - MISC,SOFT DRINKS,MEAT-PCKGD,GROCERY,3845,0.01532,0.457,0.054,1.60,3686,1.04
CHEESE,MUSHROOMS,GROCERY,PRODUCE,2268,0.00904,0.048,0.479,2.57,2178,1.04
COLD CEREAL,FACIAL TISS/DNR NAPKIN,GROCERY,GROCERY,1810,0.00721,0.072,0.264,2.64,1743,1.04
FLUID MILK PRODUCTS,ICE CREAM/MILK/SHERBTS,GROCERY,GROCERY,8849,0.03526,0.128,0.441,1.60,8529,1.04
AIR CARE,FROZEN PIZZA,GROCERY,GROCERY,761,0.00303,0.200,0.033,2.17,730,1.04
FLUID MILK PRODUCTS,HOT CEREAL,GROCERY,GROCERY,3222,0.01284,0.047,0.575,2.09,3095,1.04
BACON,FLUID MILK PRODUCTS,MEAT-PCKGD,GROCERY,6267,0.02497,0.577,0.091,2.09,6029,1.04
HERBS,SOUP,PRODUCE,GROCERY,835,0.00333,0.256,0.035,2.73,802,1.04
BREAD,SALAD BAR,PASTRY,SALAD BAR,312,0.00124,0.039,0.037,1.17,300,1.04
BROOMS AND MOPS,DRY BN/VEG/POTATO/RICE,DRUG GM,GROCERY,440,0.00175,0.145,0.033,2.74,423,1.04
COCOA MIXES,FACIAL TISS/DNR NAPKIN,GROCERY,GROCERY,300,0.00120,0.079,0.044,2.88,289,1.04
HISPANIC,HOT DOGS,GROCERY,MEAT-PCKGD,1675,0.00667,0.118,0.153,2.70,1611,1.04
INFANT FORMULA,TROPICAL FRUIT,DRUG GM,PRODUCE,382,0.00152,0.146,0.012,1.13,367,1.04
SALAD MIX,SNACK NUTS,PRODUCE,GROCERY,709,0.00283,0.046,0.152,2.45,679,1.04
BACON,MILK BY-PRODUCTS,MEAT-PCKGD,GROCERY,2309,0.00920,0.213,0.117,2.71,2217,1.04
FRZN MEAT/MEAT DINNERS,SALAD MIX,GROCERY,PRODUCE,3232,0.01288,0.142,0.208,2.30,3094,1.04
BERRIES,CHICKEN,PRODUCE,MEAT,1411,0.00562,0.155,0.094,2.58,1360,1.04
BEEF,PICKLE/RELISH/PKLD VEG,MEAT,GROCERY,2353,0.00938,0.064,0.382,2.61,2266,1.04
APPLES,MAKEUP AND TREATMENT,PRODUCE,COSMETICS,413,0.00165,0.031,0.105,2.00,399,1.04
BATH TISSUES,DINNER MXS:DRY,GROCERY,GROCERY,1968,0.00784,0.145,0.148,2.73,1886,1.04
COLD CEREAL,COOKIES,GROCERY,PASTRY,693,0.00276,0.028,0.188,1.87,667,1.04
FROZEN MEAT,MARGARINES,MEAT-PCKGD,GROCERY,1258,0.00501,0.153,0.093,2.84,1209,1.04
DISHWASH DETERGENTS,WAREHOUSE SNACKS,GROCERY,GROCERY,358,0.00143,0.058,0.055,2.21,345,1.04
DRY NOODLES/PASTA,REFRGRATD DOUGH PRODUCTS,GROCERY,GROCERY,2256,0.00899,0.161,0.160,2.86,2176,1.04
DRIED FRUIT,TOMATOES,NUTRITION,PRODUCE,516,0.00206,0.171,0.034,2.82,497,1.04
FRZN NOVELTIES/WTR ICE,PORK,GROCERY,MEAT,1159,0.00462,0.112,0.094,2.27,1111,1.04
BERRIES,CONVENIENT BRKFST/WHLSM SNACKS,PRODUCE,GROCERY,1422,0.00567,0.156,0.102,2.80,1371,1.04
HISPANIC,REFRGRATD DOUGH PRODUCTS,GROCERY,GROCERY,2142,0.00854,0.150,0.152,2.67,2069,1.04
DINNER SAUSAGE,FRZN VEGETABLE/VEG DSH,MEAT-PCKGD,GROCERY,1314,0.00524,0.133,0.103,2.63,1258,1.04
COCOA MIXES,WATER - CARBONATED/FLVRD DRINK,GROCERY,GROCERY,575,0.00229,0.150,0.032,2.10,553,1.04
CONVENIENT BRKFST/WHLSM SNACKS,TEAS,GROCERY,GROCERY,566,0.00226,0.040,0.162,2.91,545,1.04
PET CARE SUPPLIES,WATER - CARBONATED/FLVRD DRINK,GROCERY,GROCERY,306,0.00122,0.122,0.017,1.70,295,1.04
FRZN POTATOES,ISOTONIC DRINKS,GROCERY,GROCERY,390,0.00155,0.048,0.073,2.26,374,1.04
DRIED FRUIT,POTATOES,NUTRITION,PRODUCE,547,0.00218,0.182,0.036,2.98,527,1.04
FRZN POTATOES,REFRGRATD JUICES/DRNKS,GROCERY,GROCERY,1875,0.00747,0.231,0.072,2.24,1795,1.04
DINNER SAUSAGE,FRZN NOVELTIES/WTR ICE,MEAT-PCKGD,GROCERY,889,0.00354,0.090,0.086,2.19,858,1.04
CHARCOAL AND LIGHTER FLUID,SOFT DRINKS,DRUG GM,GROCERY,718,0.00286,0.364,0.010,1.28,691,1.04
COFFEE FILTERS,FLUID MILK PRODUCTS,DRUG GM,GROCERY,861,0.00343,0.525,0.012,1.90,830,1.04
COOKIES/CONES,FD WRAPS/BAGS/TRSH BG,GROCERY,GROCERY,1840,0.00733,0.108,0.164,2.40,1777,1.04
CANNED JUICES,FD WRAPS/BAGS/TRSH BG,GROCERY,GROCERY,2168,0.00864,0.108,0.193,2.40,2083,1.04
PEARS,WATER - CARBONATED/FLVRD DRINK,PRODUCE,GROCERY,300,0.00120,0.152,0.017,2.12,289,1.04
PEARS,REFRGRATD JUICES/DRNKS,PRODUCE,GROCERY,489,0.00195,0.247,0.019,2.40,469,1.04
FACIAL TISS/DNR NAPKIN,SEAFOOD - SHELF STABLE,GROCERY,GROCERY,654,0.00261,0.095,0.083,3.04,630,1.04
BERRIES,DRY MIX DESSERTS,PRODUCE,GROCERY,533,0.00212,0.058,0.098,2.69,512,1.04
COCOA MIXES,MILK BY-PRODUCTS,GROCERY,GROCERY,822,0.00328,0.215,0.042,2.74,790,1.04
BEEF,CARROTS,MEAT,PRODUCE,3224,0.01285,0.088,0.384,2.62,3104,1.04
DINNER SAUSAGE,FRZN BREAKFAST FOODS,MEAT-PCKGD,GROCERY,784,0.00312,0.079,0.107,2.73,757,1.04
BUTTER,ICE CREAM/MILK/SHERBTS,GROCERY,GROCERY,782,0.00312,0.158,0.039,1.98,754,1.04
COOKIES/CONES,HEAT/SERVE,GROCERY,MEAT-PCKGD,870,0.00347,0.051,0.165,2.42,839,1.04
PAPER TOWELS,VEGETABLES - SHELF STABLE,GROCERY,GROCERY,2544,0.01014,0.250,0.113,2.78,2445,1.04
BUTTER,ORAL HYGIENE PRODUCTS,GROCERY,DRUG GM,362,0.00144,0.073,0.046,2.36,349,1.04
ANALGESICS,SOUP,DRUG GM,GROCERY,677,0.00270,0.160,0.029,1.70,649,1.04
BERRIES,FD WRAPS/BAGS/TRSH BG,PRODUCE,GROCERY,1039,0.00414,0.114,0.092,2.55,1001,1.04
CANDY - PACKAGED,SHAVING CARE PRODUCTS,DRUG GM,DRUG GM,444,0.00177,0.021,0.135,1.58,428,1.04
APPLES,CORN,PRODUCE,PRODUCE,372,0.00148,0.028,0.136,2.58,359,1.04
COOKIES/CONES,PAPER TOWELS,GROCERY,GROCERY,1701,0.00678,0.099,0.167,2.45,1642,1.04
CAT LITTER,FROZEN PIZZA,GROCERY,GROCERY,541,0.00216,0.183,0.023,1.99,521,1.04
BAKED SWEET GOODS,PIES,GROCERY,PASTRY,360,0.00143,0.019,0.130,1.74,346,1.04
COOKIES/CONES,REFRGRATD DOUGH PRODUCTS,GROCERY,GROCERY,2398,0.00956,0.140,0.170,2.49,2298,1.04
LUNCHMEAT,PNT BTR/JELLY/JAMS,MEAT-PCKGD,GROCERY,2444,0.00974,0.103,0.236,2.50,2346,1.04
COOKIES/CONES,SOFT DRINKS,GROCERY,GROCERY,7404,0.02950,0.433,0.103,1.52,7133,1.04
FD WRAPS/BAGS/TRSH BG,FROZEN PIE/DESSERTS,GROCERY,GROCERY,640,0.00255,0.057,0.100,2.23,616,1.04
BAKED SWEET GOODS,PNT BTR/JELLY/JAMS,GROCERY,GROCERY,1847,0.00736,0.099,0.178,2.39,1776,1.04
COFFEE,PROCESSED,GROCERY,PRODUCE,529,0.00211,0.046,0.113,2.47,509,1.04
COCOA MIXES,SOFT DRINKS,GROCERY,GROCERY,1755,0.00699,0.459,0.025,1.61,1695,1.04
GRAPES,MISC. DAIRY,PRODUCE,GROCERY,851,0.00339,0.084,0.116,2.88,818,1.04
FROZEN PIZZA,FRUIT - SHELF STABLE,GROCERY,GROCERY,3191,0.01272,0.138,0.240,2.60,3061,1.04
CHICKEN,MISCELLANEOUS,MEAT,MEAT-PCKGD,363,0.00145,0.024,0.165,2.75,349,1.04
PAPER HOUSEWARES,PNT BTR/JELLY/JAMS,GROCERY,GROCERY,826,0.00329,0.107,0.080,2.60,791,1.04
CANNED JUICES,LUNCHMEAT,GROCERY,MEAT-PCKGD,4279,0.01705,0.212,0.181,2.25,4111,1.04
COFFEE,PICKLE/RELISH/PKLD VEG,GROCERY,GROCERY,733,0.00292,0.064,0.119,2.61,704,1.04
CORN,ICE CREAM/MILK/SHERBTS,PRODUCE,GROCERY,407,0.00162,0.149,0.020,1.86,390,1.04
ORGANICS FRUIT & VEGETABLES,SEAFOOD - SHELF STABLE,PRODUCE,GROCERY,514,0.00205,0.097,0.065,3.09,494,1.04
FD WRAPS/BAGS/TRSH BG,HERBS,GROCERY,PRODUCE,381,0.00152,0.034,0.117,2.61,366,1.04
ONIONS,SUGARS/SWEETNERS,PRODUCE,GROCERY,1636,0.00652,0.105,0.159,2.57,1580,1.04
GRAPES,POTATOES,PRODUCE,PRODUCE,1717,0.00684,0.170,0.112,2.79,1649,1.04
COCOA MIXES,FRZN VEGETABLE/VEG DSH,GROCERY,GROCERY,548,0.00218,0.143,0.043,2.83,529,1.04
HOT CEREAL,ORAL HYGIENE PRODUCTS,GROCERY,DRUG GM,415,0.00165,0.074,0.053,2.38,398,1.04
LUNCHMEAT,MISC. DAIRY,MEAT-PCKGD,GROCERY,1761,0.00702,0.074,0.240,2.54,1694,1.04
GRAPES,SEAFOOD - FROZEN,PRODUCE,SEAFOOD-PCKGD,808,0.00322,0.080,0.107,2.67,777,1.04
COFFEE,MUSHROOMS,GROCERY,PRODUCE,545,0.00217,0.048,0.115,2.52,525,1.04
LAUNDRY DETERGENTS,PNT BTR/JELLY/JAMS,GROCERY,GROCERY,897,0.00357,0.106,0.087,2.57,863,1.04
FD WRAPS/BAGS/TRSH BG,PROCESSED,GROCERY,PRODUCE,558,0.00222,0.050,0.119,2.66,538,1.04
BREAKFAST SAUSAGE/SANDWICHES,PNT BTR/JELLY/JAMS,MEAT-PCKGD,GROCERY,1272,0.00507,0.116,0.123,2.81,1220,1.04
NEWSPAPER,ONIONS,DRUG GM,PRODUCE,357,0.00142,0.074,0.023,1.20,342,1.04
CAT FOOD,CONVENIENT BRKFST/WHLSM SNACKS,GROCERY,GROCERY,749,0.00298,0.114,0.054,2.05,718,1.04
BAKED BREAD/BUNS/ROLLS,CONVENIENT BRKFST/WHLSM SNACKS,GROCERY,GROCERY,7821,0.03116,0.130,0.559,2.33,7519,1.04
CANNED JUICES,HAND/BODY/FACIAL PRODUCTS,GROCERY,DRUG GM,500,0.00199,0.025,0.176,2.19,480,1.04
MUSHROOMS,SOUP,PRODUCE,GROCERY,1272,0.00507,0.269,0.054,2.86,1221,1.04
BAKED BREAD/BUNS/ROLLS,COOKIES/CONES,GROCERY,GROCERY,8672,0.03456,0.144,0.507,2.11,8327,1.04
DOMESTIC WINE,FD WRAPS/BAGS/TRSH BG,GROCERY,GROCERY,327,0.00130,0.072,0.029,1.61,313,1.04
CANDY - PACKAGED,FROZEN PIZZA,DRUG GM,GROCERY,3242,0.01292,0.151,0.140,1.63,3109,1.04
MUSHROOMS,SEAFOOD - SHELF STABLE,PRODUCE,GROCERY,475,0.00189,0.100,0.060,3.19,458,1.04
COFFEE,EGGS,GROCERY,GROCERY,2896,0.01154,0.253,0.104,2.28,2786,1.04
CRACKERS/MISC BKD FD,SALADS/DIPS,GROCERY,DELI,1178,0.00469,0.052,0.196,2.16,1135,1.04
CARROTS,SALADS/DIPS,PRODUCE,DELI,467,0.00186,0.056,0.078,2.32,451,1.04
CANNED JUICES,FRZN POTATOES,GROCERY,GROCERY,1602,0.00638,0.079,0.198,2.46,1537,1.04
MISCELLANEOUS,SOUP,MEAT-PCKGD,GROCERY,588,0.00234,0.267,0.025,2.84,567,1.04
FROZEN MEAT,SOAP - LIQUID & BAR,MEAT-PCKGD,DRUG GM,506,0.00202,0.062,0.086,2.64,487,1.04
CRACKERS/MISC BKD FD,SEAFOOD-FRESH,GROCERY,SEAFOOD,787,0.00314,0.035,0.214,2.37,755,1.04
BAKED BREAD/BUNS/ROLLS,HEAT/SERVE,GROCERY,MEAT-PCKGD,2754,0.01097,0.046,0.522,2.17,2655,1.04
MISC. DAIRY,WATER - CARBONATED/FLVRD DRINK,GROCERY,GROCERY,1100,0.00438,0.150,0.061,2.10,1063,1.04
SPICES & EXTRACTS,VEGETABLES SALAD,GROCERY,PRODUCE,1046,0.00417,0.111,0.098,2.59,1004,1.04
CARROTS,PASTA SAUCE,PRODUCE,GROCERY,1290,0.00514,0.154,0.110,3.29,1241,1.04
CRACKERS/MISC BKD FD,SUGARS/SWEETNERS,GROCERY,GROCERY,2407,0.00959,0.106,0.234,2.59,2307,1.04
GREETING CARDS/WRAP/PARTY SPLY,WATER - CARBONATED/FLVRD DRINK,DRUG GM,GROCERY,732,0.00292,0.096,0.041,1.35,706,1.04
CANDY - PACKAGED,HOUSEHOLD CLEANG NEEDS,DRUG GM,GROCERY,1075,0.00428,0.050,0.146,1.70,1035,1.04
CARROTS,MISC. DAIRY,PRODUCE,GROCERY,772,0.00308,0.092,0.105,3.14,741,1.04
BATTERIES,CRACKERS/MISC BKD FD,DRUG GM,GROCERY,388,0.00155,0.172,0.017,1.91,372,1.04
CRACKERS/MISC BKD FD,WATER - CARBONATED/FLVRD DRINK,GROCERY,GROCERY,3285,0.01309,0.145,0.183,2.02,3148,1.04
SPICES & EXTRACTS,TOMATOES,GROCERY,PRODUCE,1498,0.00597,0.158,0.098,2.60,1442,1.04
CARROTS,HOUSEHOLD CLEANG NEEDS,PRODUCE,GROCERY,682,0.00272,0.081,0.092,2.76,657,1.04
DELI MEATS,PAPER TOWELS,DELI,GROCERY,1716,0.00684,0.100,0.169,2.47,1648,1.04
CANDY - PACKAGED,TEAS,DRUG GM,GROCERY,535,0.00213,0.025,0.153,1.79,514,1.04
SOUP,VEGETABLES - ALL OTHERS,GROCERY,PRODUCE,4124,0.01643,0.175,0.252,2.69,3963,1.04
DRY BN/VEG/POTATO/RICE,SALAD MIX,GROCERY,PRODUCE,2379,0.00948,0.179,0.153,2.90,2284,1.04
CANDY - CHECKLANE,COLD AND FLU,DRUG GM,DRUG GM,477,0.00190,0.021,0.098,1.06,459,1.04
DOG FOODS,FRZN POTATOES,GROCERY,GROCERY,468,0.00186,0.066,0.058,2.04,449,1.04
DISHWASH DETERGENTS,SPICES & EXTRACTS,GROCERY,GROCERY,608,0.00242,0.098,0.064,2.59,583,1.04
DELI MEATS,PORK,DELI,MEAT,2166,0.00863,0.127,0.175,2.57,2077,1.04
DELI MEATS,PROCESSED,DELI,PRODUCE,827,0.00330,0.048,0.176,2.58,795,1.04
DRY BN/VEG/POTATO/RICE,PAPER TOWELS,GROCERY,GROCERY,1538,0.00613,0.116,0.151,2.86,1482,1.04
HOT CEREAL,REFRGRATD DOUGH PRODUCTS,GROCERY,GROCERY,876,0.00349,0.156,0.062,2.78,845,1.04
CANNED JUICES,CONDIMENTS/SAUCES,GROCERY,GROCERY,3566,0.01421,0.177,0.200,2.49,3412,1.04
CHICKEN/POULTRY,SOFT DRINKS,DELI,GROCERY,1916,0.00763,0.326,0.027,1.14,1835,1.04
MILK BY-PRODUCTS,SOUP,GROCERY,GROCERY,4805,0.01915,0.244,0.204,2.60,4630,1.04
CARROTS,CONVENIENT BRKFST/WHLSM SNACKS,PRODUCE,GROCERY,1471,0.00586,0.175,0.105,3.14,1413,1.04
CARROTS,COFFEE,PRODUCE,GROCERY,996,0.00397,0.119,0.087,2.60,962,1.04
ICE CREAM/MILK/SHERBTS,ISOTONIC DRINKS,GROCERY,GROCERY,728,0.00290,0.036,0.136,1.70,698,1.04
BAKED BREAD/BUNS/ROLLS,REFRGRATD JUICES/DRNKS,GROCERY,GROCERY,12156,0.04844,0.202,0.469,1.95,11735,1.04
BAKED BREAD/BUNS/ROLLS,SEAFOOD - SHELF STABLE,GROCERY,GROCERY,4611,0.01837,0.077,0.585,2.43,4421,1.04
MELONS,REFRGRATD JUICES/DRNKS,PRODUCE,GROCERY,985,0.00392,0.228,0.038,2.21,944,1.04
MEAT - SHELF STABLE,TEAS,GROCERY,GROCERY,559,0.00223,0.041,0.160,2.92,538,1.04
FROZEN BREAD/DOUGH,REFRGRATD JUICES/DRNKS,GROCERY,GROCERY,1715,0.00683,0.238,0.066,2.31,1651,1.04
REFRGRATD JUICES/DRNKS,VALUE ADDED FRUIT,GROCERY,PRODUCE,1271,0.00506,0.049,0.217,2.10,1224,1.04
CIGARETTES,DINNER MXS:DRY,DRUG GM,GROCERY,617,0.00246,0.057,0.046,1.07,595,1.04
EGGS,SEAFOOD - FROZEN,GROCERY,SEAFOOD-PCKGD,2072,0.00826,0.074,0.276,2.48,2000,1.04
BAKING MIXES,COLD CEREAL,GROCERY,GROCERY,2863,0.01141,0.254,0.114,2.53,2746,1.04
BREAKFAST SAUSAGE/SANDWICHES,DELI MEATS,MEAT-PCKGD,DELI,1897,0.00756,0.173,0.111,2.54,1817,1.04
FRUIT - SHELF STABLE,PORK,GROCERY,MEAT,2018,0.00804,0.152,0.163,3.08,1936,1.04
REFRGRATD JUICES/DRNKS,WAREHOUSE SNACKS,GROCERY,GROCERY,1329,0.00530,0.051,0.203,1.97,1274,1.04
CHEESES,PAPER HOUSEWARES,DELI,GROCERY,853,0.00340,0.075,0.111,2.46,819,1.04
BABY FOODS,DRY BN/VEG/POTATO/RICE,DRUG GM,GROCERY,464,0.00185,0.110,0.035,2.08,446,1.04
COLD CEREAL,PEARS,GROCERY,PRODUCE,557,0.00222,0.022,0.282,2.82,534,1.04
REFRGRATD JUICES/DRNKS,SEAFOOD - SHELF STABLE,GROCERY,GROCERY,2018,0.00804,0.078,0.256,2.48,1933,1.04
CHEESES,PEPPERS-ALL,DELI,PRODUCE,1034,0.00412,0.091,0.126,2.79,993,1.04
REFRGRATD JUICES/DRNKS,SEAFOOD - FROZEN,GROCERY,SEAFOOD-PCKGD,1721,0.00686,0.066,0.229,2.22,1660,1.04
COLD CEREAL,REFRGRATD DOUGH PRODUCTS,GROCERY,GROCERY,3685,0.01468,0.147,0.261,2.61,3535,1.04
FRUIT - SHELF STABLE,SALAD MIX,GROCERY,PRODUCE,2452,0.00977,0.184,0.158,2.98,2353,1.04
COLD CEREAL,HOUSEHOLD CLEANG NEEDS,GROCERY,GROCERY,1826,0.00728,0.073,0.247,2.47,1758,1.04
EGGS,MISCELLANEOUS,GROCERY,MEAT-PCKGD,651,0.00259,0.023,0.296,2.66,623,1.04
FRUIT - SHELF STABLE,PEARS,GROCERY,PRODUCE,339,0.00135,0.025,0.172,3.24,325,1.04
EGGS,MISC. DAIRY,GROCERY,GROCERY,2170,0.00865,0.078,0.296,2.66,2092,1.04
RICE CAKES,VEGETABLES - SHELF STABLE,NUTRITION,GROCERY,315,0.00126,0.253,0.014,2.81,304,1.04
COLD CEREAL,SHORTENING/OIL,GROCERY,GROCERY,2229,0.00888,0.089,0.270,2.70,2135,1.04
CHEESES,DISHWASH DETERGENTS,DELI,GROCERY,719,0.00286,0.064,0.115,2.56,689,1.04
DEODORANTS,MEAT - MISC,DRUG GM,MEAT-PCKGD,326,0.00130,0.077,0.039,2.29,315,1.04
BREAKFAST SAUSAGE/SANDWICHES,FLUID MILK PRODUCTS,MEAT-PCKGD,GROCERY,6196,0.02469,0.565,0.090,2.05,5937,1.04
CONDIMENTS/SAUCES,DISHWASH DETERGENTS,GROCERY,GROCERY,1146,0.00457,0.064,0.184,2.59,1102,1.04
CHEESES,DEODORANTS,DELI,DRUG GM,420,0.00167,0.037,0.099,2.19,406,1.04
PWDR/CRYSTL DRNK MX,SOAP - LIQUID & BAR,GROCERY,DRUG GM,323,0.00129,0.061,0.055,2.60,311,1.04
MEAT - SHELF STABLE,PAPER HOUSEWARES,GROCERY,GROCERY,1115,0.00444,0.081,0.145,2.64,1077,1.04
BEERS/ALES,HOUSEHOLD CLEANG NEEDS,GROCERY,GROCERY,653,0.00260,0.042,0.088,1.43,628,1.04
PWDR/CRYSTL DRNK MX,REFRGRATD JUICES/DRNKS,GROCERY,GROCERY,1272,0.00507,0.239,0.049,2.31,1227,1.04
BROCCOLI/CAULIFLOWER,HOUSEHOLD CLEANG NEEDS,PRODUCE,GROCERY,364,0.00145,0.081,0.049,2.77,351,1.04
CHEESE,VEGETABLES - SHELF STABLE,GROCERY,GROCERY,10757,0.04286,0.230,0.476,2.55,10323,1.04
FRZN BREAKFAST FOODS,HOUSEHOLD CLEANG NEEDS,GROCERY,GROCERY,571,0.00228,0.078,0.077,2.66,548,1.04
FRZN BREAKFAST FOODS,SOAP - LIQUID & BAR,GROCERY,DRUG GM,445,0.00177,0.061,0.076,2.61,427,1.04
FRZN BREAKFAST FOODS,SUGARS/SWEETNERS,GROCERY,GROCERY,803,0.00320,0.110,0.078,2.68,772,1.04
ROLLS,YOGURT,PASTRY,GROCERY,741,0.00295,0.146,0.042,2.08,715,1.04
DRY SAUCES/GRAVY,MISC. DAIRY,GROCERY,GROCERY,574,0.00229,0.088,0.078,3.03,554,1.04
CONDIMENTS/SAUCES,SMOKED MEATS,GROCERY,MEAT,708,0.00282,0.040,0.181,2.54,683,1.04
DOG FOODS,SOFT DRINKS,GROCERY,GROCERY,2744,0.01093,0.386,0.038,1.35,2649,1.04
CONDIMENTS/SAUCES,SOUP,GROCERY,GROCERY,4520,0.01801,0.253,0.192,2.69,4331,1.04
STATIONERY & SCHOOL SUPPLIES,WATER - CARBONATED/FLVRD DRINK,DRUG GM,GROCERY,473,0.00188,0.102,0.026,1.43,456,1.04
FRUIT - SHELF STABLE,NUTS,GROCERY,PRODUCE,301,0.00120,0.023,0.164,3.09,289,1.04
BAKING MIXES,HISPANIC,GROCERY,GROCERY,1675,0.00667,0.148,0.118,2.61,1607,1.04
FRUIT - SHELF STABLE,MELONS,GROCERY,PRODUCE,661,0.00263,0.050,0.153,2.89,633,1.04
PORK,VEGETABLES SALAD,MEAT,PRODUCE,1405,0.00560,0.114,0.131,2.66,1348,1.04
BREAKFAST SAUSAGE/SANDWICHES,SPICES & EXTRACTS,MEAT-PCKGD,GROCERY,1111,0.00443,0.101,0.117,2.69,1066,1.04
DIAPERS & DISPOSABLES,DINNER MXS:DRY,DRUG GM,GROCERY,462,0.00184,0.101,0.035,1.91,442,1.04
BREAKFAST SWEETS,CHEESES,PASTRY,DELI,596,0.00237,0.073,0.053,1.62,580,1.03
AIR CARE,BAKING MIXES,GROCERY,GROCERY,402,0.00160,0.106,0.036,2.35,390,1.03
AIR CARE,COLD CEREAL,GROCERY,GROCERY,904,0.00360,0.237,0.036,2.37,877,1.03
AIR CARE,COOKIES/CONES,GROCERY,GROCERY,588,0.00234,0.154,0.034,2.27,572,1.03
AIR CARE,FROZEN MEAT,GROCERY,MEAT-PCKGD,319,0.00127,0.084,0.039,2.56,311,1.03
AIR CARE,SOFT DRINKS,GROCERY,GROCERY,1615,0.00644,0.424,0.023,1.49,1564,1.03
APPLES,BROOMS AND MOPS,PRODUCE,DRUG GM,411,0.00164,0.031,0.135,2.57,399,1.03
APPLES,DEODORANTS,PRODUCE,DRUG GM,510,0.00203,0.039,0.120,2.28,493,1.03
APPLES,ISOTONIC DRINKS,PRODUCE,GROCERY,649,0.00259,0.049,0.121,2.31,632,1.03
APPLES,REFRGRATD JUICES/DRNKS,PRODUCE,GROCERY,3123,0.01244,0.236,0.120,2.29,3037,1.03
BABY FOODS,CHICKEN,DRUG GM,MEAT,480,0.00191,0.113,0.032,1.89,465,1.03
BABY FOODS,SOUP,DRUG GM,GROCERY,769,0.00306,0.182,0.033,1.94,746,1.03
BACON,BREAKFAST SWEETS,MEAT-PCKGD,PASTRY,587,0.00234,0.054,0.072,1.66,572,1.03
BACON,LAUNDRY ADDITIVES,MEAT-PCKGD,GROCERY,521,0.00208,0.048,0.117,2.71,504,1.03
BAG SNACKS,CANNED JUICES,GROCERY,GROCERY,6656,0.02652,0.159,0.330,1.97,6464,1.03
BAG SNACKS,FRZN MEAT/MEAT DINNERS,GROCERY,GROCERY,7089,0.02825,0.169,0.312,1.86,6868,1.03
BAG SNACKS,SALD DRSNG/SNDWCH SPRD,GROCERY,GROCERY,5932,0.02364,0.141,0.354,2.12,5742,1.03
BAKED BREAD/BUNS/ROLLS,FRUIT - SHELF STABLE,GROCERY,GROCERY,7666,0.03055,0.127,0.577,2.40,7443,1.03
BAKED BREAD/BUNS/ROLLS,MOLASSES/SYRUP/PANCAKE MIXS,GROCERY,GROCERY,2576,0.01026,0.043,0.571,2.38,2503,1.03
BAKED BREAD/BUNS/ROLLS,SALD DRSNG/SNDWCH SPRD,GROCERY,GROCERY,8908,0.03550,0.148,0.532,2.21,8672,1.03
BAKED BREAD/BUNS/ROLLS,VEGETABLES SALAD,GROCERY,PRODUCE,5629,0.02243,0.093,0.526,2.19,5452,1.03
BAKED SWEET GOODS,BEEF,GROCERY,MEAT,5761,0.02296,0.308,0.157,2.11,5612,1.03
BAKED SWEET GOODS,PET CARE SUPPLIES,GROCERY,GROCERY,359,0.00143,0.019,0.143,1.92,347,1.03
BAKED SWEET GOODS,VALUE ADDED FRUIT,GROCERY,PRODUCE,930,0.00371,0.050,0.159,2.14,904,1.03
BAKING MIXES,CARROTS,GROCERY,PRODUCE,1055,0.00420,0.094,0.126,2.79,1026,1.03
BAKING MIXES,DISHWASH DETERGENTS,GROCERY,GROCERY,694,0.00277,0.062,0.111,2.48,676,1.03
BAKING MIXES,HOT DOGS,GROCERY,MEAT-PCKGD,1253,0.00499,0.111,0.115,2.55,1221,1.03
BAKING MIXES,PORK,GROCERY,MEAT,1451,0.00578,0.129,0.117,2.61,1415,1.03
BAKING NEEDS,DISHWASH DETERGENTS,GROCERY,GROCERY,606,0.00241,0.058,0.097,2.35,589,1.03
BAKING NEEDS,DRY BN/VEG/POTATO/RICE,GROCERY,GROCERY,1444,0.00575,0.139,0.109,2.63,1397,1.03
BAKING NEEDS,LAUNDRY ADDITIVES,GROCERY,GROCERY,437,0.00174,0.042,0.098,2.37,422,1.03
BAKING NEEDS,PICKLE/RELISH/PKLD VEG,GROCERY,GROCERY,669,0.00267,0.064,0.109,2.62,652,1.03
BATH TISSUES,CANNED JUICES,GROCERY,GROCERY,2454,0.00978,0.180,0.122,2.24,2377,1.03
BATH TISSUES,COCOA MIXES,GROCERY,GROCERY,527,0.00210,0.039,0.138,2.54,512,1.03
BATH TISSUES,COOKIES/CONES,GROCERY,GROCERY,2090,0.00833,0.153,0.122,2.25,2029,1.03
BATH TISSUES,FRZN BREAKFAST FOODS,GROCERY,GROCERY,994,0.00396,0.073,0.136,2.51,964,1.03
BEANS - CANNED GLASS & MW,TOMATOES,GROCERY,PRODUCE,1609,0.00641,0.169,0.105,2.79,1568,1.03
BEEF,CIGARETTES,MEAT,DRUG GM,1726,0.00688,0.047,0.158,1.08,1670,1.03
BEEF,FROZEN PIZZA,MEAT,GROCERY,7170,0.02857,0.195,0.310,2.12,6977,1.03
BEEF,SEAFOOD - MISC,MEAT,SEAFOOD-PCKGD,372,0.00148,0.010,0.328,2.24,359,1.03
BEERS/ALES,FD WRAPS/BAGS/TRSH BG,GROCERY,GROCERY,1001,0.00399,0.065,0.089,1.44,967,1.03
BEERS/ALES,MEAT - MISC,GROCERY,MEAT-PCKGD,772,0.00308,0.050,0.092,1.48,749,1.03
BEERS/ALES,NEWSPAPER,GROCERY,DRUG GM,323,0.00129,0.021,0.067,1.09,313,1.03
BEERS/ALES,ONIONS,GROCERY,PRODUCE,1429,0.00569,0.092,0.092,1.49,1384,1.03
BEERS/ALES,POPCORN,GROCERY,PRODUCE,355,0.00141,0.023,0.090,1.46,344,1.03
BEERS/ALES,PROCESSED,GROCERY,PRODUCE,432,0.00172,0.028,0.092,1.49,419,1.03
BERRIES,COOKIES/CONES,PRODUCE,GROCERY,1528,0.00609,0.168,0.089,2.46,1478,1.03
BERRIES,PNT BTR/JELLY/JAMS,PRODUCE,GROCERY,1026,0.00409,0.113,0.099,2.73,994,1.03
BERRIES,POTATOES,PRODUCE,PRODUCE,1503,0.00599,0.165,0.098,2.71,1453,1.03
BREAD,FACIAL TISS/DNR NAPKIN,PASTRY,GROCERY,474,0.00189,0.060,0.069,2.18,462,1.03
BREAD,FROZEN PIE/DESSERTS,PASTRY,GROCERY,397,0.00158,0.050,0.062,1.95,385,1.03
BREAD,GREETING CARDS/WRAP/PARTY SPLY,PASTRY,DRUG GM,344,0.00137,0.043,0.045,1.43,335,1.03
BREAKFAST SAUSAGE/SANDWICHES,MILK BY-PRODUCTS,MEAT-PCKGD,GROCERY,2219,0.00884,0.202,0.113,2.58,2161,1.03
BREAKFAST SAUSAGE/SANDWICHES,SOUP,MEAT-PCKGD,GROCERY,2766,0.01102,0.252,0.117,2.68,2687,1.03
BREAKFAST SWEETS,CANDY - PACKAGED,PASTRY,DRUG GM,921,0.00367,0.113,0.043,1.32,893,1.03
BREAKFAST SWEETS,TROPICAL FRUIT,PASTRY,PRODUCE,1665,0.00663,0.204,0.051,1.58,1618,1.03
BROCCOLI/CAULIFLOWER,FD WRAPS/BAGS/TRSH BG,PRODUCE,GROCERY,560,0.00223,0.125,0.050,2.80,546,1.03
BROCCOLI/CAULIFLOWER,FRZN VEGETABLE/VEG DSH,PRODUCE,GROCERY,656,0.00261,0.147,0.052,2.89,639,1.03
BUTTER,CHICKEN,GROCERY,MEAT,799,0.00318,0.161,0.053,2.69,775,1.03
BUTTER,DRY NOODLES/PASTA,GROCERY,GROCERY,823,0.00328,0.166,0.059,2.98,800,1.03
BUTTER,MISC. DAIRY,GROCERY,GROCERY,425,0.00169,0.086,0.058,2.94,413,1.03
BUTTER,TROPICAL FRUIT,GROCERY,PRODUCE,1612,0.00642,0.326,0.050,2.52,1572,1.03
CANDY - CHECKLANE,VALUE ADDED FRUIT,DRUG GM,PRODUCE,682,0.00272,0.029,0.117,1.26,664,1.03
CANDY - PACKAGED,CAT FOOD,DRUG GM,GROCERY,815,0.00325,0.038,0.124,1.45,795,1.03
CANDY - PACKAGED,ICE CREAM/MILK/SHERBTS,DRUG GM,GROCERY,2481,0.00989,0.115,0.124,1.44,2405,1.03
CANDY - PACKAGED,SUGARS/SWEETNERS,DRUG GM,GROCERY,1515,0.00604,0.070,0.147,1.72,1466,1.03
CANDY - PACKAGED,WATER - CARBONATED/FLVRD DRINK,DRUG GM,GROCERY,2242,0.00893,0.104,0.125,1.46,2180,1.03
CANNED JUICES,FEMININE HYGIENE,GROCERY,DRUG GM,585,0.00233,0.029,0.136,1.70,566,1.03
CANNED JUICES,LAUNDRY ADDITIVES,GROCERY,GROCERY,853,0.00340,0.042,0.192,2.39,831,1.03
CANNED JUICES,SEAFOOD - FROZEN,GROCERY,SEAFOOD-PCKGD,1467,0.00585,0.073,0.195,2.43,1423,1.03
CARROTS,COCOA MIXES,PRODUCE,GROCERY,396,0.00158,0.047,0.104,3.10,386,1.03
CARROTS,DRY MIX DESSERTS,PRODUCE,GROCERY,541,0.00216,0.064,0.099,2.97,524,1.03
CARROTS,HOT CEREAL,PRODUCE,GROCERY,573,0.00228,0.068,0.102,3.06,556,1.03
CAT LITTER,FRZN MEAT/MEAT DINNERS,GROCERY,GROCERY,518,0.00206,0.176,0.023,1.94,501,1.03
CAT LITTER,PASTA SAUCE,GROCERY,GROCERY,335,0.00133,0.114,0.029,2.43,324,1.03
CHEESE,FLUID MILK PRODUCTS,GROCERY,GROCERY,24551,0.09783,0.524,0.355,1.90,23802,1.03
CHEESE,MISCELLANEOUS,GROCERY,MEAT-PCKGD,1031,0.00411,0.022,0.468,2.51,1003,1.03
CHEESE,PROCESSED,GROCERY,PRODUCE,2161,0.00861,0.046,0.460,2.47,2108,1.03
CHEESE,SEAFOOD - SHELF STABLE,GROCERY,GROCERY,3889,0.01550,0.083,0.493,2.64,3790,1.03
CHEESE,SOUP,GROCERY,GROCERY,10622,0.04233,0.227,0.451,2.41,10323,1.03
CHEESES,FD WRAPS/BAGS/TRSH BG,DELI,GROCERY,1277,0.00509,0.113,0.114,2.52,1237,1.03
CHEESES,MELONS,DELI,PRODUCE,495,0.00197,0.044,0.115,2.54,478,1.03
CHEESES,MILK BY-PRODUCTS,DELI,GROCERY,2254,0.00898,0.199,0.114,2.54,2181,1.03
CHICKEN,DOMESTIC WINE,MEAT,GROCERY,441,0.00176,0.029,0.097,1.62,426,1.03
CHICKEN,MISC. DAIRY,MEAT,GROCERY,1204,0.00480,0.080,0.164,2.74,1173,1.03
CHICKEN,SUGARS/SWEETNERS,MEAT,GROCERY,1525,0.00608,0.101,0.148,2.47,1486,1.03
CIGARETTES,COFFEE,DRUG GM,GROCERY,529,0.00211,0.048,0.046,1.06,513,1.03
CITRUS,COFFEE,PRODUCE,GROCERY,1065,0.00424,0.105,0.093,2.31,1033,1.03
CITRUS,ISOTONIC DRINKS,PRODUCE,GROCERY,469,0.00187,0.046,0.088,2.18,457,1.03
CITRUS,SOUP,PRODUCE,GROCERY,2457,0.00979,0.243,0.104,2.59,2380,1.03
COFFEE,CONVENIENT BRKFST/WHLSM SNACKS,GROCERY,GROCERY,1608,0.00641,0.140,0.115,2.52,1559,1.03
COFFEE,DRY SAUCES/GRAVY,GROCERY,GROCERY,738,0.00294,0.064,0.114,2.49,720,1.03
COFFEE,PAPER HOUSEWARES,GROCERY,GROCERY,782,0.00312,0.068,0.102,2.23,759,1.03
COFFEE,PORK,GROCERY,MEAT,1373,0.00547,0.120,0.111,2.43,1331,1.03
COFFEE FILTERS,SOUP,DRUG GM,GROCERY,380,0.00151,0.232,0.016,2.46,371,1.03
COLD CEREAL,FROZEN,GROCERY,NUTRITION,387,0.00154,0.015,0.250,2.50,376,1.03
COLD CEREAL,MARGARINES,GROCERY,GROCERY,3533,0.01408,0.141,0.261,2.60,3414,1.03
COLD CEREAL,SNACK NUTS,GROCERY,GROCERY,1112,0.00443,0.044,0.238,2.37,1079,1.03
COLD CEREAL,VITAMINS,GROCERY,DRUG GM,413,0.00165,0.016,0.207,2.07,400,1.03
CONDIMENTS/SAUCES,HERBS,GROCERY,PRODUCE,619,0.00247,0.035,0.190,2.67,601,1.03
CONDIMENTS/SAUCES,PAPER TOWELS,GROCERY,GROCERY,1881,0.00750,0.105,0.185,2.60,1829,1.03
CONDIMENTS/SAUCES,SEAFOOD-FRESH,GROCERY,SEAFOOD,607,0.00242,0.034,0.165,2.32,590,1.03
CONVENIENT BRKFST/WHLSM SNACKS,SOFT DRINKS,GROCERY,GROCERY,6364,0.02536,0.455,0.089,1.60,6203,1.03
COOKIES,CRACKERS/MISC BKD FD,PASTRY,GROCERY,632,0.00252,0.171,0.028,1.89,613,1.03
COOKIES/CONES,PICKLE/RELISH/PKLD VEG,GROCERY,GROCERY,1127,0.00449,0.066,0.183,2.69,1098,1.03
COOKIES/CONES,STATIONERY & SCHOOL SUPPLIES,GROCERY,DRUG GM,519,0.00207,0.030,0.112,1.64,503,1.03
COOKIES/CONES,YOGURT,GROCERY,GROCERY,2918,0.01163,0.171,0.166,2.43,2837,1.03
CORN,MARGARINES,PRODUCE,GROCERY,367,0.00146,0.134,0.027,2.48,358,1.03
CORN,SALD DRSNG/SNDWCH SPRD,PRODUCE,GROCERY,457,0.00182,0.167,0.027,2.50,443,1.03
CRACKERS/MISC BKD FD,FRZN NOVELTIES/WTR ICE,GROCERY,GROCERY,2067,0.00824,0.091,0.200,2.21,2007,1.03
CRACKERS/MISC BKD FD,GRAPES,GROCERY,PRODUCE,2473,0.00985,0.109,0.245,2.70,2393,1.03
CRACKERS/MISC BKD FD,HAIR CARE PRODUCTS,GROCERY,DRUG GM,1621,0.00646,0.071,0.204,2.26,1581,1.03
CRACKERS/MISC BKD FD,HOT DOGS,GROCERY,MEAT-PCKGD,2633,0.01049,0.116,0.241,2.67,2558,1.03
CRACKERS/MISC BKD FD,MILK BY-PRODUCTS,GROCERY,GROCERY,4579,0.01825,0.202,0.232,2.57,4454,1.03
CRACKERS/MISC BKD FD,VALUE ADDED VEGETABLES,GROCERY,PRODUCE,526,0.00210,0.023,0.251,2.77,511,1.03
DELI MEATS,DINNER SAUSAGE,DELI,MEAT-PCKGD,1639,0.00653,0.096,0.166,2.44,1597,1.03
DELI MEATS,HEAT/SERVE,DELI,MEAT-PCKGD,865,0.00345,0.051,0.164,2.40,842,1.03
DELI MEATS,MUSHROOMS,DELI,PRODUCE,848,0.00338,0.050,0.179,2.63,821,1.03
DELI MEATS,SALAD MIX,DELI,PRODUCE,2635,0.01050,0.154,0.170,2.49,2555,1.03
DIETARY AID PRODUCTS,LUNCHMEAT,DRUG GM,MEAT-PCKGD,337,0.00134,0.189,0.014,2.00,329,1.03
DINNER MXS:DRY,FLUID MILK PRODUCTS,GROCERY,GROCERY,7937,0.03163,0.597,0.115,2.16,7712,1.03
DINNER MXS:DRY,FRZN NOVELTIES/WTR ICE,GROCERY,GROCERY,1334,0.00532,0.100,0.129,2.43,1294,1.03
DINNER SAUSAGE,SOFT DRINKS,MEAT-PCKGD,GROCERY,4372,0.01742,0.443,0.061,1.55,4252,1.03
DINNER SAUSAGE,TEAS,MEAT-PCKGD,GROCERY,363,0.00145,0.037,0.104,2.65,351,1.03
DISHWASH DETERGENTS,MISC. DAIRY,GROCERY,GROCERY,499,0.00199,0.080,0.068,2.74,484,1.03
DISHWASH DETERGENTS,PASTA SAUCE,GROCERY,GROCERY,831,0.00331,0.133,0.071,2.86,809,1.03
DOG FOODS,PNT BTR/JELLY/JAMS,GROCERY,GROCERY,618,0.00246,0.087,0.060,2.11,598,1.03
DRIED FRUIT,DRY NOODLES/PASTA,NUTRITION,GROCERY,524,0.00209,0.174,0.037,3.11,511,1.03
DRY MIX DESSERTS,YOGURT,GROCERY,GROCERY,1013,0.00404,0.186,0.058,2.65,983,1.03
DRY NOODLES/PASTA,EGGS,GROCERY,GROCERY,4178,0.01665,0.298,0.150,2.68,4051,1.03
DRY NOODLES/PASTA,FD WRAPS/BAGS/TRSH BG,GROCERY,GROCERY,1738,0.00693,0.124,0.155,2.77,1680,1.03
DRY NOODLES/PASTA,PAPER TOWELS,GROCERY,GROCERY,1594,0.00635,0.114,0.157,2.81,1553,1.03
DRY SAUCES/GRAVY,SALD DRSNG/SNDWCH SPRD,GROCERY,GROCERY,1224,0.00488,0.189,0.073,2.83,1183,1.03
EGGS,FRZN POTATOES,GROCERY,GROCERY,2235,0.00891,0.080,0.276,2.48,2162,1.03
EGGS,MEAT - MISC,GROCERY,MEAT-PCKGD,2412,0.00961,0.087,0.286,2.58,2333,1.03
EGGS,MUSHROOMS,GROCERY,PRODUCE,1393,0.00555,0.050,0.294,2.65,1349,1.03
ELECTRICAL SUPPPLIES,REFRGRATD JUICES/DRNKS,DRUG GM,GROCERY,541,0.00216,0.204,0.021,1.98,524,1.03
FD WRAPS/BAGS/TRSH BG,ONIONS,GROCERY,PRODUCE,1785,0.00711,0.159,0.115,2.56,1737,1.03
FEMININE HYGIENE,FRZN MEAT/MEAT DINNERS,DRUG GM,GROCERY,623,0.00248,0.145,0.027,1.60,604,1.03
FLUID MILK PRODUCTS,PWDR/CRYSTL DRNK MX,GROCERY,GROCERY,3001,0.01196,0.043,0.564,2.05,2918,1.03
FLUID MILK PRODUCTS,SUGARS/SWEETNERS,GROCERY,GROCERY,5500,0.02192,0.079,0.535,1.94,5335,1.03
FROZEN,SOUP,NUTRITION,GROCERY,373,0.00149,0.241,0.016,2.57,363,1.03
FROZEN BREAD/DOUGH,HAIR CARE PRODUCTS,GROCERY,DRUG GM,535,0.00213,0.074,0.067,2.35,517,1.03
FROZEN BREAD/DOUGH,LAUNDRY DETERGENTS,GROCERY,GROCERY,616,0.00245,0.086,0.073,2.54,600,1.03
FROZEN BREAD/DOUGH,PAPER TOWELS,GROCERY,GROCERY,795,0.00317,0.111,0.078,2.73,769,1.03
FROZEN BREAD/DOUGH,SOFT DRINKS,GROCERY,GROCERY,3229,0.01287,0.449,0.045,1.58,3145,1.03
FROZEN MEAT,SALAD MIX,MEAT-PCKGD,PRODUCE,1426,0.00568,0.174,0.092,2.81,1382,1.03
FROZEN PIE/DESSERTS,FRZN POTATOES,GROCERY,GROCERY,469,0.00187,0.073,0.058,2.26,455,1.03
FROZEN PIE/DESSERTS,SALAD MIX,GROCERY,PRODUCE,914,0.00364,0.142,0.059,2.30,885,1.03
FROZEN PIZZA,PAPER TOWELS,GROCERY,GROCERY,2162,0.00861,0.093,0.213,2.31,2089,1.03
FROZEN PIZZA,PICKLE/RELISH/PKLD VEG,GROCERY,GROCERY,1439,0.00573,0.062,0.234,2.53,1391,1.03
FRUIT - SHELF STABLE,LAUNDRY DETERGENTS,GROCERY,GROCERY,1219,0.00486,0.092,0.144,2.72,1185,1.03
FRUIT - SHELF STABLE,WAREHOUSE SNACKS,GROCERY,GROCERY,858,0.00342,0.065,0.131,2.48,833,1.03
FRZN MEAT/MEAT DINNERS,REFRGRATD JUICES/DRNKS,GROCERY,GROCERY,4582,0.01826,0.201,0.177,1.95,4458,1.03
FRZN POTATOES,SEAFOOD - SHELF STABLE,GROCERY,GROCERY,745,0.00297,0.092,0.094,2.92,726,1.03
FRZN VEGETABLE/VEG DSH,PNT BTR/JELLY/JAMS,GROCERY,GROCERY,1438,0.00573,0.113,0.139,2.73,1402,1.03
FRZN VEGETABLE/VEG DSH,TOMATOES,GROCERY,PRODUCE,2004,0.00799,0.157,0.131,2.59,1944,1.03
GRAPES,GREETING CARDS/WRAP/PARTY SPLY,PRODUCE,DRUG GM,491,0.00196,0.049,0.065,1.61,475,1.03
GRAPES,PWDR/CRYSTL DRNK MX,PRODUCE,GROCERY,599,0.00239,0.059,0.113,2.80,583,1.03
HEAT/SERVE,PAPER TOWELS,MEAT-PCKGD,GROCERY,543,0.00216,0.103,0.053,2.54,525,1.03
HISPANIC,PEARS,GROCERY,PRODUCE,322,0.00128,0.023,0.163,2.87,313,1.03
HISPANIC,TEAS,GROCERY,GROCERY,538,0.00214,0.038,0.154,2.72,525,1.03
HOT CEREAL,VALUE ADDED FRUIT,GROCERY,PRODUCE,331,0.00132,0.059,0.057,2.54,321,1.03
HOT DOGS,POTATOES,MEAT-PCKGD,PRODUCE,1816,0.00724,0.166,0.119,2.73,1763,1.03
HOT DOGS,SMOKED MEATS,MEAT-PCKGD,MEAT,432,0.00172,0.040,0.110,2.53,420,1.03
HOT DOGS,VEGETABLES - SHELF STABLE,MEAT-PCKGD,GROCERY,2762,0.01101,0.253,0.122,2.81,2669,1.03
ICE CREAM/MILK/SHERBTS,PEARS,GROCERY,PRODUCE,318,0.00127,0.016,0.161,2.01,308,1.03
ICE CREAM/MILK/SHERBTS,PWDR/CRYSTL DRNK MX,GROCERY,GROCERY,831,0.00331,0.041,0.156,1.95,808,1.03
ICE CREAM/MILK/SHERBTS,SNACK NUTS,GROCERY,GROCERY,666,0.00265,0.033,0.142,1.78,649,1.03
ICE CREAM/MILK/SHERBTS,YOGURT,GROCERY,GROCERY,2647,0.01055,0.132,0.150,1.88,2581,1.03
ISOTONIC DRINKS,REFRGRATD DOUGH PRODUCTS,GROCERY,GROCERY,677,0.00270,0.127,0.048,2.25,654,1.03
LAUNDRY DETERGENTS,SNACK NUTS,GROCERY,GROCERY,353,0.00141,0.042,0.075,2.24,344,1.03
LAUNDRY DETERGENTS,SOUP,GROCERY,GROCERY,1951,0.00777,0.231,0.083,2.45,1901,1.03
MELONS,SEAFOOD - FROZEN,PRODUCE,SEAFOOD-PCKGD,328,0.00131,0.076,0.044,2.53,318,1.03
MELONS,WATER - CARBONATED/FLVRD DRINK,PRODUCE,GROCERY,602,0.00240,0.139,0.034,1.95,583,1.03
MISC. DAIRY,PWDR/CRYSTL DRNK MX,GROCERY,GROCERY,463,0.00184,0.063,0.087,2.98,448,1.03
MISC. DAIRY,STONE FRUIT,GROCERY,PRODUCE,417,0.00166,0.057,0.076,2.60,405,1.03
ONIONS,SEAFOOD - SHELF STABLE,PRODUCE,GROCERY,1459,0.00581,0.094,0.185,2.98,1415,1.03
ORGANICS FRUIT & VEGETABLES,SALD DRSNG/SNDWCH SPRD,PRODUCE,GROCERY,960,0.00383,0.182,0.057,2.72,937,1.03
PAPER HOUSEWARES,SPICES & EXTRACTS,GROCERY,GROCERY,713,0.00284,0.093,0.075,2.46,692,1.03
PAPER TOWELS,SHORTENING/OIL,GROCERY,GROCERY,894,0.00356,0.088,0.108,2.67,872,1.03
PAPER TOWELS,SOFT DRINKS,GROCERY,GROCERY,4493,0.01790,0.442,0.063,1.55,4368,1.03
PAPER TOWELS,TROPICAL FRUIT,GROCERY,PRODUCE,3155,0.01257,0.310,0.097,2.40,3074,1.03
PASTA SAUCE,PEPPERS-ALL,GROCERY,PRODUCE,1205,0.00480,0.103,0.147,3.14,1169,1.03
PNT BTR/JELLY/JAMS,WATER - CARBONATED/FLVRD DRINK,GROCERY,GROCERY,1524,0.00607,0.147,0.085,2.06,1475,1.03
POPCORN,REFRGRATD JUICES/DRNKS,PRODUCE,GROCERY,896,0.00357,0.228,0.035,2.21,871,1.03
POPCORN,SALD DRSNG/SNDWCH SPRD,PRODUCE,GROCERY,692,0.00276,0.176,0.041,2.64,671,1.03
POPCORN,SEAFOOD - FROZEN,PRODUCE,SEAFOOD-PCKGD,304,0.00121,0.077,0.040,2.58,296,1.03
PORK,STONE FRUIT,MEAT,PRODUCE,682,0.00272,0.055,0.124,2.52,661,1.03
REFRGRATD DOUGH PRODUCTS,YOGURT,GROCERY,GROCERY,2568,0.01023,0.182,0.146,2.59,2490,1.03
REFRGRATD JUICES/DRNKS,REFRIGERATED,GROCERY,NUTRITION,1005,0.00400,0.039,0.195,1.88,977,1.03
ROLLS,SALAD MIX,PASTRY,PRODUCE,658,0.00262,0.129,0.042,2.09,641,1.03
SALADS/DIPS,TROPICAL FRUIT,DELI,PRODUCE,1581,0.00630,0.263,0.049,2.03,1535,1.03
SALD DRSNG/SNDWCH SPRD,SEAFOOD-FRESH,GROCERY,SEAFOOD,573,0.00228,0.034,0.156,2.34,558,1.03
SALD DRSNG/SNDWCH SPRD,SMOKED MEATS,GROCERY,MEAT,664,0.00265,0.040,0.169,2.54,645,1.03
SEAFOOD - FROZEN,SNACK NUTS,SEAFOOD-PCKGD,GROCERY,336,0.00134,0.045,0.072,2.40,326,1.03
SEAFOOD - SHELF STABLE,TOMATOES,GROCERY,PRODUCE,1380,0.00550,0.175,0.090,2.88,1343,1.03
SEAFOOD - SHELF STABLE,TROPICAL FRUIT,GROCERY,PRODUCE,2740,0.01092,0.347,0.084,2.69,2667,1.03
SHORTENING/OIL,SNACK NUTS,GROCERY,GROCERY,382,0.00152,0.046,0.082,2.48,372,1.03
STATIONERY & SCHOOL SUPPLIES,YOGURT,DRUG GM,GROCERY,554,0.00221,0.119,0.031,1.70,536,1.03
TOMATOES,TURKEY,PRODUCE,MEAT,437,0.00174,0.029,0.157,2.58,424,1.03
REFRGRATD DOUGH PRODUCTS,SOFT DRINKS,GROCERY,GROCERY,6192,0.02467,0.439,0.087,1.54,6077,1.02
GRAPES,HOT CEREAL,PRODUCE,GROCERY,628,0.00250,0.062,0.112,2.78,615,1.02
CRACKERS/MISC BKD FD,SOAP - LIQUID & BAR,GROCERY,DRUG GM,1307,0.00521,0.058,0.223,2.47,1276,1.02
CRACKERS/MISC BKD FD,SHAVING CARE PRODUCTS,GROCERY,DRUG GM,654,0.00261,0.029,0.199,2.20,642,1.02
COCOA MIXES,REFRGRATD JUICES/DRNKS,GROCERY,GROCERY,912,0.00363,0.239,0.035,2.31,896,1.02
POPCORN,SALAD MIX,PRODUCE,PRODUCE,630,0.00251,0.160,0.041,2.59,619,1.02
BACON,FRUIT - SHELF STABLE,MEAT-PCKGD,GROCERY,1778,0.00708,0.164,0.134,3.09,1737,1.02
CAT FOOD,SOUP,GROCERY,GROCERY,1189,0.00474,0.181,0.050,1.93,1164,1.02
CORN,REFRGRATD JUICES/DRNKS,PRODUCE,GROCERY,596,0.00237,0.218,0.023,2.11,584,1.02
CRACKERS/MISC BKD FD,ORAL HYGIENE PRODUCTS,GROCERY,DRUG GM,1587,0.00632,0.070,0.204,2.25,1555,1.02
PNT BTR/JELLY/JAMS,WAREHOUSE SNACKS,GROCERY,GROCERY,622,0.00248,0.060,0.095,2.30,611,1.02
GRAPES,HOUSEHOLD CLEANG NEEDS,PRODUCE,GROCERY,743,0.00296,0.074,0.101,2.50,731,1.02
BACON,PEPPERS-ALL,MEAT-PCKGD,PRODUCE,1033,0.00412,0.095,0.126,2.90,1017,1.02
CRACKERS/MISC BKD FD,MISCELLANEOUS,GROCERY,MEAT-PCKGD,556,0.00222,0.024,0.252,2.79,545,1.02
CRACKERS/MISC BKD FD,MARGARINES,GROCERY,GROCERY,3222,0.01284,0.142,0.238,2.63,3168,1.02
CRACKERS/MISC BKD FD,LAUNDRY ADDITIVES,GROCERY,GROCERY,1038,0.00414,0.046,0.233,2.58,1013,1.02
CRACKERS/MISC BKD FD,GREETING CARDS/WRAP/PARTY SPLY,GROCERY,DRUG GM,1083,0.00432,0.048,0.143,1.58,1062,1.02
SQUASH,WATER - CARBONATED/FLVRD DRINK,PRODUCE,GROCERY,314,0.00125,0.155,0.017,2.16,307,1.02
CAT FOOD,FRZN BREAKFAST FOODS,GROCERY,GROCERY,377,0.00150,0.058,0.052,1.98,371,1.02
COCOA MIXES,SALD DRSNG/SNDWCH SPRD,GROCERY,GROCERY,712,0.00284,0.186,0.042,2.79,701,1.02
PNT BTR/JELLY/JAMS,REFRGRATD JUICES/DRNKS,GROCERY,GROCERY,2446,0.00975,0.236,0.094,2.29,2388,1.02
FRZN BREAKFAST FOODS,TROPICAL FRUIT,GROCERY,PRODUCE,2363,0.00942,0.324,0.073,2.50,2328,1.02
FROZEN PIZZA,LAUNDRY DETERGENTS,GROCERY,GROCERY,1668,0.00665,0.072,0.197,2.14,1636,1.02
BERRIES,HISPANIC,PRODUCE,GROCERY,1352,0.00539,0.148,0.095,2.61,1327,1.02
BERRIES,MAGAZINE,PRODUCE,DRUG GM,439,0.00175,0.048,0.061,1.67,431,1.02
BERRIES,PAPER HOUSEWARES,PRODUCE,GROCERY,677,0.00270,0.074,0.088,2.43,663,1.02
FRZN MEAT/MEAT DINNERS,SALAD BAR,GROCERY,SALAD BAR,865,0.00345,0.038,0.103,1.14,847,1.02
BERRIES,TEAS,PRODUCE,GROCERY,333,0.00133,0.037,0.096,2.63,327,1.02
BEERS/ALES,MILK BY-PRODUCTS,GROCERY,GROCERY,1757,0.00700,0.113,0.089,1.44,1727,1.02
FROZEN MEAT,ROLLS,MEAT-PCKGD,PASTRY,359,0.00143,0.044,0.071,2.16,351,1.02
FRZN MEAT/MEAT DINNERS,PAPER TOWELS,GROCERY,GROCERY,2050,0.00817,0.090,0.202,2.22,2000,1.02
FRZN MEAT/MEAT DINNERS,MISCELLANEOUS,GROCERY,MEAT-PCKGD,470,0.00187,0.021,0.213,2.35,459,1.02
FRZN MEAT/MEAT DINNERS,MOLASSES/SYRUP/PANCAKE MIXS,GROCERY,GROCERY,999,0.00398,0.044,0.221,2.44,983,1.02
FROZEN MEAT,MILK BY-PRODUCTS,MEAT-PCKGD,GROCERY,1737,0.00692,0.212,0.088,2.70,1696,1.02
BLEACH,FRUIT - SHELF STABLE,GROCERY,GROCERY,487,0.00194,0.137,0.037,2.59,476,1.02
FROZEN MEAT,ICE CREAM/MILK/SHERBTS,MEAT-PCKGD,GROCERY,1288,0.00513,0.157,0.064,1.96,1264,1.02
CITRUS,EGGS,PRODUCE,GROCERY,2697,0.01075,0.267,0.097,2.40,2651,1.02
SOUP,VITAMINS,GROCERY,DRUG GM,393,0.00157,0.017,0.197,2.10,384,1.02
COFFEE,SALD DRSNG/SNDWCH SPRD,GROCERY,GROCERY,1805,0.00719,0.157,0.108,2.36,1769,1.02
BLEACH,POTATOES,GROCERY,PRODUCE,520,0.00207,0.147,0.034,2.41,508,1.02
HAIR CARE PRODUCTS,YOGURT,DRUG GM,GROCERY,1224,0.00488,0.154,0.070,2.20,1201,1.02
BREAD,CHEESE,PASTRY,GROCERY,3007,0.01198,0.378,0.064,2.02,2940,1.02
CHICKEN,GRAPES,MEAT,PRODUCE,1567,0.00624,0.104,0.155,2.59,1541,1.02
HEAT/SERVE,ORAL HYGIENE PRODUCTS,MEAT-PCKGD,DRUG GM,356,0.00142,0.067,0.046,2.17,350,1.02
HEAT/SERVE,PNT BTR/JELLY/JAMS,MEAT-PCKGD,GROCERY,573,0.00228,0.109,0.055,2.63,564,1.02
BATH TISSUES,REFRGRATD JUICES/DRNKS,GROCERY,GROCERY,2847,0.01134,0.209,0.110,2.02,2797,1.02
BATH TISSUES,PREPARED FOOD,GROCERY,DELI,312,0.00124,0.023,0.066,1.22,307,1.02
FRUIT - SHELF STABLE,SALAD BAR,GROCERY,SALAD BAR,537,0.00214,0.040,0.064,1.21,525,1.02
BATH TISSUES,FRZN MEAT/MEAT DINNERS,GROCERY,GROCERY,2545,0.01014,0.187,0.112,2.06,2486,1.02
HISPANIC,ISOTONIC DRINKS,GROCERY,GROCERY,681,0.00271,0.048,0.127,2.24,670,1.02
FLUID MILK PRODUCTS,LUNCHMEAT,GROCERY,MEAT-PCKGD,12120,0.04829,0.175,0.511,1.85,11929,1.02
SNACK NUTS,SOFT DRINKS,GROCERY,GROCERY,1965,0.00783,0.420,0.027,1.47,1930,1.02
AIR CARE,FRUIT - SHELF STABLE,GROCERY,GROCERY,539,0.00215,0.142,0.041,2.67,527,1.02
FLUID MILK PRODUCTS,FROZEN PIZZA,GROCERY,GROCERY,11485,0.04576,0.166,0.496,1.80,11212,1.02
HOT CEREAL,LUNCHMEAT,GROCERY,MEAT-PCKGD,1299,0.00518,0.232,0.055,2.46,1277,1.02
COLD CEREAL,CONDIMENTS/SAUCES,GROCERY,GROCERY,4564,0.01819,0.182,0.256,2.55,4483,1.02
BREAKFAST SAUSAGE/SANDWICHES,CRACKERS/MISC BKD FD,MEAT-PCKGD,GROCERY,2629,0.01048,0.240,0.116,2.65,2585,1.02
CHRISTMAS  SEASONAL,SOUP,DRUG GM,GROCERY,315,0.00126,0.166,0.013,1.77,310,1.02
HOT DOGS,SOUP,MEAT-PCKGD,GROCERY,2713,0.01081,0.248,0.115,2.64,2660,1.02
BREAKFAST SAUSAGE/SANDWICHES,FRZN VEGETABLE/VEG DSH,MEAT-PCKGD,GROCERY,1463,0.00583,0.133,0.115,2.63,1437,1.02
FD WRAPS/BAGS/TRSH BG,VEGETABLES - ALL OTHERS,GROCERY,PRODUCE,1849,0.00737,0.165,0.113,2.53,1809,1.02
HOUSEHOLD CLEANG NEEDS,REFRIGERATED,GROCERY,NUTRITION,310,0.00124,0.042,0.060,2.04,303,1.02
COLD CEREAL,FROZEN BREAD/DOUGH,GROCERY,GROCERY,1921,0.00765,0.076,0.267,2.67,1882,1.02
HOUSEHOLD CLEANG NEEDS,SOUP,GROCERY,GROCERY,1730,0.00689,0.234,0.073,2.49,1700,1.02
FD WRAPS/BAGS/TRSH BG,PWDR/CRYSTL DRNK MX,GROCERY,GROCERY,629,0.00251,0.056,0.118,2.64,618,1.02
COLD CEREAL,HISPANIC,GROCERY,GROCERY,3692,0.01471,0.147,0.259,2.59,3620,1.02
VEGETABLES SALAD,YOGURT,PRODUCE,GROCERY,1881,0.00750,0.176,0.107,2.51,1850,1.02
COLD CEREAL,ICE CREAM/MILK/SHERBTS,GROCERY,GROCERY,3734,0.01488,0.149,0.186,1.86,3672,1.02
FRUIT - SHELF STABLE,STONE FRUIT,GROCERY,PRODUCE,781,0.00311,0.059,0.142,2.69,768,1.02
BREAKFAST SWEETS,FRZN BREAKFAST FOODS,PASTRY,GROCERY,389,0.00155,0.048,0.053,1.64,383,1.02
APPLES,COCOA MIXES,PRODUCE,GROCERY,581,0.00232,0.044,0.152,2.89,570,1.02
BEERS/ALES,PORK,GROCERY,MEAT,1123,0.00447,0.072,0.091,1.47,1099,1.02
ICE CREAM/MILK/SHERBTS,SOFT DRINKS,GROCERY,GROCERY,7507,0.02991,0.374,0.105,1.31,7364,1.02
APPLES,COOKIES/CONES,PRODUCE,GROCERY,2265,0.00903,0.171,0.132,2.52,2229,1.02
FRUIT - SHELF STABLE,PLASTIC HOUSEWARES,GROCERY,DRUG GM,312,0.00124,0.023,0.143,2.70,307,1.02
SEAFOOD - FROZEN,TROPICAL FRUIT,SEAFOOD-PCKGD,PRODUCE,2318,0.00924,0.308,0.071,2.38,2271,1.02
COLD CEREAL,PICKLE/RELISH/PKLD VEG,GROCERY,GROCERY,1730,0.00689,0.069,0.281,2.81,1693,1.02
SEAFOOD - FROZEN,STONE FRUIT,SEAFOOD-PCKGD,PRODUCE,396,0.00158,0.053,0.072,2.41,388,1.02
CHEESES,HEAT/SERVE,DELI,MEAT-PCKGD,595,0.00237,0.053,0.113,2.50,584,1.02
EGGS,VEGETABLES - SHELF STABLE,GROCERY,GROCERY,6509,0.02594,0.234,0.288,2.60,6401,1.02
FRUIT - SHELF STABLE,ORAL HYGIENE PRODUCTS,GROCERY,DRUG GM,1017,0.00405,0.076,0.130,2.46,999,1.02
BEEF,COCOA MIXES,MEAT,GROCERY,1390,0.00554,0.038,0.364,2.49,1368,1.02
BAKING MIXES,COFFEE,GROCERY,GROCERY,1177,0.00469,0.104,0.103,2.28,1150,1.02
LAUNDRY ADDITIVES,SOUP,GROCERY,GROCERY,1076,0.00429,0.242,0.046,2.57,1053,1.02
BROCCOLI/CAULIFLOWER,CHEESE,PRODUCE,GROCERY,2168,0.00864,0.485,0.046,2.60,2119,1.02
ANALGESICS,CHEESES,DRUG GM,DELI,316,0.00126,0.075,0.028,1.65,309,1.02
CITRUS,HOUSEHOLD CLEANG NEEDS,PRODUCE,GROCERY,712,0.00284,0.070,0.096,2.39,700,1.02
BAKING MIXES,BEEF,GROCERY,MEAT,3771,0.01503,0.334,0.103,2.29,3712,1.02
EGGS,FRZN VEGETABLE/VEG DSH,GROCERY,GROCERY,3495,0.01393,0.125,0.274,2.47,3425,1.02
LAUNDRY DETERGENTS,SOFT DRINKS,GROCERY,GROCERY,3554,0.01416,0.420,0.050,1.47,3476,1.02
BAKED SWEET GOODS,WATER - CARBONATED/FLVRD DRINK,GROCERY,GROCERY,2352,0.00937,0.126,0.131,1.76,2316,1.02
COLD CEREAL,WATER - CARBONATED/FLVRD DRINK,GROCERY,GROCERY,3484,0.01388,0.139,0.194,1.94,3417,1.02
BAKED SWEET GOODS,SOUP,GROCERY,GROCERY,3991,0.01590,0.214,0.169,2.27,3929,1.02
DRY SAUCES/GRAVY,LAUNDRY ADDITIVES,GROCERY,GROCERY,310,0.00124,0.048,0.070,2.70,305,1.02
BROOMS AND MOPS,CANDY - PACKAGED,DRUG GM,DRUG GM,435,0.00173,0.143,0.020,1.67,427,1.02
BROOMS AND MOPS,FRUIT - SHELF STABLE,DRUG GM,GROCERY,443,0.00177,0.146,0.033,2.75,434,1.02
LUNCHMEAT,YOGURT,MEAT-PCKGD,GROCERY,3879,0.01546,0.164,0.220,2.33,3808,1.02
SALADS/DIPS,VEGETABLES SALAD,DELI,PRODUCE,540,0.00215,0.090,0.050,2.10,527,1.02
BUTTER,CANDY - PACKAGED,GROCERY,DRUG GM,755,0.00301,0.153,0.035,1.78,744,1.02
MARGARINES,MISCELLANEOUS,GROCERY,MEAT-PCKGD,330,0.00131,0.024,0.150,2.78,322,1.02
BUTTER,FRUIT - SHELF STABLE,GROCERY,GROCERY,799,0.00318,0.161,0.060,3.05,787,1.02
MARGARINES,ONIONS,GROCERY,PRODUCE,2216,0.00883,0.164,0.142,2.64,2176,1.02
BEERS/ALES,TOMATOES,GROCERY,PRODUCE,1379,0.00549,0.089,0.090,1.46,1348,1.02
BAKED SWEET GOODS,MARGARINES,GROCERY,GROCERY,2301,0.00917,0.123,0.170,2.28,2251,1.02
CONDIMENTS/SAUCES,HEAT/SERVE,GROCERY,MEAT-PCKGD,956,0.00381,0.054,0.181,2.55,933,1.02
CONDIMENTS/SAUCES,ISOTONIC DRINKS,GROCERY,GROCERY,848,0.00338,0.047,0.159,2.23,829,1.02
CHEESE,TURKEY,GROCERY,MEAT,1234,0.00492,0.026,0.442,2.37,1209,1.02
CAKES,MILK BY-PRODUCTS,PASTRY,GROCERY,499,0.00199,0.113,0.025,1.44,488,1.02
DRY MIX DESSERTS,FLUID MILK PRODUCTS,GROCERY,GROCERY,3000,0.01195,0.551,0.043,2.00,2947,1.02
DRY BN/VEG/POTATO/RICE,VEGETABLES SALAD,GROCERY,PRODUCE,1559,0.00621,0.118,0.146,2.76,1525,1.02
FRZN VEGETABLE/VEG DSH,MISC. DAIRY,GROCERY,GROCERY,1037,0.00413,0.081,0.141,2.79,1015,1.02
BAKED SWEET GOODS,BATH TISSUES,GROCERY,GROCERY,2121,0.00845,0.114,0.156,2.09,2070,1.02
BEEF,EGGS,MEAT,GROCERY,9273,0.03695,0.253,0.333,2.28,9065,1.02
CANDY - CHECKLANE,DRY MIX DESSERTS,DRUG GM,GROCERY,648,0.00258,0.028,0.119,1.28,633,1.02
BAKED BREAD/BUNS/ROLLS,TROPICAL FRUIT,GROCERY,PRODUCE,16258,0.06478,0.270,0.501,2.09,15875,1.02
CONDIMENTS/SAUCES,SALAD MIX,GROCERY,PRODUCE,2885,0.01150,0.162,0.186,2.61,2829,1.02
CONDIMENTS/SAUCES,SALADS/DIPS,GROCERY,DELI,908,0.00362,0.051,0.151,2.12,888,1.02
APPLES,PREPARED FOOD,PRODUCE,DELI,321,0.00128,0.024,0.068,1.30,314,1.02
BAKED BREAD/BUNS/ROLLS,SOUP,GROCERY,GROCERY,12391,0.04937,0.206,0.526,2.19,12173,1.02
CHICKEN,YOGURT,MEAT,GROCERY,2661,0.01060,0.177,0.151,2.52,2610,1.02
CANDY - CHECKLANE,GREETING CARDS/WRAP/PARTY SPLY,DRUG GM,DRUG GM,756,0.00301,0.033,0.100,1.08,741,1.02
BERRIES,BREAKFAST SWEETS,PRODUCE,PASTRY,480,0.00191,0.053,0.059,1.62,469,1.02
APPLES,ROLLS,PRODUCE,PASTRY,567,0.00226,0.043,0.112,2.12,556,1.02
CONDIMENTS/SAUCES,TURKEY,GROCERY,MEAT,515,0.00205,0.029,0.185,2.59,505,1.02
DRY BN/VEG/POTATO/RICE,EGGS,GROCERY,GROCERY,3932,0.01567,0.297,0.141,2.67,3855,1.02
DRIED FRUIT,WATER - CARBONATED/FLVRD DRINK,NUTRITION,GROCERY,450,0.00179,0.149,0.025,2.09,443,1.02
FRZN VEGETABLE/VEG DSH,PAPER TOWELS,GROCERY,GROCERY,1330,0.00530,0.104,0.131,2.58,1303,1.02
COFFEE,DRY NOODLES/PASTA,GROCERY,GROCERY,1611,0.00642,0.141,0.115,2.52,1582,1.02
APPLES,SEAFOOD - FROZEN,PRODUCE,SEAFOOD-PCKGD,1052,0.00419,0.080,0.140,2.66,1036,1.02
APPLES,SHAVING CARE PRODUCTS,PRODUCE,DRUG GM,389,0.00155,0.029,0.118,2.25,382,1.02
MILK BY-PRODUCTS,SEAFOOD - SHELF STABLE,GROCERY,GROCERY,1756,0.00700,0.089,0.223,2.84,1716,1.02
MILK BY-PRODUCTS,SEAFOOD-FRESH,GROCERY,SEAFOOD,652,0.00260,0.033,0.178,2.26,638,1.02
CANDY - CHECKLANE,SALAD BAR,DRUG GM,SALAD BAR,758,0.00302,0.033,0.090,0.97,746,1.02
BAKED BREAD/BUNS/ROLLS,PASTA SAUCE,GROCERY,GROCERY,6648,0.02649,0.110,0.567,2.36,6520,1.02
MISC. DAIRY,SUGARS/SWEETNERS,GROCERY,GROCERY,802,0.00320,0.109,0.078,2.67,788,1.02
CONVENIENT BRKFST/WHLSM SNACKS,GREETING CARDS/WRAP/PARTY SPLY,GROCERY,DRUG GM,685,0.00273,0.049,0.090,1.62,675,1.02
BEERS/ALES,DISHWASH DETERGENTS,GROCERY,GROCERY,547,0.00218,0.035,0.088,1.42,539,1.02
FROZEN PIZZA,YOGURT,GROCERY,GROCERY,3680,0.01466,0.159,0.209,2.27,3607,1.02
MISC. DAIRY,VEGETABLES - ALL OTHERS,GROCERY,PRODUCE,1321,0.00526,0.180,0.081,2.76,1301,1.02
MISCELLANEOUS,PASTA SAUCE,MEAT-PCKGD,GROCERY,321,0.00128,0.146,0.027,3.12,314,1.02
CHEESE,FRZN VEGETABLE/VEG DSH,GROCERY,GROCERY,5650,0.02251,0.121,0.444,2.38,5541,1.02
DOG FOODS,POTATOES,GROCERY,PRODUCE,895,0.00357,0.126,0.059,2.07,875,1.02
AIR CARE,SALD DRSNG/SNDWCH SPRD,GROCERY,GROCERY,610,0.00243,0.160,0.036,2.40,599,1.02
BAKED BREAD/BUNS/ROLLS,FROZEN PIZZA,GROCERY,GROCERY,10880,0.04335,0.181,0.470,1.96,10662,1.02
MOLASSES/SYRUP/PANCAKE MIXS,POTATOES,GROCERY,PRODUCE,826,0.00329,0.183,0.054,3.01,810,1.02
CANDY - PACKAGED,COFFEE,DRUG GM,GROCERY,1591,0.00634,0.074,0.139,1.62,1563,1.02
COFFEE,PASTA SAUCE,GROCERY,GROCERY,1385,0.00552,0.121,0.118,2.59,1361,1.02
CANDY - PACKAGED,FD WRAPS/BAGS/TRSH BG,DRUG GM,GROCERY,1630,0.00650,0.076,0.145,1.69,1602,1.02
CHEESE,DRY MIX DESSERTS,GROCERY,GROCERY,2468,0.00983,0.053,0.453,2.43,2408,1.02
CHEESE,DRY BN/VEG/POTATO/RICE,GROCERY,GROCERY,6320,0.02518,0.135,0.477,2.55,6194,1.02
FRZN VEGETABLE/VEG DSH,ROLLS,GROCERY,PASTRY,534,0.00213,0.042,0.105,2.07,522,1.02
CONVENIENT BRKFST/WHLSM SNACKS,SALAD MIX,GROCERY,PRODUCE,2416,0.00963,0.173,0.156,2.79,2359,1.02
DISHWASH DETERGENTS,FROZEN BREAD/DOUGH,GROCERY,GROCERY,473,0.00188,0.076,0.066,2.65,465,1.02
CANDY - PACKAGED,HOT CEREAL,DRUG GM,GROCERY,864,0.00344,0.040,0.154,1.80,844,1.02
DINNER SAUSAGE,MUSHROOMS,MEAT-PCKGD,PRODUCE,507,0.00202,0.051,0.107,2.72,497,1.02
CHEESE,DELI MEATS,GROCERY,DELI,7201,0.02869,0.154,0.421,2.25,7083,1.02
CANDY - PACKAGED,REFRGRATD DOUGH PRODUCTS,DRUG GM,GROCERY,2110,0.00841,0.098,0.149,1.74,2060,1.02
OLIVES,TROPICAL FRUIT,GROCERY,PRODUCE,912,0.00363,0.345,0.028,2.67,893,1.02
BAKED BREAD/BUNS/ROLLS,BATH TISSUES,GROCERY,GROCERY,6573,0.02619,0.109,0.483,2.01,6455,1.02
CANDY - PACKAGED,SOAP - LIQUID & BAR,DRUG GM,DRUG GM,838,0.00334,0.039,0.143,1.67,820,1.02
ORAL HYGIENE PRODUCTS,PNT BTR/JELLY/JAMS,DRUG GM,GROCERY,746,0.00297,0.096,0.072,2.32,732,1.02
COOKIES,DELI MEATS,PASTRY,DELI,452,0.00180,0.122,0.026,1.80,442,1.02
PROCESSED,WATER - CARBONATED/FLVRD DRINK,PRODUCE,GROCERY,677,0.00270,0.144,0.038,2.02,665,1.02
ORAL HYGIENE PRODUCTS,TROPICAL FRUIT,DRUG GM,PRODUCE,2110,0.00841,0.271,0.065,2.09,2059,1.02
DINNER MXS:DRY,PAPER TOWELS,GROCERY,GROCERY,1581,0.00630,0.119,0.155,2.93,1544,1.02
CANNED JUICES,EGGS,GROCERY,GROCERY,5153,0.02053,0.256,0.185,2.30,5051,1.02
BABY HBC,COLD CEREAL,DRUG GM,GROCERY,818,0.00326,0.206,0.033,2.05,803,1.02
ORGANICS FRUIT & VEGETABLES,SALAD MIX,PRODUCE,PRODUCE,878,0.00350,0.166,0.057,2.69,864,1.02
PROCESSED,SOUP,PRODUCE,GROCERY,1201,0.00479,0.256,0.051,2.72,1179,1.02
PROCESSED,SEAFOOD - SHELF STABLE,PRODUCE,GROCERY,449,0.00179,0.096,0.057,3.04,441,1.02
BAG SNACKS,MISC. DAIRY,GROCERY,GROCERY,2685,0.01070,0.064,0.366,2.19,2621,1.02
COOKIES/CONES,DINNER SAUSAGE,GROCERY,MEAT-PCKGD,1616,0.00644,0.094,0.164,2.40,1586,1.02
COOKIES/CONES,DOG FOODS,GROCERY,GROCERY,923,0.00368,0.054,0.130,1.91,905,1.02
PREPARED FOOD,SOFT DRINKS,DELI,GROCERY,1414,0.00563,0.300,0.020,1.05,1380,1.02
DIAPERS & DISPOSABLES,TROPICAL FRUIT,DRUG GM,PRODUCE,944,0.00376,0.207,0.029,1.60,929,1.02
COOKIES/CONES,FACIAL TISS/DNR NAPKIN,GROCERY,GROCERY,1154,0.00460,0.067,0.168,2.47,1132,1.02
DIAPERS & DISPOSABLES,PNT BTR/JELLY/JAMS,DRUG GM,GROCERY,332,0.00132,0.073,0.032,1.76,324,1.02
PAPER TOWELS,PASTA SAUCE,GROCERY,GROCERY,1362,0.00543,0.134,0.116,2.87,1338,1.02
PREPARED FOOD,REFRGRATD JUICES/DRNKS,DELI,GROCERY,586,0.00234,0.124,0.023,1.21,573,1.02
FRZN BREAKFAST FOODS,PORK,GROCERY,MEAT,1014,0.00404,0.139,0.082,2.82,996,1.02
CANNED JUICES,REFRGRATD DOUGH PRODUCTS,GROCERY,GROCERY,2756,0.01098,0.137,0.195,2.43,2691,1.02
FRZN VEGETABLE/VEG DSH,TROPICAL FRUIT,GROCERY,PRODUCE,3962,0.01579,0.311,0.122,2.40,3891,1.02
CANNED JUICES,ROLLS,GROCERY,PASTRY,792,0.00316,0.039,0.156,1.94,777,1.02
CANNED JUICES,SOAP - LIQUID & BAR,GROCERY,DRUG GM,1069,0.00426,0.053,0.182,2.27,1050,1.02
BABY HBC,PASTA SAUCE,DRUG GM,GROCERY,424,0.00169,0.107,0.036,2.28,416,1.02
PAPER TOWELS,SUGARS/SWEETNERS,GROCERY,GROCERY,1034,0.00412,0.102,0.101,2.48,1013,1.02
COOKIES/CONES,MAGAZINE,GROCERY,DRUG GM,791,0.00315,0.046,0.109,1.61,776,1.02
VALUE ADDED VEGETABLES,WATER - CARBONATED/FLVRD DRINK,PRODUCE,GROCERY,305,0.00122,0.145,0.017,2.03,298,1.02
DEODORANTS,SALAD MIX,DRUG GM,PRODUCE,572,0.00228,0.135,0.037,2.18,563,1.02
COOKIES/CONES,MISCELLANEOUS,GROCERY,MEAT-PCKGD,388,0.00155,0.023,0.176,2.59,380,1.02
PASTA SAUCE,POTATOES,GROCERY,PRODUCE,2140,0.00853,0.183,0.140,3.00,2105,1.02
CANNED MILK,CRACKERS/MISC BKD FD,GROCERY,GROCERY,389,0.00155,0.215,0.017,2.37,380,1.02
POTATOES,PWDR/CRYSTL DRNK MX,PRODUCE,GROCERY,914,0.00364,0.060,0.172,2.82,897,1.02
CARROTS,CHEESES,PRODUCE,DELI,1069,0.00426,0.127,0.094,2.82,1049,1.02
PASTA SAUCE,WAREHOUSE SNACKS,GROCERY,GROCERY,745,0.00297,0.064,0.114,2.44,732,1.02
PASTA SAUCE,YOGURT,GROCERY,GROCERY,2359,0.00940,0.201,0.134,2.87,2305,1.02
DELI MEATS,SHAVING CARE PRODUCTS,DELI,DRUG GM,465,0.00185,0.027,0.142,2.08,455,1.02
BAG SNACKS,COLD CEREAL,GROCERY,GROCERY,8595,0.03425,0.205,0.342,2.05,8448,1.02
CARROTS,FROZEN PIE/DESSERTS,PRODUCE,GROCERY,527,0.00210,0.063,0.082,2.45,516,1.02
DELI MEATS,FLUID MILK PRODUCTS,DELI,GROCERY,9028,0.03597,0.528,0.130,1.91,8820,1.02
BACON,CIGARETTES,MEAT-PCKGD,DRUG GM,502,0.00200,0.046,0.046,1.06,491,1.02
CIGARETTES,REFRGRATD DOUGH PRODUCTS,DRUG GM,GROCERY,651,0.00259,0.060,0.046,1.06,636,1.02
PORK,REFRGRATD JUICES/DRNKS,MEAT,GROCERY,2876,0.01146,0.232,0.111,2.25,2819,1.02
BACON,SOUP,MEAT-PCKGD,GROCERY,2835,0.01130,0.261,0.120,2.78,2767,1.02
BACON,COOKIES/CONES,MEAT-PCKGD,GROCERY,1892,0.00754,0.174,0.111,2.56,1857,1.02
BACON,CRACKERS/MISC BKD FD,MEAT-PCKGD,GROCERY,2709,0.01079,0.249,0.119,2.76,2661,1.02
PAPER TOWELS,TEAS,GROCERY,GROCERY,368,0.00147,0.036,0.106,2.60,365,1.01
HOUSEHOLD CLEANG NEEDS,SEAFOOD - SHELF STABLE,GROCERY,GROCERY,642,0.00256,0.087,0.081,2.77,635,1.01
PET CARE SUPPLIES,VEGETABLES - SHELF STABLE,GROCERY,GROCERY,498,0.00198,0.198,0.022,2.21,495,1.01
HOT DOGS,SALADS/DIPS,MEAT-PCKGD,DELI,555,0.00221,0.051,0.092,2.12,548,1.01
DOG FOODS,SEAFOOD - SHELF STABLE,GROCERY,GROCERY,487,0.00194,0.069,0.062,2.18,483,1.01
COOKIES/CONES,MARGARINES,GROCERY,GROCERY,2245,0.00895,0.131,0.166,2.43,2218,1.01
CIGARETTES,FROZEN BREAD/DOUGH,DRUG GM,GROCERY,325,0.00130,0.030,0.045,1.04,323,1.01
FROZEN PIZZA,WATER - CARBONATED/FLVRD DRINK,GROCERY,GROCERY,2903,0.01157,0.125,0.162,1.75,2880,1.01
DOG FOODS,REFRGRATD DOUGH PRODUCTS,GROCERY,GROCERY,790,0.00315,0.111,0.056,1.98,786,1.01
CONDIMENTS/SAUCES,CONVENIENT BRKFST/WHLSM SNACKS,GROCERY,GROCERY,2755,0.01098,0.154,0.197,2.77,2717,1.01
COOKIES/CONES,MELONS,GROCERY,PRODUCE,696,0.00277,0.041,0.161,2.36,686,1.01
CHEESE,FRZN FRUITS,GROCERY,GROCERY,459,0.00183,0.010,0.418,2.24,455,1.01
MISCELLANEOUS,REFRGRATD DOUGH PRODUCTS,MEAT-PCKGD,GROCERY,338,0.00135,0.153,0.024,2.73,335,1.01
CHEESE,FRZN BREAKFAST FOODS,GROCERY,GROCERY,3342,0.01332,0.071,0.458,2.45,3312,1.01
BAKED BREAD/BUNS/ROLLS,GRAPES,GROCERY,PRODUCE,5330,0.02124,0.088,0.527,2.20,5276,1.01
MISCELLANEOUS,SOFT DRINKS,MEAT-PCKGD,GROCERY,978,0.00390,0.444,0.014,1.56,972,1.01
CHEESE,FROZEN PIE/DESSERTS,GROCERY,GROCERY,2500,0.00996,0.053,0.389,2.08,2475,1.01
DOG FOODS,MISC. DAIRY,GROCERY,GROCERY,436,0.00174,0.061,0.059,2.10,431,1.01
SEAFOOD - SHELF STABLE,SOAP - LIQUID & BAR,GROCERY,DRUG GM,496,0.00198,0.063,0.085,2.69,493,1.01
BREAKFAST SWEETS,FROZEN MEAT,PASTRY,MEAT-PCKGD,436,0.00174,0.053,0.053,1.64,433,1.01
APPLES,CHICKEN,PRODUCE,MEAT,2071,0.00825,0.157,0.138,2.62,2053,1.01
BROCCOLI/CAULIFLOWER,ORAL HYGIENE PRODUCTS,PRODUCE,DRUG GM,333,0.00133,0.075,0.043,2.40,331,1.01
BACON,DISHWASH DETERGENTS,MEAT-PCKGD,GROCERY,710,0.00283,0.065,0.114,2.63,703,1.01
COFFEE,FRUIT - SHELF STABLE,GROCERY,GROCERY,1567,0.00624,0.137,0.118,2.58,1549,1.01
FRZN VEGETABLE/VEG DSH,HOUSEHOLD CLEANG NEEDS,GROCERY,GROCERY,912,0.00363,0.072,0.124,2.43,907,1.01
CARROTS,FACIAL TISS/DNR NAPKIN,PRODUCE,GROCERY,657,0.00262,0.078,0.096,2.86,654,1.01
CRACKERS/MISC BKD FD,SHORTENING/OIL,GROCERY,GROCERY,2014,0.00803,0.089,0.244,2.70,1987,1.01
MISCELLANEOUS,WATER - CARBONATED/FLVRD DRINK,MEAT-PCKGD,GROCERY,319,0.00127,0.145,0.018,2.02,317,1.01
BROCCOLI/CAULIFLOWER,SEAFOOD - SHELF STABLE,PRODUCE,GROCERY,458,0.00182,0.102,0.058,3.26,452,1.01
CHEESE,COLD CEREAL,GROCERY,GROCERY,10852,0.04324,0.232,0.432,2.31,10766,1.01
CANDY - PACKAGED,CANNED JUICES,DRUG GM,GROCERY,2830,0.01128,0.132,0.140,1.64,2809,1.01
CARROTS,SMOKED MEATS,PRODUCE,MEAT,357,0.00142,0.043,0.091,2.72,352,1.01
CRACKERS/MISC BKD FD,SALAD BAR,GROCERY,SALAD BAR,884,0.00352,0.039,0.105,1.16,879,1.01
FRZN BREAKFAST FOODS,ORAL HYGIENE PRODUCTS,GROCERY,DRUG GM,524,0.00209,0.072,0.067,2.31,519,1.01
CRACKERS/MISC BKD FD,POTATOES,GROCERY,PRODUCE,3719,0.01482,0.164,0.243,2.69,3679,1.01
BROCCOLI/CAULIFLOWER,SOUP,PRODUCE,GROCERY,1209,0.00482,0.271,0.051,2.88,1198,1.01
DRY SAUCES/GRAVY,LUNCHMEAT,GROCERY,MEAT-PCKGD,1505,0.00600,0.232,0.064,2.46,1489,1.01
PIES,TROPICAL FRUIT,PASTRY,PRODUCE,636,0.00253,0.229,0.020,1.77,632,1.01
CRACKERS/MISC BKD FD,PLASTIC HOUSEWARES,GROCERY,DRUG GM,479,0.00191,0.021,0.219,2.42,475,1.01
BACON,PNT BTR/JELLY/JAMS,MEAT-PCKGD,GROCERY,1275,0.00508,0.117,0.123,2.84,1258,1.01
FRZN POTATOES,HOT CEREAL,GROCERY,GROCERY,486,0.00194,0.060,0.087,2.68,482,1.01
BREAKFAST SAUSAGE/SANDWICHES,PICKLE/RELISH/PKLD VEG,MEAT-PCKGD,GROCERY,771,0.00307,0.070,0.125,2.86,762,1.01
CRACKERS/MISC BKD FD,PAPER TOWELS,GROCERY,GROCERY,2367,0.00943,0.104,0.233,2.57,2345,1.01
COFFEE,DRY BN/VEG/POTATO/RICE,GROCERY,GROCERY,1520,0.00606,0.133,0.115,2.51,1509,1.01
CANNED JUICES,PEARS,GROCERY,PRODUCE,408,0.00163,0.020,0.206,2.57,405,1.01
CRACKERS/MISC BKD FD,ONIONS,GROCERY,PRODUCE,3692,0.01471,0.163,0.237,2.62,3659,1.01
BACON,HISPANIC,MEAT-PCKGD,GROCERY,1685,0.00671,0.155,0.118,2.73,1676,1.01
BREAKFAST SAUSAGE/SANDWICHES,POPCORN,MEAT-PCKGD,PRODUCE,444,0.00177,0.040,0.113,2.58,441,1.01
COCOA MIXES,SEAFOOD - FROZEN,GROCERY,SEAFOOD-PCKGD,313,0.00125,0.082,0.042,2.73,310,1.01
CONVENIENT BRKFST/WHLSM SNACKS,PEARS,GROCERY,PRODUCE,330,0.00131,0.024,0.167,3.00,325,1.01
DIETARY AID PRODUCTS,SOUP,DRUG GM,GROCERY,365,0.00145,0.205,0.015,2.18,361,1.01
COOKIES,LUNCHMEAT,PASTRY,MEAT-PCKGD,601,0.00239,0.163,0.025,1.72,597,1.01
BROOMS AND MOPS,CHEESES,DRUG GM,DELI,330,0.00131,0.109,0.029,2.41,326,1.01
CORN,YOGURT,PRODUCE,GROCERY,460,0.00183,0.168,0.026,2.40,457,1.01
BREAKFAST SWEETS,FRZN NOVELTIES/WTR ICE,PASTRY,GROCERY,486,0.00194,0.060,0.047,1.45,481,1.01
CRACKERS/MISC BKD FD,DEODORANTS,GROCERY,DRUG GM,842,0.00336,0.037,0.198,2.19,830,1.01
LUNCHMEAT,SALAD MIX,MEAT-PCKGD,PRODUCE,3464,0.01380,0.146,0.223,2.36,3416,1.01
CAT FOOD,PORK,GROCERY,MEAT,628,0.00250,0.096,0.051,1.94,619,1.01
CANNED JUICES,ELECTRICAL SUPPPLIES,GROCERY,DRUG GM,447,0.00178,0.022,0.169,2.10,443,1.01
PLASTIC HOUSEWARES,YOGURT,DRUG GM,GROCERY,364,0.00145,0.167,0.021,2.38,361,1.01
FRZN NOVELTIES/WTR ICE,MARGARINES,GROCERY,GROCERY,1206,0.00481,0.117,0.089,2.16,1195,1.01
DRY SAUCES/GRAVY,EGGS,GROCERY,GROCERY,1863,0.00742,0.287,0.067,2.59,1839,1.01
COLD CEREAL,DELI MEATS,GROCERY,DELI,4073,0.01623,0.162,0.238,2.38,4047,1.01
CRACKERS/MISC BKD FD,HAND/BODY/FACIAL PRODUCTS,GROCERY,DRUG GM,585,0.00233,0.026,0.206,2.27,580,1.01
COFFEE,FROZEN BREAD/DOUGH,GROCERY,GROCERY,790,0.00315,0.069,0.110,2.41,785,1.01
ICE CREAM/MILK/SHERBTS,TEAS,GROCERY,GROCERY,527,0.00210,0.026,0.151,1.89,520,1.01
ICE CREAM/MILK/SHERBTS,TROPICAL FRUIT,GROCERY,PRODUCE,4644,0.01850,0.232,0.143,1.79,4584,1.01
BAG SNACKS,LIQUOR,GROCERY,SPIRITS,474,0.00189,0.011,0.206,1.23,468,1.01
PNT BTR/JELLY/JAMS,PROCESSED,GROCERY,PRODUCE,541,0.00216,0.052,0.115,2.79,536,1.01
BACON,MUSHROOMS,MEAT-PCKGD,PRODUCE,591,0.00235,0.054,0.125,2.88,585,1.01
VEGETABLES - SHELF STABLE,VEGETABLES SALAD,GROCERY,PRODUCE,2549,0.01016,0.113,0.238,2.64,2532,1.01
FROZEN PIZZA,SALD DRSNG/SNDWCH SPRD,GROCERY,GROCERY,3516,0.01401,0.152,0.210,2.28,3498,1.01
BAKED BREAD/BUNS/ROLLS,CRACKERS/MISC BKD FD,GROCERY,GROCERY,11791,0.04698,0.196,0.519,2.16,11719,1.01
GRAPES,MAGAZINE,PRODUCE,DRUG GM,484,0.00193,0.048,0.067,1.66,481,1.01
CHEESES,LAUNDRY ADDITIVES,DELI,GROCERY,499,0.00199,0.044,0.112,2.49,494,1.01
BEEF,MOLASSES/SYRUP/PANCAKE MIXS,MEAT,GROCERY,1690,0.00673,0.046,0.375,2.56,1676,1.01
BAKED SWEET GOODS,PORK,GROCERY,MEAT,2118,0.00844,0.113,0.171,2.30,2094,1.01
BEERS/ALES,BUTTER,GROCERY,GROCERY,447,0.00178,0.029,0.090,1.46,443,1.01
CANNED JUICES,PLASTIC HOUSEWARES,GROCERY,DRUG GM,394,0.00157,0.020,0.180,2.24,391,1.01
BAKING NEEDS,CHICKEN,GROCERY,MEAT,1443,0.00575,0.139,0.096,2.32,1435,1.01
FRZN NOVELTIES/WTR ICE,PASTA SAUCE,GROCERY,GROCERY,1135,0.00452,0.110,0.097,2.35,1125,1.01
GRAPES,MOLASSES/SYRUP/PANCAKE MIXS,PRODUCE,GROCERY,530,0.00211,0.052,0.117,2.92,525,1.01
COOKIES/CONES,SALAD BAR,GROCERY,SALAD BAR,658,0.00262,0.038,0.078,1.15,652,1.01
GRAPES,OLIVES,PRODUCE,GROCERY,313,0.00125,0.031,0.119,2.94,310,1.01
APPLES,HAIR CARE PRODUCTS,PRODUCE,DRUG GM,948,0.00378,0.072,0.120,2.27,941,1.01
BERRIES,FRZN BREAKFAST FOODS,PRODUCE,GROCERY,710,0.00283,0.078,0.097,2.68,706,1.01
FROZEN PIZZA,HOT CEREAL,GROCERY,GROCERY,1230,0.00490,0.053,0.220,2.38,1217,1.01
BEERS/ALES,BREAKFAST SAUSAGE/SANDWICHES,GROCERY,MEAT-PCKGD,979,0.00390,0.063,0.089,1.44,973,1.01
BEERS/ALES,BREAD,GROCERY,PASTRY,665,0.00265,0.043,0.084,1.35,657,1.01
COOKIES/CONES,PREPARED FOOD,GROCERY,DELI,394,0.00157,0.023,0.084,1.23,391,1.01
BEEF,BEERS/ALES,MEAT,GROCERY,3159,0.01259,0.086,0.204,1.39,3137,1.01
BUTTER,LAUNDRY DETERGENTS,GROCERY,GROCERY,414,0.00165,0.084,0.049,2.48,411,1.01
BAKED SWEET GOODS,HOT CEREAL,GROCERY,GROCERY,973,0.00388,0.052,0.174,2.33,966,1.01
ANALGESICS,COOKIES/CONES,DRUG GM,GROCERY,455,0.00181,0.107,0.027,1.57,450,1.01
FACIAL TISS/DNR NAPKIN,GRAPES,GROCERY,PRODUCE,732,0.00292,0.107,0.072,2.65,726,1.01
IMPORTED WINE,TROPICAL FRUIT,GROCERY,PRODUCE,382,0.00152,0.221,0.012,1.71,380,1.01
ORAL HYGIENE PRODUCTS,REFRGRATD JUICES/DRNKS,DRUG GM,GROCERY,1539,0.00613,0.197,0.059,1.91,1520,1.01
BREAKFAST SAUSAGE/SANDWICHES,COLD CEREAL,MEAT-PCKGD,GROCERY,2803,0.01117,0.255,0.112,2.55,2784,1.01
CANDY - PACKAGED,FRZN BREAKFAST FOODS,DRUG GM,GROCERY,1109,0.00442,0.052,0.152,1.77,1101,1.01
BREAKFAST SAUSAGE/SANDWICHES,TURKEY,MEAT-PCKGD,MEAT,316,0.00126,0.029,0.113,2.59,314,1.01
FROZEN PIE/DESSERTS,ONIONS,GROCERY,PRODUCE,900,0.00359,0.140,0.058,2.26,893,1.01
BAKED SWEET GOODS,FROZEN PIE/DESSERTS,GROCERY,GROCERY,952,0.00379,0.051,0.148,1.99,942,1.01
BUTTER,VEGETABLES - SHELF STABLE,GROCERY,GROCERY,1276,0.00508,0.258,0.056,2.87,1259,1.01
GRAPES,STATIONERY & SCHOOL SUPPLIES,PRODUCE,DRUG GM,318,0.00127,0.031,0.069,1.70,313,1.01
BEANS - CANNED GLASS & MW,FD WRAPS/BAGS/TRSH BG,GROCERY,GROCERY,1158,0.00461,0.122,0.103,2.72,1143,1.01
BERRIES,SEAFOOD - FROZEN,PRODUCE,SEAFOOD-PCKGD,692,0.00276,0.076,0.092,2.54,685,1.01
BEEF,SUGARS/SWEETNERS,MEAT,GROCERY,3407,0.01358,0.093,0.331,2.27,3364,1.01
BEANS - CANNED GLASS & MW,DRY MIX DESSERTS,GROCERY,GROCERY,595,0.00237,0.063,0.109,2.89,587,1.01
MEAT - MISC,MILK BY-PRODUCTS,MEAT-PCKGD,GROCERY,1716,0.00684,0.204,0.087,2.60,1691,1.01
AIR CARE,CRACKERS/MISC BKD FD,GROCERY,GROCERY,819,0.00326,0.215,0.036,2.38,814,1.01
COFFEE,ONIONS,GROCERY,PRODUCE,1666,0.00664,0.145,0.107,2.34,1647,1.01
BEERS/ALES,HISPANIC,GROCERY,GROCERY,1270,0.00506,0.082,0.089,1.44,1257,1.01
MEAT - MISC,PEPPERS-ALL,MEAT-PCKGD,PRODUCE,781,0.00311,0.093,0.095,2.83,775,1.01
FRZN POTATOES,PNT BTR/JELLY/JAMS,GROCERY,GROCERY,893,0.00356,0.110,0.086,2.67,885,1.01
BAKED BREAD/BUNS/ROLLS,COCOA MIXES,GROCERY,GROCERY,2070,0.00825,0.034,0.542,2.26,2052,1.01
MEAT - MISC,PNT BTR/JELLY/JAMS,MEAT-PCKGD,GROCERY,972,0.00387,0.115,0.094,2.80,961,1.01
FROZEN MEAT,WATER - CARBONATED/FLVRD DRINK,MEAT-PCKGD,GROCERY,1198,0.00477,0.146,0.067,2.04,1188,1.01
SOUP,YOGURT,GROCERY,GROCERY,4265,0.01699,0.181,0.242,2.58,4210,1.01
FD WRAPS/BAGS/TRSH BG,HISPANIC,GROCERY,GROCERY,1614,0.00643,0.144,0.113,2.53,1598,1.01
PAPER HOUSEWARES,VEGETABLES - SHELF STABLE,GROCERY,GROCERY,1755,0.00699,0.228,0.078,2.54,1745,1.01
GREETING CARDS/WRAP/PARTY SPLY,YOGURT,DRUG GM,GROCERY,824,0.00328,0.109,0.047,1.55,813,1.01
HAIR CARE PRODUCTS,HEAT/SERVE,DRUG GM,MEAT-PCKGD,358,0.00143,0.045,0.068,2.15,356,1.01
FROZEN MEAT,SMOKED MEATS,MEAT-PCKGD,MEAT,336,0.00134,0.041,0.086,2.62,333,1.01
SALAD MIX,VEGETABLES - SHELF STABLE,PRODUCE,GROCERY,3813,0.01519,0.246,0.169,2.73,3782,1.01
APPLES,LAUNDRY ADDITIVES,PRODUCE,GROCERY,608,0.00242,0.046,0.137,2.60,604,1.01
CARROTS,PORK,PRODUCE,MEAT,1205,0.00480,0.143,0.097,2.91,1198,1.01
FRZN MEAT/MEAT DINNERS,MAGAZINE,GROCERY,DRUG GM,999,0.00398,0.044,0.138,1.53,984,1.01
ISOTONIC DRINKS,SALD DRSNG/SNDWCH SPRD,GROCERY,GROCERY,792,0.00316,0.148,0.047,2.22,782,1.01
FRZN MEAT/MEAT DINNERS,MARGARINES,GROCERY,GROCERY,2738,0.01091,0.120,0.202,2.23,2700,1.01
BEEF,SALD DRSNG/SNDWCH SPRD,MEAT,GROCERY,5760,0.02295,0.157,0.344,2.35,5724,1.01
HAIR CARE PRODUCTS,MISC. DAIRY,DRUG GM,GROCERY,544,0.00217,0.069,0.074,2.35,538,1.01
CONVENIENT BRKFST/WHLSM SNACKS,SALD DRSNG/SNDWCH SPRD,GROCERY,GROCERY,2578,0.01027,0.184,0.154,2.76,2564,1.01
HAIR CARE PRODUCTS,MOLASSES/SYRUP/PANCAKE MIXS,DRUG GM,GROCERY,349,0.00139,0.044,0.077,2.45,344,1.01
CHICKEN/POULTRY,FRZN VEGETABLE/VEG DSH,DELI,GROCERY,403,0.00161,0.069,0.032,1.35,397,1.01
DISHWASH DETERGENTS,FRUIT - SHELF STABLE,GROCERY,GROCERY,928,0.00370,0.149,0.070,2.81,920,1.01
POTATOES,PROCESSED,PRODUCE,PRODUCE,792,0.00316,0.052,0.169,2.77,781,1.01
MEAT - MISC,SALAD MIX,MEAT-PCKGD,PRODUCE,1390,0.00554,0.165,0.090,2.67,1377,1.01
SEAFOOD - SHELF STABLE,WAREHOUSE SNACKS,GROCERY,GROCERY,500,0.00199,0.063,0.076,2.43,496,1.01
COFFEE,POTATOES,GROCERY,PRODUCE,1672,0.00666,0.146,0.109,2.39,1650,1.01
CONDIMENTS/SAUCES,MILK BY-PRODUCTS,GROCERY,GROCERY,3516,0.01401,0.197,0.179,2.51,3477,1.01
DISHWASH DETERGENTS,EGGS,GROCERY,GROCERY,1651,0.00658,0.265,0.059,2.39,1627,1.01
COLD CEREAL,HAND/BODY/FACIAL PRODUCTS,GROCERY,DRUG GM,629,0.00251,0.025,0.221,2.21,626,1.01
CAKES,SOFT DRINKS,PASTRY,GROCERY,1453,0.00579,0.328,0.020,1.15,1436,1.01
CHEESE,SUGARS/SWEETNERS,GROCERY,GROCERY,4352,0.01734,0.093,0.423,2.27,4313,1.01
SALAD MIX,TURKEY,PRODUCE,MEAT,443,0.00177,0.029,0.159,2.57,440,1.01
SOUP,WAREHOUSE SNACKS,GROCERY,GROCERY,1369,0.00546,0.058,0.209,2.23,1350,1.01
BLEACH,PORK,GROCERY,MEAT,415,0.00165,0.117,0.034,2.37,410,1.01
BAKING MIXES,FRZN NOVELTIES/WTR ICE,GROCERY,GROCERY,969,0.00386,0.086,0.094,2.08,964,1.01
BABY FOODS,PASTA SAUCE,DRUG GM,GROCERY,406,0.00162,0.096,0.035,2.05,401,1.01
CANNED JUICES,FRZN JCE CONC/DRNKS,GROCERY,GROCERY,344,0.00137,0.017,0.181,2.26,341,1.01
BAKING MIXES,FROZEN MEAT,GROCERY,MEAT-PCKGD,986,0.00393,0.087,0.120,2.67,975,1.01
DRY BN/VEG/POTATO/RICE,VEGETABLES - ALL OTHERS,GROCERY,PRODUCE,2434,0.00970,0.184,0.149,2.82,2401,1.01
BEERS/ALES,CHEESE,GROCERY,GROCERY,4073,0.01623,0.263,0.087,1.41,4029,1.01
MEAT - MISC,VEGETABLES SALAD,MEAT-PCKGD,PRODUCE,936,0.00373,0.111,0.087,2.61,922,1.01
SALAD MIX,SOAP - LIQUID & BAR,PRODUCE,DRUG GM,875,0.00349,0.056,0.149,2.41,866,1.01
DINNER MXS:DRY,LAUNDRY ADDITIVES,GROCERY,GROCERY,676,0.00269,0.051,0.152,2.87,668,1.01
HAND/BODY/FACIAL PRODUCTS,SALAD MIX,DRUG GM,PRODUCE,398,0.00159,0.140,0.026,2.26,393,1.01
HAND/BODY/FACIAL PRODUCTS,TROPICAL FRUIT,DRUG GM,PRODUCE,775,0.00309,0.273,0.024,2.11,764,1.01
BAKING NEEDS,CHEESE,GROCERY,GROCERY,4248,0.01693,0.409,0.091,2.19,4188,1.01
EGGS,TROPICAL FRUIT,GROCERY,PRODUCE,8221,0.03276,0.295,0.253,2.28,8162,1.01
FRZN NOVELTIES/WTR ICE,SHORTENING/OIL,GROCERY,GROCERY,750,0.00299,0.072,0.091,2.20,743,1.01
BAKED SWEET GOODS,BERRIES,GROCERY,PRODUCE,1514,0.00603,0.081,0.166,2.23,1503,1.01
HEAT/SERVE,HOUSEHOLD CLEANG NEEDS,MEAT-PCKGD,GROCERY,371,0.00148,0.070,0.050,2.39,366,1.01
FROZEN BREAD/DOUGH,ORAL HYGIENE PRODUCTS,GROCERY,DRUG GM,513,0.00204,0.071,0.066,2.30,508,1.01
CEREAL/BREAKFAST,SOUP,NUTRITION,GROCERY,381,0.00152,0.261,0.016,2.78,378,1.01
CANDY - PACKAGED,PNT BTR/JELLY/JAMS,DRUG GM,GROCERY,1568,0.00625,0.073,0.151,1.77,1553,1.01
COFFEE,TROPICAL FRUIT,GROCERY,PRODUCE,3198,0.01274,0.279,0.099,2.16,3171,1.01
EGGS,TEAS,GROCERY,GROCERY,958,0.00382,0.034,0.275,2.47,953,1.01
HEAT/SERVE,PASTA SAUCE,MEAT-PCKGD,GROCERY,685,0.00273,0.130,0.058,2.78,681,1.01
CANDY - CHECKLANE,CHICKEN/POULTRY,DRUG GM,DELI,564,0.00225,0.024,0.096,1.04,556,1.01
FROZEN PIZZA,PNT BTR/JELLY/JAMS,GROCERY,GROCERY,2267,0.00903,0.098,0.219,2.37,2237,1.01
APPLES,DRY MIX DESSERTS,PRODUCE,GROCERY,785,0.00313,0.059,0.144,2.74,775,1.01
COFFEE,WAREHOUSE SNACKS,GROCERY,GROCERY,598,0.00238,0.052,0.091,2.00,593,1.01
FROZEN BREAD/DOUGH,HOUSEHOLD CLEANG NEEDS,GROCERY,GROCERY,546,0.00218,0.076,0.074,2.58,538,1.01
BAKED BREAD/BUNS/ROLLS,BREAKFAST SWEETS,GROCERY,PASTRY,2892,0.01152,0.048,0.355,1.48,2864,1.01
BATH TISSUES,PASTA SAUCE,GROCERY,GROCERY,1649,0.00657,0.121,0.141,2.59,1636,1.01
BREAKFAST SAUSAGE/SANDWICHES,WAREHOUSE SNACKS,MEAT-PCKGD,GROCERY,634,0.00253,0.058,0.097,2.22,629,1.01
BAKED SWEET GOODS,BAKING MIXES,GROCERY,GROCERY,1828,0.00728,0.098,0.162,2.18,1813,1.01
BREAD,FRZN VEGETABLE/VEG DSH,PASTRY,GROCERY,858,0.00342,0.108,0.067,2.13,850,1.01
BATH TISSUES,MEAT - SHELF STABLE,GROCERY,GROCERY,1862,0.00742,0.137,0.135,2.49,1849,1.01
BAKED BREAD/BUNS/ROLLS,WAREHOUSE SNACKS,GROCERY,GROCERY,2988,0.01191,0.050,0.457,1.90,2948,1.01
CARROTS,FD WRAPS/BAGS/TRSH BG,PRODUCE,GROCERY,1035,0.00412,0.123,0.092,2.75,1022,1.01
DINNER SAUSAGE,MILK BY-PRODUCTS,MEAT-PCKGD,GROCERY,1924,0.00767,0.195,0.098,2.49,1897,1.01
APPLES,MOLASSES/SYRUP/PANCAKE MIXS,PRODUCE,GROCERY,708,0.00282,0.054,0.157,2.98,703,1.01
BATH TISSUES,GREETING CARDS/WRAP/PARTY SPLY,GROCERY,DRUG GM,608,0.00242,0.045,0.080,1.48,599,1.01
FRZN VEGETABLE/VEG DSH,VEGETABLES SALAD,GROCERY,PRODUCE,1363,0.00543,0.107,0.127,2.51,1353,1.01
COOKIES/CONES,SEAFOOD - SHELF STABLE,GROCERY,GROCERY,1455,0.00580,0.085,0.184,2.71,1441,1.01
BATH TISSUES,FROZEN MEAT,GROCERY,MEAT-PCKGD,1112,0.00443,0.082,0.135,2.50,1099,1.01
CHEESE,COOKWARE & BAKEWARE,GROCERY,DRUG GM,401,0.00160,0.009,0.392,2.10,396,1.01
CEREAL/BREAKFAST,FRZN MEAT/MEAT DINNERS,NUTRITION,GROCERY,308,0.00123,0.211,0.014,2.33,306,1.01
AIR CARE,FRZN NOVELTIES/WTR ICE,GROCERY,GROCERY,313,0.00125,0.082,0.030,1.99,310,1.01
FLUID MILK PRODUCTS,PEARS,GROCERY,PRODUCE,1125,0.00448,0.016,0.569,2.06,1116,1.01
PEPPERS-ALL,SOUP,PRODUCE,GROCERY,2138,0.00852,0.260,0.091,2.77,2120,1.01
BEERS/ALES,ORAL HYGIENE PRODUCTS,GROCERY,DRUG GM,648,0.00258,0.042,0.083,1.35,640,1.01
BATH TISSUES,CRACKERS/MISC BKD FD,GROCERY,GROCERY,2924,0.01165,0.215,0.129,2.37,2885,1.01
HISPANIC,PLASTIC HOUSEWARES,GROCERY,DRUG GM,302,0.00120,0.021,0.138,2.43,299,1.01
DIAPERS & DISPOSABLES,MEAT - SHELF STABLE,DRUG GM,GROCERY,441,0.00176,0.096,0.032,1.76,439,1.01
HISPANIC,PORK,GROCERY,MEAT,1892,0.00754,0.133,0.153,2.69,1869,1.01
COLD AND FLU,FRZN MEAT/MEAT DINNERS,DRUG GM,GROCERY,581,0.00232,0.119,0.026,1.31,574,1.01
HISPANIC,POTATOES,GROCERY,PRODUCE,2329,0.00928,0.163,0.152,2.68,2317,1.01
FLUID MILK PRODUCTS,MILK BY-PRODUCTS,GROCERY,GROCERY,10526,0.04194,0.152,0.534,1.94,10400,1.01
FLUID MILK PRODUCTS,MEAT - SHELF STABLE,GROCERY,GROCERY,7767,0.03095,0.112,0.563,2.04,7680,1.01
SNACK NUTS,SPICES & EXTRACTS,GROCERY,GROCERY,419,0.00167,0.090,0.044,2.38,413,1.01
CRACKERS/MISC BKD FD,TROPICAL FRUIT,GROCERY,PRODUCE,7035,0.02803,0.310,0.217,2.40,6978,1.01
CAT LITTER,COLD CEREAL,GROCERY,GROCERY,630,0.00251,0.214,0.025,2.13,622,1.01
BATH TISSUES,CANDY - PACKAGED,GROCERY,DRUG GM,1893,0.00754,0.139,0.088,1.62,1871,1.01
COLD CEREAL,SALD DRSNG/SNDWCH SPRD,GROCERY,GROCERY,4283,0.01707,0.170,0.256,2.55,4235,1.01
SALAD MIX,SALADS/DIPS,PRODUCE,DELI,788,0.00314,0.051,0.131,2.12,779,1.01
CANDY - PACKAGED,ROLLS,DRUG GM,PASTRY,658,0.00262,0.031,0.129,1.51,650,1.01
BATH TISSUES,BEANS - CANNED GLASS & MW,GROCERY,GROCERY,1306,0.00520,0.096,0.138,2.53,1294,1.01
FLOUR & MEALS,FLUID MILK PRODUCTS,GROCERY,GROCERY,1652,0.00658,0.527,0.024,1.91,1636,1.01
BAKED BREAD/BUNS/ROLLS,TOMATOES,GROCERY,PRODUCE,7888,0.03143,0.131,0.517,2.15,7828,1.01
BAKED BREAD/BUNS/ROLLS,SWEET GOODS & SNACKS,GROCERY,PASTRY,642,0.00256,0.011,0.402,1.67,638,1.01
EGGS,SEAFOOD-FRESH,GROCERY,SEAFOOD,897,0.00357,0.032,0.244,2.20,886,1.01
CARROTS,EGGS,PRODUCE,GROCERY,2500,0.00996,0.298,0.090,2.68,2471,1.01
ONIONS,PLASTIC HOUSEWARES,PRODUCE,DRUG GM,329,0.00131,0.021,0.151,2.43,326,1.01
FLUID MILK PRODUCTS,FROZEN MEAT,GROCERY,MEAT-PCKGD,4617,0.01840,0.067,0.562,2.04,4569,1.01
MELONS,SALD DRSNG/SNDWCH SPRD,PRODUCE,GROCERY,726,0.00289,0.168,0.043,2.52,721,1.01
DINNER SAUSAGE,FLOUR & MEALS,MEAT-PCKGD,GROCERY,303,0.00121,0.031,0.097,2.46,301,1.01
FD WRAPS/BAGS/TRSH BG,YOGURT,GROCERY,GROCERY,1940,0.00773,0.173,0.110,2.46,1923,1.01
SPRING/SUMMER SEASONAL,VEGETABLES - SHELF STABLE,DRUG GM,GROCERY,346,0.00138,0.182,0.015,2.02,341,1.01
CONDIMENTS/SAUCES,SOFT DRINKS,GROCERY,GROCERY,7747,0.03087,0.434,0.108,1.52,7705,1.01
CHEESE,REFRGRATD JUICES/DRNKS,GROCERY,GROCERY,9907,0.03948,0.211,0.382,2.05,9767,1.01
COFFEE,MAGAZINE,GROCERY,DRUG GM,511,0.00204,0.045,0.071,1.55,507,1.01
BAKING MIXES,CHICKEN,GROCERY,MEAT,1659,0.00661,0.147,0.110,2.45,1642,1.01
BABY HBC,CRACKERS/MISC BKD FD,DRUG GM,GROCERY,748,0.00298,0.188,0.033,2.08,741,1.01
DINNER MXS:DRY,FROZEN PIE/DESSERTS,GROCERY,GROCERY,841,0.00335,0.063,0.131,2.47,833,1.01
BAKED BREAD/BUNS/ROLLS,SOFT DRINKS,GROCERY,GROCERY,24471,0.09751,0.406,0.342,1.42,24176,1.01
CANDY - CHECKLANE,LAUNDRY ADDITIVES,DRUG GM,GROCERY,514,0.00205,0.022,0.116,1.25,511,1.01
DRY BN/VEG/POTATO/RICE,FD WRAPS/BAGS/TRSH BG,GROCERY,GROCERY,1618,0.00645,0.122,0.144,2.73,1605,1.01
BAG SNACKS,HEAT/SERVE,GROCERY,MEAT-PCKGD,1772,0.00706,0.042,0.336,2.01,1760,1.01
CHICKEN/POULTRY,ICE CREAM/MILK/SHERBTS,DELI,GROCERY,559,0.00223,0.095,0.028,1.19,554,1.01
LAUNDRY DETERGENTS,MEAT - SHELF STABLE,GROCERY,GROCERY,1181,0.00471,0.140,0.086,2.54,1175,1.01
BERRIES,CANNED JUICES,PRODUCE,GROCERY,1747,0.00696,0.192,0.087,2.39,1727,1.01
COOKIES/CONES,HAIR CARE PRODUCTS,GROCERY,DRUG GM,1131,0.00451,0.066,0.143,2.09,1115,1.01
DIAPERS & DISPOSABLES,HISPANIC,DRUG GM,GROCERY,441,0.00176,0.096,0.031,1.70,436,1.01
FD WRAPS/BAGS/TRSH BG,FRZN VEGETABLE/VEG DSH,GROCERY,GROCERY,1425,0.00568,0.127,0.112,2.50,1409,1.01
CONDIMENTS/SAUCES,VEGETABLES SALAD,GROCERY,PRODUCE,1908,0.00760,0.107,0.178,2.50,1897,1.01
MILK BY-PRODUCTS,PAPER HOUSEWARES,GROCERY,GROCERY,1412,0.00563,0.072,0.184,2.34,1402,1.01
CANNED JUICES,SALD DRSNG/SNDWCH SPRD,GROCERY,GROCERY,3244,0.01293,0.161,0.194,2.41,3220,1.01
COOKIES,FRZN MEAT/MEAT DINNERS,PASTRY,GROCERY,552,0.00220,0.150,0.024,1.65,547,1.01
MILK BY-PRODUCTS,PIES,GROCERY,PASTRY,395,0.00157,0.020,0.142,1.81,393,1.01
BAKING NEEDS,SALD DRSNG/SNDWCH SPRD,GROCERY,GROCERY,1660,0.00661,0.160,0.099,2.39,1638,1.01
BAG SNACKS,SEAFOOD - MISC,GROCERY,SEAFOOD-PCKGD,367,0.00146,0.009,0.323,1.93,364,1.01
COOKIES/CONES,REFRGRATD JUICES/DRNKS,GROCERY,GROCERY,3659,0.01458,0.214,0.141,2.07,3609,1.01
PAPER TOWELS,STONE FRUIT,GROCERY,PRODUCE,531,0.00212,0.052,0.097,2.39,525,1.01
DRIED FRUIT,PAPER TOWELS,NUTRITION,GROCERY,338,0.00135,0.112,0.033,2.77,335,1.01
CAT LITTER,SOUP,GROCERY,GROCERY,602,0.00240,0.204,0.026,2.17,598,1.01
COLD CEREAL,FLOUR & MEALS,GROCERY,GROCERY,774,0.00308,0.031,0.247,2.47,766,1.01
MILK BY-PRODUCTS,SMOKED MEATS,GROCERY,MEAT,740,0.00295,0.038,0.189,2.41,734,1.01
BEERS/ALES,SOFT DRINKS,GROCERY,GROCERY,5130,0.02044,0.331,0.072,1.16,5080,1.01
BAKED BREAD/BUNS/ROLLS,PORK,GROCERY,MEAT,6519,0.02598,0.108,0.527,2.19,6485,1.01
APPLES,FLOUR & MEALS,PRODUCE,GROCERY,427,0.00170,0.032,0.136,2.59,425,1.01
CHEESE,MOLASSES/SYRUP/PANCAKE MIXS,GROCERY,GROCERY,2169,0.00864,0.046,0.481,2.58,2145,1.01
BAG SNACKS,MISC WINE,GROCERY,GROCERY,325,0.00130,0.008,0.253,1.51,321,1.01
DOMESTIC WINE,TOMATOES,GROCERY,PRODUCE,441,0.00176,0.097,0.029,1.60,436,1.01
MILK BY-PRODUCTS,TURKEY,GROCERY,MEAT,546,0.00218,0.028,0.196,2.49,541,1.01
COLD CEREAL,TOYS AND GAMES,GROCERY,DRUG GM,354,0.00141,0.014,0.186,1.86,351,1.01
BAKED BREAD/BUNS/ROLLS,PIES,GROCERY,PASTRY,1115,0.00444,0.019,0.402,1.67,1107,1.01
CHICKEN/POULTRY,CITRUS,DELI,PRODUCE,316,0.00126,0.054,0.031,1.34,313,1.01
LAUNDRY DETERGENTS,SHORTENING/OIL,GROCERY,GROCERY,684,0.00273,0.081,0.083,2.46,679,1.01
MISC WINE,SOFT DRINKS,GROCERY,GROCERY,462,0.00184,0.359,0.006,1.26,459,1.01
BAKED BREAD/BUNS/ROLLS,PAPER TOWELS,GROCERY,GROCERY,5219,0.02080,0.087,0.513,2.14,5178,1.01
BAKED BREAD/BUNS/ROLLS,PAPER HOUSEWARES,GROCERY,GROCERY,3773,0.01503,0.063,0.491,2.04,3730,1.01
MISC. DAIRY,ORAL HYGIENE PRODUCTS,GROCERY,DRUG GM,536,0.00214,0.073,0.069,2.35,529,1.01
COLD CEREAL,DIAPERS & DISPOSABLES,GROCERY,DRUG GM,756,0.00301,0.030,0.165,1.65,751,1.01
COLD CEREAL,VALUE ADDED FRUIT,GROCERY,PRODUCE,1369,0.00546,0.054,0.234,2.34,1357,1.01
FACIAL TISS/DNR NAPKIN,VEGETABLES - SHELF STABLE,GROCERY,GROCERY,1704,0.00679,0.249,0.075,2.76,1690,1.01
DOG FOODS,WATER - CARBONATED/FLVRD DRINK,GROCERY,GROCERY,802,0.00320,0.113,0.045,1.58,796,1.01
DOG FOODS,VEGETABLES - SHELF STABLE,GROCERY,GROCERY,1334,0.00532,0.188,0.059,2.08,1319,1.01
REFRGRATD JUICES/DRNKS,WATER - CARBONATED/FLVRD DRINK,GROCERY,GROCERY,3165,0.01261,0.122,0.176,1.71,3145,1.01
APPLES,FLUID MILK PRODUCTS,PRODUCE,GROCERY,7333,0.02922,0.555,0.106,2.01,7256,1.01
CANNED JUICES,CARROTS,GROCERY,PRODUCE,1773,0.00706,0.088,0.211,2.63,1756,1.01
DINNER MXS:DRY,FD WRAPS/BAGS/TRSH BG,GROCERY,GROCERY,1687,0.00672,0.127,0.150,2.83,1673,1.01
CHEESE,HEAT/SERVE,GROCERY,MEAT-PCKGD,2256,0.00899,0.048,0.428,2.29,2241,1.01
COOKIES/CONES,LAUNDRY DETERGENTS,GROCERY,GROCERY,1290,0.00514,0.075,0.152,2.24,1283,1.01
HOT DOGS,PAPER TOWELS,MEAT-PCKGD,GROCERY,1138,0.00453,0.104,0.112,2.57,1124,1.01
BREAKFAST SAUSAGE/SANDWICHES,CANNED JUICES,MEAT-PCKGD,GROCERY,2117,0.00844,0.193,0.105,2.40,2115,1.00
HOT CEREAL,SALAD MIX,GROCERY,PRODUCE,927,0.00369,0.165,0.060,2.68,931,1.00
BAKING NEEDS,ROLLS,GROCERY,PASTRY,400,0.00159,0.038,0.079,1.90,398,1.00
CHEESE,CONVENIENT BRKFST/WHLSM SNACKS,GROCERY,GROCERY,6390,0.02546,0.136,0.457,2.45,6413,1.00
COOKIES/CONES,PIES,GROCERY,PASTRY,329,0.00131,0.019,0.119,1.74,329,1.00
BAKING NEEDS,COLD CEREAL,GROCERY,GROCERY,2409,0.00960,0.232,0.096,2.32,2399,1.00
CHICKEN,ROLLS,MEAT,PASTRY,608,0.00242,0.040,0.120,2.00,608,1.00
APPLES,BAKED BREAD/BUNS/ROLLS,PRODUCE,GROCERY,7008,0.02792,0.531,0.116,2.21,6991,1.00
FD WRAPS/BAGS/TRSH BG,WAREHOUSE SNACKS,GROCERY,GROCERY,621,0.00247,0.055,0.095,2.12,619,1.00
HOUSEHOLD CLEANG NEEDS,REFRGRATD DOUGH PRODUCTS,GROCERY,GROCERY,1000,0.00398,0.135,0.071,2.41,1005,1.00
CANNED JUICES,CAT LITTER,GROCERY,GROCERY,475,0.00189,0.024,0.161,2.00,476,1.00
BAKING MIXES,VEGETABLES - ALL OTHERS,GROCERY,PRODUCE,1812,0.00722,0.161,0.111,2.47,1819,1.00
BACON,COLD CEREAL,MEAT-PCKGD,GROCERY,2854,0.01137,0.263,0.114,2.62,2860,1.00
SEAFOOD - SHELF STABLE,WATER - CARBONATED/FLVRD DRINK,GROCERY,GROCERY,1196,0.00477,0.152,0.067,2.12,1191,1.00
HOUSEHOLD CLEANG NEEDS,SUGARS/SWEETNERS,GROCERY,GROCERY,708,0.00282,0.096,0.069,2.34,707,1.00
FD WRAPS/BAGS/TRSH BG,ORGANICS FRUIT & VEGETABLES,GROCERY,PRODUCE,606,0.00241,0.054,0.115,2.56,604,1.00
BREAKFAST SAUSAGE/SANDWICHES,SALD DRSNG/SNDWCH SPRD,MEAT-PCKGD,GROCERY,1899,0.00757,0.173,0.113,2.59,1904,1.00
COLD CEREAL,HEAT/SERVE,GROCERY,MEAT-PCKGD,1290,0.00514,0.051,0.244,2.44,1289,1.00
BAG SNACKS,RICE CAKES,GROCERY,NUTRITION,425,0.00169,0.010,0.341,2.04,423,1.00
COOKIES/CONES,PORK,GROCERY,MEAT,2068,0.00824,0.121,0.167,2.45,2072,1.00
CITRUS,FRZN VEGETABLE/VEG DSH,PRODUCE,GROCERY,1272,0.00507,0.126,0.100,2.48,1273,1.00
FRUIT - SHELF STABLE,PROCESSED,GROCERY,PRODUCE,742,0.00296,0.056,0.158,2.98,740,1.00
CHEESES,PNT BTR/JELLY/JAMS,DELI,GROCERY,1226,0.00489,0.108,0.118,2.62,1228,1.00
FD WRAPS/BAGS/TRSH BG,FRZN BREAKFAST FOODS,GROCERY,GROCERY,849,0.00338,0.076,0.116,2.60,851,1.00
APPLES,CANDY - PACKAGED,PRODUCE,DRUG GM,1985,0.00791,0.150,0.092,1.75,1977,1.00
FROZEN PIZZA,SOAP - LIQUID & BAR,GROCERY,DRUG GM,1138,0.00453,0.049,0.194,2.11,1143,1.00
FACIAL TISS/DNR NAPKIN,VEGETABLES - ALL OTHERS,GROCERY,PRODUCE,1156,0.00461,0.169,0.071,2.59,1155,1.00
FACIAL TISS/DNR NAPKIN,SALD DRSNG/SNDWCH SPRD,GROCERY,GROCERY,1198,0.00477,0.175,0.072,2.62,1192,1.00
BREAKFAST SWEETS,FACIAL TISS/DNR NAPKIN,PASTRY,GROCERY,352,0.00140,0.043,0.051,1.58,353,1.00
FACIAL TISS/DNR NAPKIN,REFRGRATD JUICES/DRNKS,GROCERY,GROCERY,1541,0.00614,0.225,0.059,2.18,1544,1.00
CHEESES,MAKEUP AND TREATMENT,DELI,COSMETICS,330,0.00131,0.029,0.084,1.86,330,1.00
BREAKFAST SWEETS,FRZN MEAT/MEAT DINNERS,PASTRY,GROCERY,1070,0.00426,0.131,0.047,1.45,1072,1.00
BEANS - CANNED GLASS & MW,SALAD MIX,GROCERY,PRODUCE,1633,0.00651,0.172,0.105,2.78,1633,1.00
DINNER MXS:DRY,MILK BY-PRODUCTS,GROCERY,GROCERY,2915,0.01162,0.219,0.148,2.79,2912,1.00
FACIAL TISS/DNR NAPKIN,HEAT/SERVE,GROCERY,MEAT-PCKGD,362,0.00144,0.053,0.069,2.51,362,1.00
BACON,BEERS/ALES,MEAT-PCKGD,GROCERY,974,0.00388,0.090,0.063,1.45,977,1.00
BAKING MIXES,PROCESSED,GROCERY,PRODUCE,538,0.00214,0.048,0.115,2.55,541,1.00
BAKING MIXES,HOUSEHOLD CLEANG NEEDS,GROCERY,GROCERY,784,0.00312,0.069,0.106,2.36,782,1.00
BAG SNACKS,PASTA SAUCE,GROCERY,GROCERY,4323,0.01723,0.103,0.369,2.20,4328,1.00
ELECTRICAL SUPPPLIES,FRUIT - SHELF STABLE,DRUG GM,GROCERY,345,0.00137,0.130,0.026,2.46,346,1.00
BREAKFAST SWEETS,REFRGRATD DOUGH PRODUCTS,PASTRY,GROCERY,722,0.00288,0.089,0.051,1.57,721,1.00
CANNED JUICES,FRZN VEGETABLE/VEG DSH,GROCERY,GROCERY,2436,0.00971,0.121,0.191,2.38,2431,1.00
EGGS,SOUP,GROCERY,GROCERY,6423,0.02559,0.230,0.272,2.45,6394,1.00
DINNER MXS:DRY,HAIR CARE PRODUCTS,GROCERY,DRUG GM,1028,0.00410,0.077,0.130,2.44,1031,1.00
EGGS,SALD DRSNG/SNDWCH SPRD,GROCERY,GROCERY,4552,0.01814,0.163,0.272,2.45,4539,1.00
CITRUS,SALADS/DIPS,PRODUCE,DELI,494,0.00197,0.049,0.082,2.04,493,1.00
LAUNDRY DETERGENTS,MISC. DAIRY,GROCERY,GROCERY,625,0.00249,0.074,0.085,2.53,624,1.00
CITRUS,DIAPERS & DISPOSABLES,PRODUCE,DRUG GM,300,0.00120,0.030,0.066,1.63,300,1.00
EGGS,MELONS,GROCERY,PRODUCE,1136,0.00453,0.041,0.263,2.37,1134,1.00
BROCCOLI/CAULIFLOWER,DELI MEATS,PRODUCE,DELI,801,0.00319,0.179,0.047,2.63,802,1.00
APPLES,FD WRAPS/BAGS/TRSH BG,PRODUCE,GROCERY,1510,0.00602,0.114,0.134,2.55,1514,1.00
CHEESE,COCOA MIXES,GROCERY,GROCERY,1744,0.00695,0.037,0.456,2.44,1751,1.00
SALD DRSNG/SNDWCH SPRD,TURKEY,GROCERY,MEAT,475,0.00189,0.028,0.170,2.55,477,1.00
EGGS,FRUIT - SHELF STABLE,GROCERY,GROCERY,3971,0.01582,0.143,0.299,2.69,3968,1.00
PAPER HOUSEWARES,PROCESSED,GROCERY,PRODUCE,354,0.00141,0.046,0.075,2.46,355,1.00
DRY SAUCES/GRAVY,VEGETABLES - ALL OTHERS,GROCERY,PRODUCE,1141,0.00455,0.176,0.070,2.70,1144,1.00
DINNER MXS:DRY,EGGS,GROCERY,GROCERY,4017,0.01601,0.302,0.144,2.72,4007,1.00
BAKED SWEET GOODS,TROPICAL FRUIT,GROCERY,PRODUCE,5059,0.02016,0.271,0.156,2.09,5047,1.00
LUNCHMEAT,MILK BY-PRODUCTS,MEAT-PCKGD,GROCERY,4226,0.01684,0.178,0.215,2.27,4213,1.00
CONDIMENTS/SAUCES,COOKIES/CONES,GROCERY,GROCERY,2915,0.01162,0.163,0.170,2.40,2914,1.00
PAPER HOUSEWARES,REFRGRATD DOUGH PRODUCTS,GROCERY,GROCERY,1028,0.00410,0.134,0.073,2.38,1031,1.00
DRY SAUCES/GRAVY,PAPER HOUSEWARES,GROCERY,GROCERY,503,0.00200,0.078,0.065,2.53,504,1.00
DRY SAUCES/GRAVY,MILK BY-PRODUCTS,GROCERY,GROCERY,1341,0.00534,0.207,0.068,2.63,1335,1.00
DRY SAUCES/GRAVY,LAUNDRY DETERGENTS,GROCERY,GROCERY,547,0.00218,0.084,0.065,2.50,550,1.00
APPLES,FRZN BREAKFAST FOODS,PRODUCE,GROCERY,1069,0.00426,0.081,0.146,2.78,1071,1.00
CHEESES,COOKIES/CONES,DELI,GROCERY,1819,0.00725,0.161,0.106,2.36,1826,1.00
FRZN VEGETABLE/VEG DSH,ICE CREAM/MILK/SHERBTS,GROCERY,GROCERY,1885,0.00751,0.148,0.094,1.85,1882,1.00
BROOMS AND MOPS,COLD CEREAL,DRUG GM,GROCERY,717,0.00286,0.236,0.029,2.36,720,1.00
CHEESE,CHIPS&SNACKS,GROCERY,NUTRITION,690,0.00275,0.015,0.408,2.18,693,1.00
COCOA MIXES,FRZN NOVELTIES/WTR ICE,GROCERY,GROCERY,352,0.00140,0.092,0.034,2.23,354,1.00
CRACKERS/MISC BKD FD,VITAMINS,GROCERY,DRUG GM,368,0.00147,0.016,0.185,2.04,370,1.00
BROOMS AND MOPS,SALD DRSNG/SNDWCH SPRD,DRUG GM,GROCERY,490,0.00195,0.161,0.029,2.41,492,1.00
COOKIES/CONES,VEGETABLES - SHELF STABLE,GROCERY,GROCERY,3891,0.01550,0.227,0.172,2.53,3889,1.00
DIETARY AID PRODUCTS,FLUID MILK PRODUCTS,DRUG GM,GROCERY,821,0.00327,0.460,0.012,1.67,823,1.00
MARGARINES,PAPER TOWELS,GROCERY,GROCERY,1391,0.00554,0.103,0.137,2.53,1391,1.00
DRY MIX DESSERTS,SEAFOOD - FROZEN,GROCERY,SEAFOOD-PCKGD,421,0.00168,0.077,0.056,2.58,422,1.00
PEPPERS-ALL,PWDR/CRYSTL DRNK MX,PRODUCE,GROCERY,499,0.00199,0.061,0.094,2.86,497,1.00
ANALGESICS,CANNED JUICES,DRUG GM,GROCERY,527,0.00210,0.124,0.026,1.55,528,1.00
CHEESE,VALUE ADDED VEGETABLES,GROCERY,PRODUCE,940,0.00375,0.020,0.448,2.40,944,1.00
CONDIMENTS/SAUCES,HOT CEREAL,GROCERY,GROCERY,1071,0.00427,0.060,0.191,2.69,1071,1.00
DIAPERS & DISPOSABLES,REFRGRATD DOUGH PRODUCTS,DRUG GM,GROCERY,427,0.00170,0.093,0.030,1.66,427,1.00
BAKED SWEET GOODS,DINNER SAUSAGE,GROCERY,MEAT-PCKGD,1612,0.00642,0.086,0.163,2.20,1615,1.00
BAKED SWEET GOODS,CONDIMENTS/SAUCES,GROCERY,GROCERY,2957,0.01178,0.158,0.166,2.22,2954,1.00
CAKES,POTATOES,PASTRY,PRODUCE,386,0.00154,0.087,0.025,1.43,385,1.00
BAG SNACKS,ICE CREAM/MILK/SHERBTS,GROCERY,GROCERY,5317,0.02119,0.127,0.265,1.58,5327,1.00
FRUIT - SHELF STABLE,ICE CREAM/MILK/SHERBTS,GROCERY,GROCERY,2129,0.00848,0.160,0.106,2.00,2121,1.00
FRUIT - SHELF STABLE,HOUSEHOLD CLEANG NEEDS,GROCERY,GROCERY,1063,0.00424,0.080,0.144,2.72,1063,1.00
DELI MEATS,ORGANICS FRUIT & VEGETABLES,DELI,PRODUCE,895,0.00357,0.052,0.169,2.48,892,1.00
MEAT - SHELF STABLE,MILK BY-PRODUCTS,GROCERY,GROCERY,2853,0.01137,0.207,0.145,2.63,2854,1.00
CHICKEN/POULTRY,VEGETABLES - ALL OTHERS,DELI,PRODUCE,511,0.00204,0.087,0.031,1.34,511,1.00
CHEESE,SNACK NUTS,GROCERY,GROCERY,1886,0.00752,0.040,0.403,2.16,1877,1.00
FRZN VEGETABLE/VEG DSH,MISCELLANEOUS,GROCERY,MEAT-PCKGD,301,0.00120,0.024,0.137,2.69,302,1.00
SALAD MIX,SHAVING CARE PRODUCTS,PRODUCE,DRUG GM,436,0.00174,0.028,0.133,2.15,436,1.00
BABY HBC,FROZEN PIZZA,DRUG GM,GROCERY,679,0.00271,0.171,0.029,1.85,676,1.00
DRY BN/VEG/POTATO/RICE,PLASTIC HOUSEWARES,GROCERY,DRUG GM,300,0.00120,0.023,0.137,2.60,299,1.00
DRY BN/VEG/POTATO/RICE,MILK BY-PRODUCTS,GROCERY,GROCERY,2790,0.01112,0.210,0.142,2.68,2799,1.00
CHEESE,ROLLS,GROCERY,PASTRY,1811,0.00722,0.039,0.356,1.91,1809,1.00
CANDY - CHECKLANE,FRZN MEAT/MEAT DINNERS,DRUG GM,GROCERY,2519,0.01004,0.108,0.111,1.20,2509,1.00
PAPER TOWELS,POTATOES,GROCERY,PRODUCE,1620,0.00646,0.159,0.106,2.62,1614,1.00
CANNED JUICES,PROCESSED,GROCERY,PRODUCE,923,0.00368,0.046,0.197,2.45,927,1.00
CHICKEN/POULTRY,HISPANIC,DELI,GROCERY,444,0.00177,0.076,0.031,1.33,446,1.00
COOKIES/CONES,SHORTENING/OIL,GROCERY,GROCERY,1388,0.00553,0.081,0.168,2.47,1387,1.00
SALAD BAR,SOFT DRINKS,SALAD BAR,GROCERY,2415,0.00962,0.288,0.034,1.01,2424,1.00
COOKIES/CONES,GREETING CARDS/WRAP/PARTY SPLY,GROCERY,DRUG GM,769,0.00306,0.045,0.101,1.49,767,1.00
PAPER TOWELS,REFRGRATD JUICES/DRNKS,GROCERY,GROCERY,2236,0.00891,0.220,0.086,2.13,2247,1.00
SALAD BAR,SALAD MIX,SALAD BAR,PRODUCE,605,0.00241,0.072,0.039,1.17,607,1.00
MILK BY-PRODUCTS,PLASTIC HOUSEWARES,GROCERY,DRUG GM,399,0.00159,0.020,0.183,2.33,398,1.00
DRIED FRUIT,SALD DRSNG/SNDWCH SPRD,NUTRITION,GROCERY,564,0.00225,0.187,0.034,2.80,563,1.00
DELI MEATS,FRZN NOVELTIES/WTR ICE,DELI,GROCERY,1434,0.00571,0.084,0.139,2.03,1432,1.00
COOKIES/CONES,HOUSEHOLD CLEANG NEEDS,GROCERY,GROCERY,1143,0.00455,0.067,0.155,2.27,1145,1.00
COOKIES/CONES,SOAP - LIQUID & BAR,GROCERY,DRUG GM,900,0.00359,0.053,0.154,2.25,896,1.00
BAKED BREAD/BUNS/ROLLS,POPCORN,GROCERY,PRODUCE,2000,0.00797,0.033,0.509,2.12,2003,1.00
APPLES,SOAP - LIQUID & BAR,PRODUCE,DRUG GM,762,0.00304,0.058,0.130,2.47,760,1.00
APPLES,TEAS,PRODUCE,GROCERY,494,0.00197,0.037,0.142,2.69,496,1.00
CRACKERS/MISC BKD FD,VALUE ADDED FRUIT,GROCERY,PRODUCE,1251,0.00498,0.055,0.214,2.37,1254,1.00
DOMESTIC WINE,FRZN VEGETABLE/VEG DSH,GROCERY,GROCERY,363,0.00145,0.080,0.029,1.58,364,1.00
BAKED BREAD/BUNS/ROLLS,MELONS,GROCERY,PRODUCE,2172,0.00865,0.036,0.503,2.09,2182,1.00
BAKED BREAD/BUNS/ROLLS,ISOTONIC DRINKS,GROCERY,GROCERY,2385,0.00950,0.040,0.446,1.86,2380,1.00
COOKIES/CONES,LAUNDRY ADDITIVES,GROCERY,GROCERY,709,0.00283,0.041,0.159,2.34,709,1.00
MISC. DAIRY,VALUE ADDED FRUIT,GROCERY,PRODUCE,424,0.00169,0.058,0.073,2.48,426,1.00
DOG FOODS,SOUP,GROCERY,GROCERY,1330,0.00530,0.187,0.056,1.99,1325,1.00
REFRGRATD JUICES/DRNKS,VITAMINS,GROCERY,DRUG GM,363,0.00145,0.014,0.182,1.76,364,1.00
PET CARE SUPPLIES,SOFT DRINKS,GROCERY,GROCERY,971,0.00387,0.387,0.014,1.36,972,1.00
BAKED BREAD/BUNS/ROLLS,HOT CEREAL,GROCERY,GROCERY,2976,0.01186,0.049,0.531,2.21,2986,1.00
CANNED JUICES,STATIONERY & SCHOOL SUPPLIES,GROCERY,DRUG GM,591,0.00235,0.029,0.127,1.59,590,1.00
GRAPES,HISPANIC,PRODUCE,GROCERY,1501,0.00598,0.148,0.105,2.61,1507,1.00
DOG FOODS,MARGARINES,GROCERY,GROCERY,761,0.00303,0.107,0.056,1.98,759,1.00
BAKED BREAD/BUNS/ROLLS,FRZN MEAT/MEAT DINNERS,GROCERY,GROCERY,10356,0.04127,0.172,0.455,1.90,10319,1.00
CRACKERS/MISC BKD FD,SOFT DRINKS,GROCERY,GROCERY,9826,0.03915,0.433,0.137,1.52,9822,1.00
CORN,DRY BN/VEG/POTATO/RICE,PRODUCE,GROCERY,375,0.00149,0.137,0.028,2.59,377,1.00
CONVENIENT BRKFST/WHLSM SNACKS,MISCELLANEOUS,GROCERY,MEAT-PCKGD,357,0.00142,0.026,0.162,2.91,358,1.00
CIGARETTES,PORK,DRUG GM,MEAT,557,0.00222,0.051,0.045,1.03,558,1.00
CARROTS,REFRGRATD DOUGH PRODUCTS,PRODUCE,GROCERY,1322,0.00527,0.157,0.094,2.80,1324,1.00
BACON,DRY NOODLES/PASTA,MEAT-PCKGD,GROCERY,1761,0.00702,0.162,0.126,2.90,1767,1.00
CARROTS,ROLLS,PRODUCE,PASTRY,371,0.00148,0.044,0.073,2.18,370,1.00
CORN,MILK BY-PRODUCTS,PRODUCE,GROCERY,506,0.00202,0.185,0.026,2.35,505,1.00
MOLASSES/SYRUP/PANCAKE MIXS,ORAL HYGIENE PRODUCTS,GROCERY,DRUG GM,336,0.00134,0.074,0.043,2.40,338,1.00
CITRUS,ORAL HYGIENE PRODUCTS,PRODUCE,DRUG GM,668,0.00266,0.066,0.086,2.13,669,1.00
CANNED JUICES,TURKEY,GROCERY,MEAT,533,0.00212,0.026,0.191,2.38,531,1.00
BAG SNACKS,BEEF,GROCERY,MEAT,11673,0.04651,0.278,0.318,1.90,11674,1.00
GRAPES,ICE CREAM/MILK/SHERBTS,PRODUCE,GROCERY,1514,0.00603,0.150,0.075,1.87,1513,1.00
DOG FOODS,DRY MIX DESSERTS,GROCERY,GROCERY,309,0.00123,0.043,0.057,2.00,309,1.00
CRACKERS/MISC BKD FD,MEAT - MISC,GROCERY,MEAT-PCKGD,2036,0.00811,0.090,0.242,2.67,2031,1.00
MOLASSES/SYRUP/PANCAKE MIXS,TROPICAL FRUIT,GROCERY,PRODUCE,1504,0.00599,0.333,0.046,2.58,1509,1.00
CRACKERS/MISC BKD FD,DIAPERS & DISPOSABLES,GROCERY,DRUG GM,689,0.00275,0.030,0.151,1.67,692,1.00
BAG SNACKS,BEANS - CANNED GLASS & MW,GROCERY,GROCERY,3456,0.01377,0.082,0.364,2.18,3447,1.00
BACON,PAPER HOUSEWARES,MEAT-PCKGD,GROCERY,833,0.00332,0.077,0.108,2.50,833,1.00
CRACKERS/MISC BKD FD,DOMESTIC WINE,GROCERY,GROCERY,648,0.00258,0.029,0.143,1.58,650,1.00
DISHWASH DETERGENTS,SOUP,GROCERY,GROCERY,1464,0.00583,0.235,0.062,2.50,1471,1.00
MOLASSES/SYRUP/PANCAKE MIXS,YOGURT,GROCERY,GROCERY,891,0.00355,0.198,0.051,2.82,887,1.00
CRACKERS/MISC BKD FD,FRZN VEGETABLE/VEG DSH,GROCERY,GROCERY,2954,0.01177,0.130,0.232,2.56,2968,1.00
BAKED BREAD/BUNS/ROLLS,DRY BN/VEG/POTATO/RICE,GROCERY,GROCERY,7249,0.02889,0.120,0.547,2.28,7246,1.00
CAT FOOD,FRZN VEGETABLE/VEG DSH,GROCERY,GROCERY,623,0.00248,0.095,0.049,1.87,625,1.00
BEEF,MISC. DAIRY,MEAT,GROCERY,2636,0.01050,0.072,0.359,2.46,2629,1.00
FRZN BREAKFAST FOODS,SOFT DRINKS,GROCERY,GROCERY,3228,0.01286,0.442,0.045,1.55,3226,1.00
FRZN NOVELTIES/WTR ICE,LAUNDRY DETERGENTS,GROCERY,GROCERY,693,0.00276,0.067,0.082,1.99,694,1.00
BERRIES,FLUID MILK PRODUCTS,PRODUCE,GROCERY,4865,0.01939,0.534,0.070,1.94,4886,1.00
FROZEN PIZZA,MILK BY-PRODUCTS,GROCERY,GROCERY,3961,0.01578,0.171,0.201,2.18,3980,1.00
CITRUS,PICKLE/RELISH/PKLD VEG,PRODUCE,GROCERY,673,0.00268,0.067,0.109,2.71,674,1.00
PASTA SAUCE,SOAP - LIQUID & BAR,GROCERY,DRUG GM,726,0.00289,0.062,0.124,2.65,726,1.00
FRZN MEAT/MEAT DINNERS,WATER - CARBONATED/FLVRD DRINK,GROCERY,GROCERY,2771,0.01104,0.122,0.154,1.70,2780,1.00
FRZN MEAT/MEAT DINNERS,VEGETABLES - SHELF STABLE,GROCERY,GROCERY,4720,0.01881,0.208,0.209,2.31,4710,1.00
CAT LITTER,CONVENIENT BRKFST/WHLSM SNACKS,GROCERY,GROCERY,371,0.00148,0.126,0.027,2.26,372,1.00
BERRIES,HOT CEREAL,PRODUCE,GROCERY,541,0.00216,0.059,0.097,2.66,541,1.00
REFRGRATD DOUGH PRODUCTS,TURKEY,GROCERY,MEAT,397,0.00158,0.028,0.142,2.53,399,1.00
FRUIT - SHELF STABLE,VALUE ADDED VEGETABLES,GROCERY,PRODUCE,335,0.00133,0.025,0.160,3.02,334,1.00
BERRIES,MOLASSES/SYRUP/PANCAKE MIXS,PRODUCE,GROCERY,463,0.00184,0.051,0.103,2.83,461,1.00
CITRUS,DRY BN/VEG/POTATO/RICE,PRODUCE,GROCERY,1437,0.00573,0.142,0.108,2.69,1441,1.00
GRAPES,SNACK NUTS,PRODUCE,GROCERY,446,0.00178,0.044,0.095,2.37,448,1.00
FRZN JCE CONC/DRNKS,SALD DRSNG/SNDWCH SPRD,GROCERY,GROCERY,306,0.00122,0.161,0.018,2.42,305,1.00
FRZN MEAT/MEAT DINNERS,SOAP - LIQUID & BAR,GROCERY,DRUG GM,1099,0.00438,0.048,0.188,2.07,1095,1.00
BEANS - CANNED GLASS & MW,DISHWASH DETERGENTS,GROCERY,GROCERY,636,0.00253,0.067,0.102,2.70,637,1.00
FRUIT - SHELF STABLE,VEGETABLES - ALL OTHERS,GROCERY,PRODUCE,2480,0.00988,0.187,0.152,2.86,2474,1.00
BEANS - CANNED GLASS & MW,COLD CEREAL,GROCERY,GROCERY,2591,0.01032,0.273,0.103,2.73,2587,1.00
FROZEN MEAT,YOGURT,MEAT-PCKGD,GROCERY,1542,0.00614,0.188,0.088,2.68,1545,1.00
DEODORANTS,FRZN NOVELTIES/WTR ICE,DRUG GM,GROCERY,320,0.00128,0.075,0.031,1.83,320,1.00
FRZN MEAT/MEAT DINNERS,PORK,GROCERY,MEAT,2515,0.01002,0.111,0.203,2.24,2514,1.00
BLEACH,CANNED JUICES,GROCERY,GROCERY,608,0.00242,0.172,0.030,2.13,610,1.00
BEANS - CANNED GLASS & MW,BEERS/ALES,GROCERY,GROCERY,867,0.00345,0.091,0.056,1.48,863,1.00
BLEACH,COLD CEREAL,GROCERY,GROCERY,802,0.00320,0.226,0.032,2.26,799,1.00
HAIR CARE PRODUCTS,PASTA SAUCE,DRUG GM,GROCERY,895,0.00357,0.113,0.076,2.42,894,1.00
CHICKEN,MILK BY-PRODUCTS,MEAT,GROCERY,2869,0.01143,0.191,0.146,2.43,2877,1.00
CANDY - PACKAGED,GRAPES,DRUG GM,PRODUCE,1490,0.00594,0.069,0.147,1.72,1496,1.00
CHICKEN,MEAT - SHELF STABLE,MEAT,GROCERY,2217,0.00883,0.147,0.161,2.68,2207,1.00
DISHWASH DETERGENTS,DRY MIX DESSERTS,GROCERY,GROCERY,343,0.00137,0.055,0.063,2.54,344,1.00
BLEACH,ICE CREAM/MILK/SHERBTS,GROCERY,GROCERY,486,0.00194,0.137,0.024,1.72,484,1.00
DISHWASH DETERGENTS,DRY BN/VEG/POTATO/RICE,GROCERY,GROCERY,892,0.00355,0.143,0.067,2.71,896,1.00
FROZEN MEAT,HAIR CARE PRODUCTS,MEAT-PCKGD,DRUG GM,603,0.00240,0.073,0.076,2.32,601,1.00
DELI MEATS,DOG FOODS,DELI,GROCERY,912,0.00363,0.053,0.128,1.88,911,1.00
DINNER SAUSAGE,STONE FRUIT,MEAT-PCKGD,PRODUCE,509,0.00203,0.052,0.093,2.36,510,1.00
CANDY - PACKAGED,LAUNDRY DETERGENTS,DRUG GM,GROCERY,1174,0.00468,0.055,0.139,1.62,1171,1.00
FROZEN BREAD/DOUGH,SEAFOOD - SHELF STABLE,GROCERY,GROCERY,688,0.00274,0.096,0.087,3.04,688,1.00
BLEACH,VEGETABLES - SHELF STABLE,GROCERY,GROCERY,770,0.00307,0.217,0.034,2.41,768,1.00
BATH TISSUES,VEGETABLES - SHELF STABLE,GROCERY,GROCERY,3000,0.01195,0.220,0.133,2.45,3000,1.00
BOOKSTORE,SOFT DRINKS,DRUG GM,GROCERY,519,0.00207,0.348,0.007,1.22,520,1.00
FROZEN BREAD/DOUGH,PROCESSED,GROCERY,PRODUCE,373,0.00149,0.052,0.079,2.77,372,1.00
BEERS/ALES,LAUNDRY ADDITIVES,GROCERY,GROCERY,387,0.00154,0.025,0.087,1.41,387,1.00
CHICKEN,HEAT/SERVE,MEAT,MEAT-PCKGD,774,0.00308,0.051,0.147,2.45,771,1.00
CHICKEN,MOLASSES/SYRUP/PANCAKE MIXS,MEAT,GROCERY,753,0.00300,0.050,0.167,2.78,752,1.00
AIR CARE,SUGARS/SWEETNERS,GROCERY,GROCERY,354,0.00141,0.093,0.034,2.27,353,1.00
OLIVES,PNT BTR/JELLY/JAMS,GROCERY,GROCERY,329,0.00131,0.125,0.032,3.02,328,1.00
CHICKEN,FRZN POTATOES,MEAT,GROCERY,1204,0.00480,0.080,0.148,2.48,1207,1.00
COFFEE,VEGETABLES - ALL OTHERS,GROCERY,PRODUCE,1720,0.00685,0.150,0.105,2.30,1716,1.00
DELI MEATS,VALUE ADDED VEGETABLES,DELI,PRODUCE,358,0.00143,0.021,0.171,2.50,357,1.00
COFFEE FILTERS,CRACKERS/MISC BKD FD,DRUG GM,GROCERY,357,0.00142,0.218,0.016,2.40,356,1.00
HEAT/SERVE,TROPICAL FRUIT,MEAT-PCKGD,PRODUCE,1579,0.00629,0.299,0.049,2.31,1573,1.00
AIR CARE,PNT BTR/JELLY/JAMS,GROCERY,GROCERY,384,0.00153,0.101,0.037,2.44,384,1.00
BATH TISSUES,MARGARINES,GROCERY,GROCERY,1721,0.00686,0.126,0.127,2.34,1713,1.00
BATH TISSUES,HOT DOGS,GROCERY,MEAT-PCKGD,1380,0.00550,0.101,0.126,2.33,1383,1.00
BATH TISSUES,FRUIT - SHELF STABLE,GROCERY,GROCERY,1868,0.00744,0.137,0.141,2.59,1863,1.00
BATH TISSUES,FLUID MILK PRODUCTS,GROCERY,GROCERY,6794,0.02707,0.499,0.098,1.81,6771,1.00
SOAP - LIQUID & BAR,TROPICAL FRUIT,DRUG GM,PRODUCE,1681,0.00670,0.287,0.052,2.22,1675,1.00
BATH TISSUES,CONDIMENTS/SAUCES,GROCERY,GROCERY,2244,0.00894,0.165,0.126,2.32,2251,1.00
FLUID MILK PRODUCTS,ISOTONIC DRINKS,GROCERY,GROCERY,2504,0.00998,0.036,0.468,1.70,2510,1.00
FLUID MILK PRODUCTS,HOT DOGS,GROCERY,MEAT-PCKGD,5900,0.02351,0.085,0.540,1.96,5891,1.00
SHORTENING/OIL,VEGETABLES SALAD,GROCERY,PRODUCE,906,0.00361,0.110,0.085,2.57,902,1.00
FLUID MILK PRODUCTS,FRZN NOVELTIES/WTR ICE,GROCERY,GROCERY,4851,0.01933,0.070,0.469,1.70,4863,1.00
FLUID MILK PRODUCTS,FRZN MEAT/MEAT DINNERS,GROCERY,GROCERY,10846,0.04322,0.157,0.477,1.73,10880,1.00
SHORTENING/OIL,TOMATOES,GROCERY,PRODUCE,1296,0.00516,0.157,0.085,2.58,1295,1.00
FLUID MILK PRODUCTS,FRUIT - SHELF STABLE,GROCERY,GROCERY,7701,0.03069,0.111,0.579,2.10,7675,1.00
HISPANIC,WATER - CARBONATED/FLVRD DRINK,GROCERY,GROCERY,1988,0.00792,0.139,0.111,1.95,1981,1.00
BREAD,VEGETABLES - SHELF STABLE,PASTRY,GROCERY,1571,0.00626,0.198,0.070,2.19,1575,1.00
BREAKFAST SAUSAGE/SANDWICHES,BUTTER,MEAT-PCKGD,GROCERY,584,0.00233,0.053,0.118,2.70,583,1.00
HOT CEREAL,PICKLE/RELISH/PKLD VEG,GROCERY,GROCERY,409,0.00163,0.073,0.066,2.97,407,1.00
COOKIES/CONES,PLASTIC HOUSEWARES,GROCERY,DRUG GM,332,0.00132,0.019,0.152,2.23,334,0.99
BEEF,FRZN BREAKFAST FOODS,MEAT,GROCERY,2553,0.01017,0.070,0.350,2.39,2585,0.99
BEEF,FRZN NOVELTIES/WTR ICE,MEAT,GROCERY,2958,0.01179,0.081,0.286,1.96,2988,0.99
FRZN NOVELTIES/WTR ICE,SALD DRSNG/SNDWCH SPRD,GROCERY,GROCERY,1470,0.00586,0.142,0.088,2.13,1481,0.99
BEERS/ALES,DELI MEATS,GROCERY,DELI,1460,0.00582,0.094,0.085,1.38,1479,0.99
BEEF,VEGETABLES - ALL OTHERS,MEAT,PRODUCE,5535,0.02206,0.151,0.339,2.32,5568,0.99
BEEF,SQUASH,MEAT,PRODUCE,757,0.00302,0.021,0.373,2.55,763,0.99
FRZN MEAT/MEAT DINNERS,SALD DRSNG/SNDWCH SPRD,GROCERY,GROCERY,3304,0.01317,0.145,0.197,2.18,3348,0.99
FRZN MEAT/MEAT DINNERS,HAIR CARE PRODUCTS,GROCERY,DRUG GM,1353,0.00539,0.059,0.171,1.88,1371,0.99
BEEF,REFRGRATD JUICES/DRNKS,MEAT,GROCERY,7501,0.02989,0.204,0.289,1.98,7606,0.99
CHICKEN,HOT CEREAL,MEAT,GROCERY,873,0.00348,0.058,0.156,2.60,883,0.99
SOUP,TROPICAL FRUIT,GROCERY,PRODUCE,7188,0.02864,0.305,0.221,2.36,7252,0.99
COFFEE FILTERS,TROPICAL FRUIT,DRUG GM,PRODUCE,465,0.00185,0.283,0.014,2.19,468,0.99
CHICKEN,FROZEN MEAT,MEAT,MEAT-PCKGD,1296,0.00516,0.086,0.158,2.63,1311,0.99
CHEESES,POPCORN,DELI,PRODUCE,441,0.00176,0.039,0.112,2.49,445,0.99
SEAFOOD - SHELF STABLE,STONE FRUIT,GROCERY,PRODUCE,455,0.00181,0.058,0.083,2.64,457,0.99
SEAFOOD - MISC,SOFT DRINKS,SEAFOOD-PCKGD,GROCERY,468,0.00186,0.412,0.007,1.45,473,0.99
COLD CEREAL,PAPER HOUSEWARES,GROCERY,GROCERY,1794,0.00715,0.071,0.233,2.33,1808,0.99
COLD CEREAL,REFRIGERATED,GROCERY,NUTRITION,1054,0.00420,0.042,0.204,2.04,1070,0.99
APPLES,DRY NOODLES/PASTA,PRODUCE,GROCERY,2092,0.00834,0.158,0.149,2.84,2117,0.99
APPLES,FEMININE HYGIENE,PRODUCE,DRUG GM,394,0.00157,0.030,0.092,1.74,399,0.99
CONDIMENTS/SAUCES,DEODORANTS,GROCERY,DRUG GM,642,0.00256,0.036,0.151,2.12,648,0.99
CONDIMENTS/SAUCES,EGGS,GROCERY,GROCERY,4771,0.01901,0.267,0.171,2.41,4802,0.99
CONDIMENTS/SAUCES,FRZN NOVELTIES/WTR ICE,GROCERY,GROCERY,1556,0.00620,0.087,0.150,2.11,1569,0.99
APPLES,MAGAZINE,PRODUCE,DRUG GM,628,0.00250,0.048,0.087,1.65,635,0.99
SALAD MIX,TEAS,PRODUCE,GROCERY,556,0.00222,0.036,0.159,2.58,563,0.99
SALAD MIX,SOUP,PRODUCE,GROCERY,3743,0.01491,0.241,0.159,2.57,3770,0.99
CHEESE,SMOKED MEATS,GROCERY,MEAT,1638,0.00653,0.035,0.418,2.24,1647,0.99
CHEESE,SHORTENING/OIL,GROCERY,GROCERY,3638,0.01450,0.078,0.440,2.36,3680,0.99
CONDIMENTS/SAUCES,PROCESSED,GROCERY,PRODUCE,878,0.00350,0.049,0.187,2.63,884,0.99
CONDIMENTS/SAUCES,TOMATOES,GROCERY,PRODUCE,2701,0.01076,0.151,0.177,2.49,2725,0.99
APPLES,SALADS/DIPS,PRODUCE,DELI,669,0.00267,0.051,0.111,2.11,676,0.99
CHEESE,POPCORN,GROCERY,PRODUCE,1672,0.00666,0.036,0.426,2.28,1697,0.99
REFRGRATD JUICES/DRNKS,TURKEY,GROCERY,MEAT,612,0.00244,0.024,0.219,2.12,620,0.99
BABY FOODS,CRACKERS/MISC BKD FD,DRUG GM,GROCERY,711,0.00283,0.168,0.031,1.86,718,0.99
CONVENIENT BRKFST/WHLSM SNACKS,ICE CREAM/MILK/SHERBTS,GROCERY,GROCERY,2123,0.00846,0.152,0.106,1.90,2154,0.99
REFRGRATD JUICES/DRNKS,SOAP - LIQUID & BAR,GROCERY,DRUG GM,1220,0.00486,0.047,0.208,2.02,1230,0.99
REFRGRATD JUICES/DRNKS,SHORTENING/OIL,GROCERY,GROCERY,1867,0.00744,0.072,0.226,2.19,1884,0.99
CONVENIENT BRKFST/WHLSM SNACKS,PICKLE/RELISH/PKLD VEG,GROCERY,GROCERY,1027,0.00409,0.073,0.167,2.99,1035,0.99
REFRGRATD DOUGH PRODUCTS,TEAS,GROCERY,GROCERY,507,0.00202,0.036,0.145,2.59,511,0.99
CIGARETTES,MEAT - SHELF STABLE,DRUG GM,GROCERY,615,0.00245,0.056,0.045,1.02,619,0.99
COOKIES,MILK BY-PRODUCTS,PASTRY,GROCERY,514,0.00205,0.139,0.026,1.77,521,0.99
CHEESE,CHICKEN,GROCERY,MEAT,6382,0.02543,0.136,0.424,2.27,6444,0.99
COOKIES/CONES,DRY NOODLES/PASTA,GROCERY,GROCERY,2452,0.00977,0.143,0.175,2.57,2466,0.99
CEREAL/BREAKFAST,FLUID MILK PRODUCTS,NUTRITION,GROCERY,805,0.00321,0.551,0.012,2.00,817,0.99
BABY HBC,FRZN VEGETABLE/VEG DSH,DRUG GM,GROCERY,407,0.00162,0.102,0.032,2.02,413,0.99
CAT LITTER,FRZN VEGETABLE/VEG DSH,GROCERY,GROCERY,317,0.00126,0.107,0.025,2.12,320,0.99
COOKIES/CONES,PEARS,GROCERY,PRODUCE,343,0.00137,0.020,0.174,2.55,346,0.99
COCOA MIXES,POTATOES,GROCERY,PRODUCE,652,0.00260,0.171,0.043,2.80,657,0.99
COOKIES/CONES,SEAFOOD - FROZEN,GROCERY,SEAFOOD-PCKGD,1206,0.00481,0.071,0.160,2.35,1215,0.99
BACON,CANNED JUICES,MEAT-PCKGD,GROCERY,2145,0.00855,0.197,0.106,2.46,2173,0.99
POPCORN,VEGETABLES - SHELF STABLE,PRODUCE,GROCERY,940,0.00375,0.239,0.042,2.66,952,0.99
PNT BTR/JELLY/JAMS,STONE FRUIT,GROCERY,PRODUCE,556,0.00222,0.054,0.101,2.46,561,0.99
BACON,ICE CREAM/MILK/SHERBTS,MEAT-PCKGD,GROCERY,1640,0.00653,0.151,0.082,1.89,1664,0.99
CRACKERS/MISC BKD FD,DISHWASH DETERGENTS,GROCERY,GROCERY,1404,0.00559,0.062,0.226,2.49,1414,0.99
CRACKERS/MISC BKD FD,FLUID MILK PRODUCTS,GROCERY,GROCERY,12046,0.04800,0.531,0.174,1.92,12190,0.99
PNT BTR/JELLY/JAMS,SALAD MIX,GROCERY,PRODUCE,1690,0.00673,0.163,0.109,2.64,1710,0.99
CRACKERS/MISC BKD FD,ICE CREAM/MILK/SHERBTS,GROCERY,GROCERY,3324,0.01325,0.146,0.166,1.83,3370,0.99
BACON,PAPER TOWELS,MEAT-PCKGD,GROCERY,1152,0.00459,0.106,0.113,2.62,1167,0.99
CRACKERS/MISC BKD FD,MAGAZINE,GROCERY,DRUG GM,1058,0.00422,0.047,0.146,1.62,1072,0.99
PLASTIC HOUSEWARES,VEGETABLES - ALL OTHERS,DRUG GM,PRODUCE,338,0.00135,0.155,0.021,2.37,340,0.99
PLASTIC HOUSEWARES,SALAD MIX,DRUG GM,PRODUCE,321,0.00128,0.147,0.021,2.38,323,0.99
CRACKERS/MISC BKD FD,REFRGRATD JUICES/DRNKS,GROCERY,GROCERY,5046,0.02011,0.222,0.195,2.15,5093,0.99
CRACKERS/MISC BKD FD,VEGETABLES SALAD,GROCERY,PRODUCE,2407,0.00959,0.106,0.225,2.48,2430,0.99
CARROTS,MOLASSES/SYRUP/PANCAKE MIXS,PRODUCE,GROCERY,472,0.00188,0.056,0.105,3.13,478,0.99
DELI MEATS,EGGS,DELI,GROCERY,4307,0.01716,0.252,0.155,2.27,4358,0.99
DELI MEATS,FD WRAPS/BAGS/TRSH BG,DELI,GROCERY,1759,0.00701,0.103,0.157,2.30,1781,0.99
PEPPERS-ALL,VALUE ADDED FRUIT,PRODUCE,PRODUCE,474,0.00189,0.058,0.081,2.48,477,0.99
DELI MEATS,FRUIT - SHELF STABLE,DELI,GROCERY,2382,0.00949,0.139,0.179,2.63,2416,0.99
CARROTS,FRZN BREAKFAST FOODS,PRODUCE,GROCERY,716,0.00285,0.085,0.098,2.93,725,0.99
BAG SNACKS,COCOA MIXES,GROCERY,GROCERY,1351,0.00538,0.032,0.354,2.11,1364,0.99
DELI MEATS,REFRGRATD JUICES/DRNKS,DELI,GROCERY,3607,0.01437,0.211,0.139,2.04,3641,0.99
CARROTS,DELI MEATS,PRODUCE,DELI,1487,0.00593,0.177,0.087,2.60,1503,0.99
DEODORANTS,DINNER MXS:DRY,DRUG GM,GROCERY,538,0.00214,0.127,0.040,2.39,541,0.99
CARROTS,CHEESE,PRODUCE,GROCERY,3926,0.01564,0.467,0.084,2.50,3978,0.99
DEODORANTS,HISPANIC,DRUG GM,GROCERY,518,0.00206,0.122,0.036,2.15,523,0.99
PASTA SAUCE,SHAVING CARE PRODUCTS,GROCERY,DRUG GM,360,0.00143,0.031,0.110,2.35,363,0.99
PAPER TOWELS,YOGURT,GROCERY,GROCERY,1769,0.00705,0.174,0.101,2.48,1778,0.99
DEODORANTS,SOUP,DRUG GM,GROCERY,857,0.00341,0.202,0.036,2.15,863,0.99
PAPER TOWELS,SALD DRSNG/SNDWCH SPRD,GROCERY,GROCERY,1702,0.00678,0.167,0.102,2.51,1727,0.99
DIAPERS & DISPOSABLES,FRZN MEAT/MEAT DINNERS,DRUG GM,GROCERY,613,0.00244,0.134,0.027,1.48,620,0.99
DIAPERS & DISPOSABLES,PASTA SAUCE,DRUG GM,GROCERY,383,0.00153,0.084,0.033,1.79,385,0.99
PAPER HOUSEWARES,REFRGRATD JUICES/DRNKS,GROCERY,GROCERY,1602,0.00638,0.208,0.062,2.02,1618,0.99
COFFEE,CONDIMENTS/SAUCES,GROCERY,GROCERY,1859,0.00741,0.162,0.104,2.28,1874,0.99
BAG SNACKS,MOLASSES/SYRUP/PANCAKE MIXS,GROCERY,GROCERY,1640,0.00653,0.039,0.364,2.17,1662,0.99
CANNED JUICES,MAKEUP AND TREATMENT,GROCERY,COSMETICS,553,0.00220,0.027,0.141,1.75,561,0.99
ORGANICS FRUIT & VEGETABLES,PNT BTR/JELLY/JAMS,PRODUCE,GROCERY,598,0.00238,0.113,0.058,2.74,601,0.99
BAG SNACKS,REFRGRATD JUICES/DRNKS,GROCERY,GROCERY,7740,0.03084,0.184,0.299,1.79,7787,0.99
CANNED JUICES,DELI MEATS,GROCERY,DELI,3033,0.01209,0.150,0.177,2.21,3078,0.99
ORAL HYGIENE PRODUCTS,SOUP,DRUG GM,GROCERY,1605,0.00640,0.206,0.068,2.19,1616,0.99
CANNED JUICES,CHEESE,GROCERY,GROCERY,8071,0.03216,0.400,0.172,2.14,8178,0.99
ORAL HYGIENE PRODUCTS,SEAFOOD - SHELF STABLE,DRUG GM,GROCERY,591,0.00235,0.076,0.075,2.41,596,0.99
DINNER MXS:DRY,SOAP - LIQUID & BAR,GROCERY,DRUG GM,826,0.00329,0.062,0.141,2.66,838,0.99
DINNER SAUSAGE,DRY MIX DESSERTS,MEAT-PCKGD,GROCERY,546,0.00218,0.055,0.100,2.55,549,0.99
ONIONS,PASTA SAUCE,PRODUCE,GROCERY,2065,0.00823,0.133,0.176,2.84,2082,0.99
OLIVES,POTATOES,GROCERY,PRODUCE,474,0.00189,0.179,0.031,2.95,477,0.99
NEWSPAPER,REFRGRATD DOUGH PRODUCTS,DRUG GM,GROCERY,304,0.00121,0.063,0.022,1.12,307,0.99
DISHWASH DETERGENTS,FLUID MILK PRODUCTS,GROCERY,GROCERY,3204,0.01277,0.515,0.046,1.87,3242,0.99
MUSHROOMS,SHORTENING/OIL,PRODUCE,GROCERY,433,0.00173,0.091,0.052,2.78,437,0.99
AIR CARE,SOUP,GROCERY,GROCERY,842,0.00336,0.221,0.036,2.35,846,0.99
AIR CARE,SEAFOOD - SHELF STABLE,GROCERY,GROCERY,312,0.00124,0.082,0.040,2.61,314,0.99
DISHWASH DETERGENTS,PORK,GROCERY,MEAT,780,0.00311,0.125,0.063,2.54,785,0.99
DISHWASH DETERGENTS,POTATOES,GROCERY,PRODUCE,962,0.00383,0.155,0.063,2.54,972,0.99
DISHWASH DETERGENTS,YOGURT,GROCERY,GROCERY,1058,0.00422,0.170,0.060,2.42,1071,0.99
DOG FOODS,FLUID MILK PRODUCTS,GROCERY,GROCERY,3083,0.01228,0.434,0.045,1.57,3121,0.99
DOG FOODS,FROZEN PIE/DESSERTS,GROCERY,GROCERY,318,0.00127,0.045,0.049,1.75,320,0.99
CANDY - CHECKLANE,SOAP - LIQUID & BAR,DRUG GM,DRUG GM,659,0.00263,0.028,0.112,1.21,663,0.99
MISC. DAIRY,PAPER HOUSEWARES,GROCERY,GROCERY,564,0.00225,0.077,0.073,2.51,572,0.99
BAKED BREAD/BUNS/ROLLS,POTATOES,GROCERY,PRODUCE,7976,0.03178,0.132,0.522,2.17,8069,0.99
MILK BY-PRODUCTS,SEAFOOD - FROZEN,GROCERY,SEAFOOD-PCKGD,1440,0.00574,0.073,0.192,2.44,1448,0.99
CANDY - CHECKLANE,PAPER TOWELS,DRUG GM,GROCERY,1160,0.00462,0.050,0.114,1.23,1176,0.99
CANDY - CHECKLANE,LUNCHMEAT,DRUG GM,MEAT-PCKGD,2656,0.01058,0.114,0.112,1.21,2678,0.99
DRY BN/VEG/POTATO/RICE,LAUNDRY DETERGENTS,GROCERY,GROCERY,1139,0.00454,0.086,0.135,2.55,1154,0.99
MEAT - SHELF STABLE,SPICES & EXTRACTS,GROCERY,GROCERY,1401,0.00558,0.102,0.148,2.69,1417,0.99
BAKED SWEET GOODS,BEANS - CANNED GLASS & MW,GROCERY,GROCERY,1669,0.00665,0.089,0.176,2.36,1687,0.99
MEAT - SHELF STABLE,PAPER TOWELS,GROCERY,GROCERY,1496,0.00596,0.108,0.147,2.68,1509,0.99
MEAT - SHELF STABLE,OLIVES,GROCERY,GROCERY,444,0.00177,0.032,0.168,3.06,449,0.99
DRY BN/VEG/POTATO/RICE,SOAP - LIQUID & BAR,GROCERY,DRUG GM,797,0.00318,0.060,0.136,2.57,805,0.99
CANDY - CHECKLANE,CANNED JUICES,DRUG GM,GROCERY,2252,0.00897,0.097,0.112,1.21,2279,0.99
DRY BN/VEG/POTATO/RICE,TOMATOES,GROCERY,PRODUCE,2166,0.00863,0.163,0.142,2.69,2190,0.99
CAKES,TOMATOES,PASTRY,PRODUCE,376,0.00150,0.085,0.025,1.40,381,0.99
DRY MIX DESSERTS,GRAPES,GROCERY,PRODUCE,577,0.00230,0.106,0.057,2.63,581,0.99
DRY MIX DESSERTS,HAIR CARE PRODUCTS,GROCERY,DRUG GM,379,0.00151,0.070,0.048,2.20,384,0.99
DRY MIX DESSERTS,HOT DOGS,GROCERY,MEAT-PCKGD,617,0.00246,0.113,0.056,2.60,621,0.99
BAKED SWEET GOODS,DRY BN/VEG/POTATO/RICE,GROCERY,GROCERY,2325,0.00926,0.124,0.175,2.36,2359,0.99
MEAT - MISC,ONIONS,MEAT-PCKGD,PRODUCE,1369,0.00546,0.163,0.088,2.62,1390,0.99
BUTTER,SALAD MIX,GROCERY,PRODUCE,810,0.00323,0.164,0.052,2.65,818,0.99
DRY MIX DESSERTS,VEGETABLES - ALL OTHERS,GROCERY,PRODUCE,914,0.00364,0.168,0.056,2.58,925,0.99
BAKED SWEET GOODS,LAUNDRY DETERGENTS,GROCERY,GROCERY,1286,0.00512,0.069,0.152,2.04,1304,0.99
DRY NOODLES/PASTA,LUNCHMEAT,GROCERY,MEAT-PCKGD,3262,0.01300,0.233,0.138,2.46,3279,0.99
BUTTER,CRACKERS/MISC BKD FD,GROCERY,GROCERY,1197,0.00477,0.242,0.053,2.67,1205,0.99
MAGAZINE,SALAD MIX,DRUG GM,PRODUCE,731,0.00291,0.101,0.047,1.64,737,0.99
CHICKEN,TROPICAL FRUIT,MEAT,PRODUCE,4480,0.01785,0.298,0.138,2.30,4523,0.99
CHICKEN,TEAS,MEAT,GROCERY,526,0.00210,0.035,0.151,2.52,534,0.99
LUNCHMEAT,VEGETABLES - SHELF STABLE,MEAT-PCKGD,GROCERY,5112,0.02037,0.216,0.226,2.40,5189,0.99
DRY NOODLES/PASTA,VEGETABLES SALAD,GROCERY,PRODUCE,1586,0.00632,0.113,0.148,2.65,1603,0.99
LUNCHMEAT,SMOKED MEATS,MEAT-PCKGD,MEAT,817,0.00326,0.034,0.209,2.21,827,0.99
BROOMS AND MOPS,CRACKERS/MISC BKD FD,DRUG GM,GROCERY,662,0.00264,0.218,0.029,2.41,669,0.99
DRY SAUCES/GRAVY,ICE CREAM/MILK/SHERBTS,GROCERY,GROCERY,981,0.00391,0.151,0.049,1.89,995,0.99
LUNCHMEAT,MOLASSES/SYRUP/PANCAKE MIXS,MEAT-PCKGD,GROCERY,1070,0.00426,0.045,0.237,2.51,1080,0.99
BAKED SWEET GOODS,SUGARS/SWEETNERS,GROCERY,GROCERY,1625,0.00648,0.087,0.158,2.12,1643,0.99
LAUNDRY DETERGENTS,VEGETABLES - SHELF STABLE,GROCERY,GROCERY,1882,0.00750,0.222,0.083,2.47,1903,0.99
EGGS,FRZN BREAKFAST FOODS,GROCERY,GROCERY,2030,0.00809,0.073,0.278,2.50,2055,0.99
EGGS,HERBS,GROCERY,PRODUCE,885,0.00353,0.032,0.271,2.44,891,0.99
LAUNDRY DETERGENTS,REFRIGERATED,GROCERY,NUTRITION,338,0.00135,0.040,0.065,1.94,341,0.99
BAKING MIXES,BERRIES,GROCERY,PRODUCE,1000,0.00398,0.089,0.110,2.44,1007,0.99
BAKING MIXES,BLEACH,GROCERY,GROCERY,349,0.00139,0.031,0.098,2.19,354,0.99
LAUNDRY ADDITIVES,VEGETABLES - SHELF STABLE,GROCERY,GROCERY,1050,0.00418,0.236,0.046,2.62,1056,0.99
EGGS,PWDR/CRYSTL DRNK MX,GROCERY,GROCERY,1472,0.00587,0.053,0.277,2.49,1490,0.99
COFFEE,FRZN VEGETABLE/VEG DSH,GROCERY,GROCERY,1324,0.00528,0.116,0.104,2.28,1335,0.99
COFFEE,GRAPES,GROCERY,PRODUCE,1065,0.00424,0.093,0.105,2.31,1076,0.99
LAUNDRY ADDITIVES,SHORTENING/OIL,GROCERY,GROCERY,372,0.00148,0.084,0.045,2.54,377,0.99
LAUNDRY ADDITIVES,PNT BTR/JELLY/JAMS,GROCERY,GROCERY,475,0.00189,0.107,0.046,2.59,479,0.99
EGGS,TOMATOES,GROCERY,PRODUCE,4010,0.01598,0.144,0.263,2.37,4060,0.99
BAKING MIXES,DOG FOODS,GROCERY,GROCERY,606,0.00241,0.054,0.085,1.90,613,0.99
BAKING MIXES,FLUID MILK PRODUCTS,GROCERY,GROCERY,5805,0.02313,0.515,0.084,1.87,5876,0.99
BAKING MIXES,GRAPES,GROCERY,PRODUCE,1127,0.00449,0.100,0.111,2.48,1142,0.99
ELECTRICAL SUPPPLIES,FLUID MILK PRODUCTS,DRUG GM,GROCERY,1260,0.00502,0.475,0.018,1.72,1274,0.99
ISOTONIC DRINKS,SEAFOOD - FROZEN,GROCERY,SEAFOOD-PCKGD,344,0.00137,0.064,0.046,2.15,346,0.99
BREAKFAST SWEETS,MARGARINES,PASTRY,GROCERY,690,0.00275,0.085,0.051,1.57,697,0.99
BREAKFAST SWEETS,GRAPES,PASTRY,PRODUCE,518,0.00206,0.064,0.051,1.58,524,0.99
BREAKFAST SWEETS,FRZN POTATOES,PASTRY,GROCERY,408,0.00163,0.050,0.050,1.55,414,0.99
FACIAL TISS/DNR NAPKIN,MUSHROOMS,GROCERY,PRODUCE,353,0.00141,0.052,0.075,2.73,356,0.99
ICE CREAM/MILK/SHERBTS,REFRGRATD JUICES/DRNKS,GROCERY,GROCERY,3390,0.01351,0.169,0.131,1.64,3423,0.99
FACIAL TISS/DNR NAPKIN,SHORTENING/OIL,GROCERY,GROCERY,599,0.00239,0.087,0.073,2.66,602,0.99
FACIAL TISS/DNR NAPKIN,SPICES & EXTRACTS,GROCERY,GROCERY,662,0.00264,0.097,0.070,2.56,668,0.99
FACIAL TISS/DNR NAPKIN,VALUE ADDED FRUIT,GROCERY,PRODUCE,376,0.00150,0.055,0.064,2.36,380,0.99
COFFEE,HERBS,GROCERY,PRODUCE,344,0.00137,0.030,0.105,2.31,347,0.99
ICE CREAM/MILK/SHERBTS,PET CARE SUPPLIES,GROCERY,GROCERY,315,0.00126,0.016,0.126,1.57,320,0.99
BAKING MIXES,SEAFOOD - FROZEN,GROCERY,SEAFOOD-PCKGD,824,0.00328,0.073,0.110,2.44,829,0.99
FD WRAPS/BAGS/TRSH BG,HEAT/SERVE,GROCERY,MEAT-PCKGD,563,0.00224,0.050,0.107,2.38,568,0.99
ICE CREAM/MILK/SHERBTS,MISC. DAIRY,GROCERY,GROCERY,1117,0.00445,0.056,0.152,1.90,1131,0.99
BAKING MIXES,SEAFOOD - SHELF STABLE,GROCERY,GROCERY,979,0.00390,0.087,0.124,2.76,989,0.99
ICE CREAM/MILK/SHERBTS,MEAT - SHELF STABLE,GROCERY,GROCERY,2095,0.00835,0.104,0.152,1.90,2125,0.99
BREAKFAST SAUSAGE/SANDWICHES,TEAS,MEAT-PCKGD,GROCERY,399,0.00159,0.036,0.114,2.62,402,0.99
FD WRAPS/BAGS/TRSH BG,MUSHROOMS,GROCERY,PRODUCE,552,0.00220,0.049,0.117,2.60,556,0.99
FD WRAPS/BAGS/TRSH BG,PEPPERS-ALL,GROCERY,PRODUCE,952,0.00379,0.085,0.116,2.59,966,0.99
HOUSEHOLD CLEANG NEEDS,SNACK NUTS,GROCERY,GROCERY,306,0.00122,0.041,0.065,2.22,308,0.99
BAKING NEEDS,BLEACH,GROCERY,GROCERY,307,0.00122,0.030,0.087,2.09,311,0.99
CITRUS,FROZEN PIE/DESSERTS,PRODUCE,GROCERY,553,0.00220,0.055,0.086,2.14,560,0.99
HOT DOGS,MILK BY-PRODUCTS,MEAT-PCKGD,GROCERY,2109,0.00840,0.193,0.107,2.46,2140,0.99
BAKING NEEDS,PASTA SAUCE,GROCERY,GROCERY,1245,0.00496,0.120,0.106,2.56,1260,0.99
BREAD,SHORTENING/OIL,PASTRY,GROCERY,556,0.00222,0.070,0.067,2.12,563,0.99
HISPANIC,WAREHOUSE SNACKS,GROCERY,GROCERY,810,0.00323,0.057,0.124,2.18,818,0.99
FLUID MILK PRODUCTS,FROZEN BREAD/DOUGH,GROCERY,GROCERY,3878,0.01545,0.056,0.539,1.96,3924,0.99
FLUID MILK PRODUCTS,GRAPES,GROCERY,PRODUCE,5421,0.02160,0.078,0.536,1.95,5485,0.99
HISPANIC,TROPICAL FRUIT,GROCERY,PRODUCE,4330,0.01725,0.304,0.133,2.35,4389,0.99
HISPANIC,SUGARS/SWEETNERS,GROCERY,GROCERY,1441,0.00574,0.101,0.140,2.47,1453,0.99
FLUID MILK PRODUCTS,LAUNDRY DETERGENTS,GROCERY,GROCERY,4182,0.01666,0.060,0.494,1.79,4241,0.99
BATH TISSUES,CANDY - CHECKLANE,GROCERY,DRUG GM,1516,0.00604,0.111,0.065,1.20,1525,0.99
FLUID MILK PRODUCTS,MISC. DAIRY,GROCERY,GROCERY,4057,0.01617,0.059,0.553,2.01,4089,0.99
BATH TISSUES,COOKIES,GROCERY,PASTRY,337,0.00134,0.025,0.091,1.68,341,0.99
BATH TISSUES,DRY BN/VEG/POTATO/RICE,GROCERY,GROCERY,1790,0.00713,0.131,0.135,2.49,1814,0.99
FLUID MILK PRODUCTS,POPCORN,GROCERY,PRODUCE,2060,0.00821,0.030,0.524,1.90,2086,0.99
FLUID MILK PRODUCTS,POTATOES,GROCERY,PRODUCE,8300,0.03307,0.120,0.543,1.97,8375,0.99
TEAS,TOMATOES,GROCERY,PRODUCE,537,0.00214,0.154,0.035,2.53,540,0.99
HISPANIC,LUNCHMEAT,GROCERY,MEAT-PCKGD,3103,0.01236,0.218,0.131,2.31,3141,0.99
FLUID MILK PRODUCTS,SMOKED MEATS,GROCERY,MEAT,2017,0.00804,0.029,0.515,1.87,2044,0.99
COFFEE,MEAT - SHELF STABLE,GROCERY,GROCERY,1525,0.00608,0.133,0.111,2.42,1538,0.99
FLUID MILK PRODUCTS,SWEET GOODS & SNACKS,GROCERY,PASTRY,680,0.00271,0.010,0.425,1.54,686,0.99
FLUID MILK PRODUCTS,TEAS,GROCERY,GROCERY,1865,0.00743,0.027,0.535,1.94,1876,0.99
BATH TISSUES,FRZN POTATOES,GROCERY,GROCERY,1000,0.00398,0.073,0.123,2.27,1014,0.99
HERBS,SUGARS/SWEETNERS,PRODUCE,GROCERY,328,0.00131,0.101,0.032,2.45,333,0.99
FROZEN,REFRGRATD JUICES/DRNKS,NUTRITION,GROCERY,334,0.00133,0.216,0.013,2.09,336,0.99
BATH TISSUES,MISC. DAIRY,GROCERY,GROCERY,978,0.00390,0.072,0.133,2.46,983,0.99
AIR CARE,FRZN VEGETABLE/VEG DSH,GROCERY,GROCERY,450,0.00179,0.118,0.035,2.33,452,0.99
BATH TISSUES,SHORTENING/OIL,GROCERY,GROCERY,1062,0.00423,0.078,0.129,2.37,1070,0.99
BATTERIES,CANNED JUICES,DRUG GM,GROCERY,309,0.00123,0.137,0.015,1.71,311,0.99
AIR CARE,MEAT - SHELF STABLE,GROCERY,GROCERY,517,0.00206,0.136,0.037,2.47,523,0.99
BEANS - CANNED GLASS & MW,BLEACH,GROCERY,GROCERY,327,0.00130,0.034,0.092,2.44,331,0.99
FROZEN PIE/DESSERTS,HOT CEREAL,GROCERY,GROCERY,326,0.00130,0.051,0.058,2.27,330,0.99
BEANS - CANNED GLASS & MW,FRZN MEAT/MEAT DINNERS,GROCERY,GROCERY,1997,0.00796,0.210,0.088,2.32,2027,0.99
GRAPES,SEAFOOD - SHELF STABLE,PRODUCE,GROCERY,923,0.00368,0.091,0.117,2.91,929,0.99
GRAPES,SALD DRSNG/SNDWCH SPRD,PRODUCE,GROCERY,1742,0.00694,0.172,0.104,2.58,1763,0.99
FROZEN PIE/DESSERTS,SOUP,GROCERY,GROCERY,1327,0.00529,0.207,0.056,2.20,1343,0.99
FROZEN PIE/DESSERTS,VEGETABLES - SHELF STABLE,GROCERY,GROCERY,1330,0.00530,0.207,0.059,2.30,1341,0.99
BEANS - CANNED GLASS & MW,LAUNDRY DETERGENTS,GROCERY,GROCERY,816,0.00325,0.086,0.096,2.55,822,0.99
GRAPES,PASTA SAUCE,PRODUCE,GROCERY,1355,0.00540,0.134,0.116,2.87,1366,0.99
BEANS - CANNED GLASS & MW,POPCORN,GROCERY,PRODUCE,409,0.00163,0.043,0.104,2.75,412,0.99
TROPICAL FRUIT,TURKEY,PRODUCE,MEAT,838,0.00334,0.026,0.300,2.32,849,0.99
FROZEN PIZZA,PET CARE SUPPLIES,GROCERY,GROCERY,429,0.00171,0.019,0.171,1.85,434,0.99
BEANS - CANNED GLASS & MW,SNACK NUTS,GROCERY,GROCERY,447,0.00178,0.047,0.096,2.53,449,0.99
FRZN VEGETABLE/VEG DSH,SNACK NUTS,GROCERY,GROCERY,550,0.00219,0.043,0.118,2.32,556,0.99
BERRIES,COLD CEREAL,PRODUCE,GROCERY,2251,0.00897,0.247,0.090,2.47,2274,0.99
FRZN VEGETABLE/VEG DSH,ORGANICS FRUIT & VEGETABLES,GROCERY,PRODUCE,700,0.00279,0.055,0.132,2.61,706,0.99
FRUIT - SHELF STABLE,HAND/BODY/FACIAL PRODUCTS,GROCERY,DRUG GM,372,0.00148,0.028,0.131,2.47,374,0.99
FRZN VEGETABLE/VEG DSH,MOLASSES/SYRUP/PANCAKE MIXS,GROCERY,GROCERY,647,0.00258,0.051,0.143,2.83,651,0.99
FRUIT - SHELF STABLE,LAUNDRY ADDITIVES,GROCERY,GROCERY,654,0.00261,0.049,0.147,2.77,659,0.99
BEERS/ALES,POTATOES,GROCERY,PRODUCE,1354,0.00540,0.087,0.089,1.43,1363,0.99
BEEF,CRACKERS/MISC BKD FD,MEAT,GROCERY,7684,0.03062,0.209,0.338,2.31,7750,0.99
FD WRAPS/BAGS/TRSH BG,REFRIGERATED,GROCERY,NUTRITION,461,0.00184,0.041,0.089,1.99,471,0.98
LAUNDRY ADDITIVES,SUGARS/SWEETNERS,GROCERY,GROCERY,428,0.00171,0.096,0.042,2.35,438,0.98
CHICKEN,DIAPERS & DISPOSABLES,MEAT,DRUG GM,441,0.00176,0.029,0.096,1.61,449,0.98
BREAKFAST SWEETS,LUNCHMEAT,PASTRY,MEAT-PCKGD,1141,0.00455,0.140,0.048,1.48,1163,0.98
DRIED FRUIT,MILK BY-PRODUCTS,NUTRITION,GROCERY,624,0.00249,0.207,0.032,2.64,635,0.98
OLIVES,WATER - CARBONATED/FLVRD DRINK,GROCERY,GROCERY,391,0.00156,0.148,0.022,2.07,398,0.98
BABY FOODS,SOFT DRINKS,DRUG GM,GROCERY,1517,0.00604,0.359,0.021,1.26,1543,0.98
LAUNDRY ADDITIVES,YOGURT,GROCERY,GROCERY,748,0.00298,0.168,0.043,2.40,767,0.98
BAKED BREAD/BUNS/ROLLS,REFRGRATD DOUGH PRODUCTS,GROCERY,GROCERY,7118,0.02836,0.118,0.504,2.10,7231,0.98
CAKES,SALD DRSNG/SNDWCH SPRD,PASTRY,GROCERY,410,0.00163,0.093,0.024,1.39,419,0.98
COCOA MIXES,TROPICAL FRUIT,GROCERY,PRODUCE,1211,0.00483,0.317,0.037,2.45,1231,0.98
ICE CREAM/MILK/SHERBTS,WAREHOUSE SNACKS,GROCERY,GROCERY,849,0.00338,0.042,0.130,1.62,862,0.98
HAIR CARE PRODUCTS,SEAFOOD - SHELF STABLE,DRUG GM,GROCERY,593,0.00236,0.075,0.075,2.38,607,0.98
EGGS,PASTA SAUCE,GROCERY,GROCERY,3393,0.01352,0.122,0.289,2.61,3478,0.98
CHEESE,SYRUPS/TOPPINGS,GROCERY,GROCERY,399,0.00159,0.009,0.375,2.01,408,0.98
CONVENIENT BRKFST/WHLSM SNACKS,SUGARS/SWEETNERS,GROCERY,GROCERY,1465,0.00584,0.105,0.142,2.56,1502,0.98
CONVENIENT BRKFST/WHLSM SNACKS,STONE FRUIT,GROCERY,PRODUCE,757,0.00302,0.054,0.138,2.48,772,0.98
FRZN NOVELTIES/WTR ICE,HOUSEHOLD CLEANG NEEDS,GROCERY,GROCERY,607,0.00242,0.059,0.082,1.99,617,0.98
COFFEE,SALAD MIX,GROCERY,PRODUCE,1604,0.00639,0.140,0.103,2.26,1633,0.98
DRY NOODLES/PASTA,ORGANICS FRUIT & VEGETABLES,GROCERY,PRODUCE,823,0.00328,0.059,0.156,2.79,843,0.98
GRAPES,HEAT/SERVE,PRODUCE,MEAT-PCKGD,525,0.00209,0.052,0.099,2.47,536,0.98
DRY SAUCES/GRAVY,SOFT DRINKS,GROCERY,GROCERY,2816,0.01122,0.434,0.039,1.52,2871,0.98
FLOUR & MEALS,PASTA SAUCE,GROCERY,GROCERY,399,0.00159,0.127,0.034,2.72,407,0.98
CANDY - PACKAGED,PAPER TOWELS,DRUG GM,GROCERY,1453,0.00579,0.068,0.143,1.67,1479,0.98
BAKED BREAD/BUNS/ROLLS,CANNED JUICES,GROCERY,GROCERY,9478,0.03777,0.157,0.470,1.96,9702,0.98
EGGS,ORGANICS FRUIT & VEGETABLES,GROCERY,PRODUCE,1431,0.00570,0.051,0.271,2.44,1466,0.98
HOT CEREAL,PORK,GROCERY,MEAT,751,0.00299,0.134,0.061,2.72,764,0.98
FRZN POTATOES,SPICES & EXTRACTS,GROCERY,GROCERY,756,0.00301,0.093,0.080,2.47,773,0.98
BLEACH,SOUP,GROCERY,GROCERY,752,0.00300,0.212,0.032,2.26,768,0.98
AIR CARE,DELI MEATS,GROCERY,DELI,562,0.00224,0.148,0.033,2.16,573,0.98
FD WRAPS/BAGS/TRSH BG,SALADS/DIPS,GROCERY,DELI,532,0.00212,0.047,0.088,1.97,542,0.98
CANDY - PACKAGED,MOLASSES/SYRUP/PANCAKE MIXS,DRUG GM,GROCERY,688,0.00274,0.032,0.153,1.78,702,0.98
LUNCHMEAT,TEAS,MEAT-PCKGD,GROCERY,756,0.00301,0.032,0.217,2.30,772,0.98
BAKING NEEDS,SEAFOOD-FRESH,GROCERY,SEAFOOD,313,0.00125,0.030,0.085,2.06,319,0.98
CORN,EGGS,PRODUCE,GROCERY,685,0.00273,0.250,0.025,2.25,700,0.98
PIES,VEGETABLES - SHELF STABLE,PASTRY,GROCERY,461,0.00184,0.166,0.020,1.85,470,0.98
FRZN BREAKFAST FOODS,SALAD MIX,GROCERY,PRODUCE,1194,0.00476,0.163,0.077,2.64,1214,0.98
BAKING NEEDS,TROPICAL FRUIT,GROCERY,PRODUCE,2864,0.01141,0.276,0.088,2.13,2937,0.98
HOT CEREAL,HOT DOGS,GROCERY,MEAT-PCKGD,647,0.00258,0.115,0.059,2.65,657,0.98
APPLES,STATIONERY & SCHOOL SUPPLIES,PRODUCE,DRUG GM,406,0.00162,0.031,0.088,1.66,414,0.98
TEAS,VEGETABLES SALAD,GROCERY,PRODUCE,368,0.00147,0.106,0.034,2.47,376,0.98
FROZEN BREAD/DOUGH,LAUNDRY ADDITIVES,GROCERY,GROCERY,325,0.00130,0.045,0.073,2.55,333,0.98
SEAFOOD - FROZEN,SUGARS/SWEETNERS,SEAFOOD-PCKGD,GROCERY,731,0.00291,0.097,0.071,2.37,750,0.98
BEERS/ALES,FROZEN PIZZA,GROCERY,GROCERY,1879,0.00749,0.121,0.081,1.31,1916,0.98
APPLES,VEGETABLES - SHELF STABLE,PRODUCE,GROCERY,3277,0.01306,0.248,0.145,2.76,3333,0.98
BREAKFAST SWEETS,COLD CEREAL,PASTRY,GROCERY,1258,0.00501,0.154,0.050,1.54,1278,0.98
DOMESTIC WINE,SALD DRSNG/SNDWCH SPRD,GROCERY,GROCERY,471,0.00188,0.104,0.028,1.56,481,0.98
HEAT/SERVE,SOFT DRINKS,MEAT-PCKGD,GROCERY,2215,0.00883,0.420,0.031,1.47,2250,0.98
DOMESTIC WINE,PASTA SAUCE,GROCERY,GROCERY,344,0.00137,0.076,0.029,1.63,353,0.98
SOFT DRINKS,TOYS AND GAMES,GROCERY,DRUG GM,679,0.00271,0.009,0.357,1.25,693,0.98
BEERS/ALES,PEPPERS-ALL,GROCERY,PRODUCE,730,0.00291,0.047,0.089,1.44,743,0.98
HEAT/SERVE,YOGURT,MEAT-PCKGD,GROCERY,885,0.00353,0.168,0.050,2.39,908,0.98
DELI MEATS,POPCORN,DELI,PRODUCE,629,0.00251,0.037,0.160,2.35,640,0.98
BAKING MIXES,CANDY - CHECKLANE,GROCERY,DRUG GM,1269,0.00506,0.112,0.055,1.21,1291,0.98
COFFEE FILTERS,FRZN MEAT/MEAT DINNERS,DRUG GM,GROCERY,301,0.00120,0.183,0.013,2.02,306,0.98
BAKED SWEET GOODS,CHICKEN/POULTRY,GROCERY,DELI,543,0.00216,0.029,0.092,1.24,556,0.98
BABY FOODS,BAKING MIXES,DRUG GM,GROCERY,338,0.00135,0.080,0.030,1.78,347,0.98
DINNER SAUSAGE,WAREHOUSE SNACKS,MEAT-PCKGD,GROCERY,540,0.00215,0.055,0.083,2.10,553,0.98
BATH TISSUES,LUNCHMEAT,GROCERY,MEAT-PCKGD,2673,0.01065,0.196,0.113,2.08,2726,0.98
CHICKEN,PROCESSED,MEAT,PRODUCE,714,0.00285,0.047,0.152,2.54,729,0.98
CHEESES,CHICKEN,DELI,MEAT,1653,0.00659,0.146,0.110,2.44,1680,0.98
BATH TISSUES,HEAT/SERVE,GROCERY,MEAT-PCKGD,634,0.00253,0.047,0.120,2.21,648,0.98
DELI MEATS,FRZN BREAKFAST FOODS,DELI,GROCERY,1222,0.00487,0.071,0.167,2.45,1251,0.98
BABY FOODS,BAKING NEEDS,DRUG GM,GROCERY,300,0.00120,0.071,0.029,1.71,307,0.98
MISC. DAIRY,REFRGRATD JUICES/DRNKS,GROCERY,GROCERY,1692,0.00674,0.231,0.065,2.23,1722,0.98
DELI MEATS,SEAFOOD - SHELF STABLE,DELI,GROCERY,1404,0.00559,0.082,0.178,2.61,1439,0.98
LAUNDRY DETERGENTS,YOGURT,GROCERY,GROCERY,1361,0.00542,0.161,0.077,2.29,1386,0.98
BABY FOODS,BREAKFAST SAUSAGE/SANDWICHES,DRUG GM,MEAT-PCKGD,341,0.00136,0.081,0.031,1.84,347,0.98
BAKED SWEET GOODS,VEGETABLES - SHELF STABLE,GROCERY,GROCERY,3829,0.01526,0.205,0.170,2.28,3922,0.98
BERRIES,EGGS,PRODUCE,GROCERY,2403,0.00958,0.264,0.086,2.37,2444,0.98
FACIAL TISS/DNR NAPKIN,FLUID MILK PRODUCTS,GROCERY,GROCERY,3618,0.01442,0.528,0.052,1.91,3696,0.98
BAKING MIXES,ONIONS,GROCERY,PRODUCE,1718,0.00685,0.152,0.110,2.46,1746,0.98
ANALGESICS,YOGURT,DRUG GM,GROCERY,471,0.00188,0.111,0.027,1.58,479,0.98
FRUIT - SHELF STABLE,MISCELLANEOUS,GROCERY,MEAT-PCKGD,350,0.00139,0.026,0.159,3.00,358,0.98
BUTTER,CANNED JUICES,GROCERY,GROCERY,960,0.00383,0.194,0.048,2.41,985,0.98
LAUNDRY DETERGENTS,PASTA SAUCE,GROCERY,GROCERY,1017,0.00405,0.120,0.087,2.57,1041,0.98
BAKED BREAD/BUNS/ROLLS,COFFEE,GROCERY,GROCERY,5281,0.02104,0.088,0.461,1.92,5384,0.98
SALADS/DIPS,VEGETABLES - ALL OTHERS,DELI,PRODUCE,798,0.00318,0.133,0.049,2.04,818,0.98
CHEESE,HOT CEREAL,GROCERY,GROCERY,2484,0.00990,0.053,0.443,2.37,2541,0.98
FRZN NOVELTIES/WTR ICE,TROPICAL FRUIT,GROCERY,PRODUCE,2634,0.01050,0.255,0.081,1.97,2686,0.98
COOKIES/CONES,FEMININE HYGIENE,GROCERY,DRUG GM,472,0.00188,0.028,0.110,1.61,482,0.98
APPLES,FRZN NOVELTIES/WTR ICE,PRODUCE,GROCERY,1173,0.00467,0.089,0.113,2.15,1196,0.98
CANDY - PACKAGED,FRZN MEAT/MEAT DINNERS,DRUG GM,GROCERY,2950,0.01175,0.137,0.130,1.51,3021,0.98
FLUID MILK PRODUCTS,SOUP,GROCERY,GROCERY,12447,0.04960,0.180,0.528,1.91,12658,0.98
BABY HBC,FRZN MEAT/MEAT DINNERS,DRUG GM,GROCERY,636,0.00253,0.160,0.028,1.76,652,0.98
DRY BN/VEG/POTATO/RICE,WATER - CARBONATED/FLVRD DRINK,GROCERY,GROCERY,1911,0.00761,0.144,0.106,2.01,1953,0.98
EGGS,FROZEN BREAD/DOUGH,GROCERY,GROCERY,1964,0.00783,0.070,0.273,2.46,2004,0.98
PASTA SAUCE,REFRGRATD JUICES/DRNKS,GROCERY,GROCERY,2779,0.01107,0.237,0.107,2.30,2850,0.98
REFRGRATD JUICES/DRNKS,SOUP,GROCERY,GROCERY,5212,0.02077,0.201,0.221,2.14,5292,0.98
CHEESES,FLUID MILK PRODUCTS,DELI,GROCERY,5893,0.02348,0.521,0.085,1.89,6035,0.98
DOG FOODS,PICKLE/RELISH/PKLD VEG,GROCERY,GROCERY,362,0.00144,0.051,0.059,2.08,370,0.98
BAKED BREAD/BUNS/ROLLS,COOKIES,GROCERY,PASTRY,1418,0.00565,0.024,0.384,1.60,1447,0.98
CANDY - PACKAGED,FLOUR & MEALS,DRUG GM,GROCERY,440,0.00175,0.020,0.140,1.64,449,0.98
CANNED JUICES,SHAVING CARE PRODUCTS,GROCERY,DRUG GM,522,0.00208,0.026,0.159,1.98,533,0.98
APPLES,MILK BY-PRODUCTS,PRODUCE,GROCERY,2612,0.01041,0.198,0.133,2.52,2661,0.98
BAG SNACKS,DRY SAUCES/GRAVY,GROCERY,GROCERY,2264,0.00902,0.054,0.349,2.09,2307,0.98
BATH TISSUES,FROZEN BREAD/DOUGH,GROCERY,GROCERY,929,0.00370,0.068,0.129,2.38,944,0.98
DRY NOODLES/PASTA,FRZN MEAT/MEAT DINNERS,GROCERY,GROCERY,2909,0.01159,0.208,0.128,2.29,2979,0.98
CITRUS,MILK BY-PRODUCTS,PRODUCE,GROCERY,1884,0.00751,0.186,0.096,2.37,1917,0.98
BAKED BREAD/BUNS/ROLLS,CORN,GROCERY,PRODUCE,1330,0.00530,0.022,0.486,2.02,1353,0.98
POPCORN,TROPICAL FRUIT,PRODUCE,PRODUCE,1162,0.00463,0.296,0.036,2.29,1191,0.98
COOKIES/CONES,ORAL HYGIENE PRODUCTS,GROCERY,DRUG GM,1078,0.00430,0.063,0.138,2.03,1097,0.98
BACON,SALAD MIX,MEAT-PCKGD,PRODUCE,1777,0.00708,0.164,0.115,2.65,1806,0.98
SOAP - LIQUID & BAR,SOUP,DRUG GM,GROCERY,1306,0.00520,0.223,0.055,2.37,1326,0.98
PEPPERS-ALL,TEAS,PRODUCE,GROCERY,311,0.00124,0.038,0.089,2.72,317,0.98
BAKED BREAD/BUNS/ROLLS,DOG FOODS,GROCERY,GROCERY,2871,0.01144,0.048,0.404,1.68,2940,0.98
BEEF,MELONS,MEAT,PRODUCE,1411,0.00562,0.038,0.327,2.23,1434,0.98
DRY NOODLES/PASTA,YOGURT,GROCERY,GROCERY,2614,0.01042,0.186,0.149,2.66,2678,0.98
FRZN NOVELTIES/WTR ICE,SALAD MIX,GROCERY,PRODUCE,1346,0.00536,0.130,0.087,2.10,1371,0.98
BAG SNACKS,DOG FOODS,GROCERY,GROCERY,1926,0.00767,0.046,0.271,1.62,1963,0.98
FLUID MILK PRODUCTS,ORAL HYGIENE PRODUCTS,GROCERY,DRUG GM,3644,0.01452,0.053,0.468,1.70,3702,0.98
CHEESE,FRUIT - SHELF STABLE,GROCERY,GROCERY,6228,0.02482,0.133,0.468,2.51,6372,0.98
BAG SNACKS,CHARCOAL AND LIGHTER FLUID,GROCERY,DRUG GM,484,0.00193,0.012,0.246,1.47,493,0.98
COLD AND FLU,CRACKERS/MISC BKD FD,DRUG GM,GROCERY,604,0.00241,0.124,0.027,1.37,616,0.98
DOG FOODS,MILK BY-PRODUCTS,GROCERY,GROCERY,1051,0.00419,0.148,0.053,1.88,1076,0.98
FLUID MILK PRODUCTS,SEAFOOD - SHELF STABLE,GROCERY,GROCERY,4455,0.01775,0.064,0.565,2.05,4558,0.98
BAKED BREAD/BUNS/ROLLS,FRZN NOVELTIES/WTR ICE,GROCERY,GROCERY,4494,0.01791,0.075,0.434,1.81,4603,0.98
DISHWASH DETERGENTS,SOFT DRINKS,GROCERY,GROCERY,2584,0.01030,0.415,0.036,1.46,2635,0.98
BUTTER,HISPANIC,GROCERY,GROCERY,742,0.00296,0.150,0.052,2.64,759,0.98
FLUID MILK PRODUCTS,PASTA SAUCE,GROCERY,GROCERY,6574,0.02620,0.095,0.561,2.03,6728,0.98
DELI MEATS,HAND/BODY/FACIAL PRODUCTS,DELI,DRUG GM,402,0.00160,0.023,0.141,2.07,410,0.98
BATH TISSUES,DRY NOODLES/PASTA,GROCERY,GROCERY,1872,0.00746,0.137,0.134,2.46,1901,0.98
FRZN NOVELTIES/WTR ICE,SEAFOOD - SHELF STABLE,GROCERY,GROCERY,748,0.00298,0.072,0.095,2.30,764,0.98
BAKED BREAD/BUNS/ROLLS,DRY NOODLES/PASTA,GROCERY,GROCERY,7476,0.02979,0.124,0.533,2.22,7642,0.98
BREAKFAST SAUSAGE/SANDWICHES,ONIONS,MEAT-PCKGD,PRODUCE,1731,0.00690,0.158,0.111,2.55,1774,0.98
FRZN VEGETABLE/VEG DSH,GRAPES,GROCERY,PRODUCE,1298,0.00517,0.102,0.128,2.53,1330,0.98
PEPPERS-ALL,SUGARS/SWEETNERS,PRODUCE,GROCERY,862,0.00343,0.105,0.084,2.56,878,0.98
SALADS/DIPS,SOFT DRINKS,DELI,GROCERY,2306,0.00919,0.383,0.032,1.34,2362,0.98
CARROTS,GREETING CARDS/WRAP/PARTY SPLY,PRODUCE,DRUG GM,404,0.00161,0.048,0.053,1.59,413,0.98
BAKED BREAD/BUNS/ROLLS,DRY SAUCES/GRAVY,GROCERY,GROCERY,3407,0.01358,0.057,0.525,2.19,3473,0.98
PASTA SAUCE,SOFT DRINKS,GROCERY,GROCERY,5234,0.02086,0.447,0.073,1.57,5317,0.98
PEARS,SOUP,PRODUCE,GROCERY,504,0.00201,0.255,0.021,2.72,517,0.98
PAPER HOUSEWARES,SHORTENING/OIL,GROCERY,GROCERY,613,0.00244,0.080,0.074,2.42,622,0.98
FD WRAPS/BAGS/TRSH BG,FROZEN BREAD/DOUGH,GROCERY,GROCERY,816,0.00325,0.073,0.113,2.54,833,0.98
BAKED SWEET GOODS,CAKES,GROCERY,PASTRY,434,0.00173,0.023,0.098,1.32,442,0.98
BAKED BREAD/BUNS/ROLLS,FD WRAPS/BAGS/TRSH BG,GROCERY,GROCERY,5472,0.02180,0.091,0.487,2.03,5589,0.98
COOKIES/CONES,NUTS,GROCERY,PRODUCE,304,0.00121,0.018,0.166,2.43,309,0.98
GRAPES,ORAL HYGIENE PRODUCTS,PRODUCE,DRUG GM,682,0.00272,0.067,0.088,2.17,696,0.98
CITRUS,MAGAZINE,PRODUCE,DRUG GM,462,0.00184,0.046,0.064,1.59,470,0.98
BREAKFAST SAUSAGE/SANDWICHES,OLIVES,MEAT-PCKGD,GROCERY,328,0.00131,0.030,0.124,2.84,334,0.98
PLASTIC HOUSEWARES,POTATOES,DRUG GM,PRODUCE,321,0.00128,0.147,0.021,2.41,327,0.98
BROOMS AND MOPS,DRY NOODLES/PASTA,DRUG GM,GROCERY,435,0.00173,0.143,0.031,2.56,442,0.98
BAKED SWEET GOODS,SEAFOOD - SHELF STABLE,GROCERY,GROCERY,1414,0.00563,0.076,0.179,2.41,1442,0.98
PREPARED FOOD,WATER - CARBONATED/FLVRD DRINK,DELI,GROCERY,363,0.00145,0.077,0.020,1.08,372,0.98
BAKING MIXES,FACIAL TISS/DNR NAPKIN,GROCERY,GROCERY,759,0.00302,0.067,0.111,2.46,773,0.98
FRZN NOVELTIES/WTR ICE,PNT BTR/JELLY/JAMS,GROCERY,GROCERY,926,0.00369,0.090,0.089,2.17,942,0.98
CANNED JUICES,OLIVES,GROCERY,GROCERY,550,0.00219,0.027,0.208,2.59,563,0.98
MEAT - MISC,WAREHOUSE SNACKS,MEAT-PCKGD,GROCERY,483,0.00192,0.057,0.074,2.20,492,0.98
BACON,VEGETABLES - ALL OTHERS,MEAT-PCKGD,PRODUCE,1852,0.00738,0.170,0.113,2.62,1898,0.98
PLASTIC HOUSEWARES,SOUP,DRUG GM,GROCERY,482,0.00192,0.221,0.020,2.35,494,0.98
BEERS/ALES,HOT DOGS,GROCERY,MEAT-PCKGD,945,0.00377,0.061,0.087,1.40,968,0.98
ANALGESICS,COLD CEREAL,DRUG GM,GROCERY,671,0.00267,0.158,0.027,1.58,682,0.98
BROOMS AND MOPS,COOKIES/CONES,DRUG GM,GROCERY,458,0.00182,0.151,0.027,2.21,469,0.98
FACIAL TISS/DNR NAPKIN,SALAD MIX,GROCERY,PRODUCE,1072,0.00427,0.156,0.069,2.53,1099,0.98
PLASTIC HOUSEWARES,VEGETABLES - SHELF STABLE,DRUG GM,GROCERY,485,0.00193,0.222,0.021,2.47,494,0.98
HOUSEHOLD CLEANG NEEDS,REFRGRATD JUICES/DRNKS,GROCERY,GROCERY,1537,0.00612,0.208,0.059,2.02,1562,0.98
FRZN NOVELTIES/WTR ICE,POTATOES,GROCERY,PRODUCE,1355,0.00540,0.131,0.089,2.15,1380,0.98
GRAPES,REFRGRATD DOUGH PRODUCTS,PRODUCE,GROCERY,1441,0.00574,0.143,0.102,2.53,1471,0.98
CHICKEN,NEWSPAPER,MEAT,DRUG GM,321,0.00128,0.021,0.067,1.11,328,0.98
CANNED JUICES,MELONS,GROCERY,PRODUCE,782,0.00312,0.039,0.181,2.25,802,0.98
CRACKERS/MISC BKD FD,DINNER SAUSAGE,GROCERY,MEAT-PCKGD,2209,0.00880,0.097,0.224,2.48,2262,0.98
DRY NOODLES/PASTA,PLASTIC HOUSEWARES,GROCERY,DRUG GM,306,0.00122,0.022,0.140,2.51,313,0.98
FD WRAPS/BAGS/TRSH BG,GRAPES,GROCERY,PRODUCE,1111,0.00443,0.099,0.110,2.46,1136,0.98
FD WRAPS/BAGS/TRSH BG,TROPICAL FRUIT,GROCERY,PRODUCE,3256,0.01297,0.290,0.100,2.24,3319,0.98
CONDIMENTS/SAUCES,POPCORN,GROCERY,PRODUCE,698,0.00278,0.039,0.178,2.50,711,0.98
ICE CREAM/MILK/SHERBTS,SALAD MIX,GROCERY,PRODUCE,2275,0.00907,0.113,0.147,1.83,2310,0.98
DELI MEATS,PAPER HOUSEWARES,DELI,GROCERY,1160,0.00462,0.068,0.151,2.21,1181,0.98
SEAFOOD-FRESH,VEGETABLES - SHELF STABLE,SEAFOOD,GROCERY,767,0.00306,0.209,0.034,2.32,784,0.98
MEAT - SHELF STABLE,POTATOES,GROCERY,PRODUCE,2315,0.00922,0.168,0.151,2.76,2370,0.98
BAKED BREAD/BUNS/ROLLS,YOGURT,GROCERY,GROCERY,8775,0.03497,0.146,0.499,2.08,8972,0.98
DRY BN/VEG/POTATO/RICE,REFRGRATD JUICES/DRNKS,GROCERY,GROCERY,3116,0.01242,0.235,0.120,2.28,3165,0.98
COLD CEREAL,FIRST AID PRODUCTS,GROCERY,DRUG GM,425,0.00169,0.017,0.161,1.61,432,0.98
MARGARINES,SEAFOOD-FRESH,GROCERY,SEAFOOD,442,0.00176,0.033,0.120,2.23,451,0.98
CORN,HISPANIC,PRODUCE,GROCERY,371,0.00148,0.135,0.026,2.38,378,0.98
BAKED BREAD/BUNS/ROLLS,VEGETABLES - SHELF STABLE,GROCERY,GROCERY,11876,0.04732,0.197,0.526,2.19,12134,0.98
CRACKERS/MISC BKD FD,FRZN JCE CONC/DRNKS,GROCERY,GROCERY,407,0.00162,0.018,0.215,2.37,414,0.98
DINNER MXS:DRY,LAUNDRY DETERGENTS,GROCERY,GROCERY,1183,0.00471,0.089,0.140,2.64,1201,0.98
AIR CARE,DINNER MXS:DRY,GROCERY,GROCERY,523,0.00208,0.137,0.039,2.59,534,0.98
MEAT - SHELF STABLE,SNACK NUTS,GROCERY,GROCERY,631,0.00251,0.046,0.135,2.45,642,0.98
FRUIT - SHELF STABLE,SOAP - LIQUID & BAR,GROCERY,DRUG GM,808,0.00322,0.061,0.138,2.60,826,0.98
HOUSEHOLD CLEANG NEEDS,POTATOES,GROCERY,PRODUCE,1100,0.00438,0.149,0.072,2.45,1123,0.98
SALADS/DIPS,SALD DRSNG/SNDWCH SPRD,DELI,GROCERY,819,0.00326,0.136,0.049,2.04,839,0.98
CANNED JUICES,FIRST AID PRODUCTS,GROCERY,DRUG GM,327,0.00130,0.016,0.124,1.54,334,0.98
DELI MEATS,SOFT DRINKS,DELI,GROCERY,7031,0.02802,0.411,0.098,1.44,7201,0.98
COOKIES/CONES,HISPANIC,GROCERY,GROCERY,2314,0.00922,0.135,0.162,2.38,2352,0.98
COCOA MIXES,EGGS,GROCERY,GROCERY,1069,0.00426,0.280,0.038,2.52,1089,0.98
CANNED JUICES,SOFT DRINKS,GROCERY,GROCERY,8174,0.03257,0.405,0.114,1.42,8350,0.98
MARGARINES,SOFT DRINKS,GROCERY,GROCERY,5761,0.02296,0.425,0.081,1.49,5870,0.98
CONDIMENTS/SAUCES,DRIED FRUIT,GROCERY,NUTRITION,584,0.00233,0.033,0.194,2.72,596,0.98
PICKLE/RELISH/PKLD VEG,REFRGRATD DOUGH PRODUCTS,GROCERY,GROCERY,951,0.00379,0.154,0.067,2.75,969,0.98
BEERS/ALES,HAIR CARE PRODUCTS,GROCERY,DRUG GM,635,0.00253,0.041,0.080,1.30,647,0.98
FROZEN PIE/DESSERTS,PNT BTR/JELLY/JAMS,GROCERY,GROCERY,594,0.00237,0.092,0.057,2.24,606,0.98
FEMININE HYGIENE,FRUIT - SHELF STABLE,DRUG GM,GROCERY,415,0.00165,0.097,0.031,1.82,424,0.98
PORK,SALAD MIX,MEAT,PRODUCE,1963,0.00782,0.159,0.126,2.57,2012,0.98
COFFEE,ISOTONIC DRINKS,GROCERY,GROCERY,472,0.00188,0.041,0.088,1.93,484,0.98
BEERS/ALES,CHICKEN,GROCERY,MEAT,1287,0.00513,0.083,0.086,1.39,1317,0.98
FRZN NOVELTIES/WTR ICE,HAIR CARE PRODUCTS,GROCERY,DRUG GM,596,0.00237,0.058,0.075,1.82,608,0.98
DINNER MXS:DRY,PET CARE SUPPLIES,GROCERY,GROCERY,304,0.00121,0.023,0.121,2.29,310,0.98
BAKING NEEDS,CANNED JUICES,GROCERY,GROCERY,1795,0.00715,0.173,0.089,2.15,1831,0.98
DELI MEATS,NEWSPAPER,DELI,DRUG GM,367,0.00146,0.021,0.076,1.12,374,0.98
SHAVING CARE PRODUCTS,SOFT DRINKS,DRUG GM,GROCERY,1260,0.00502,0.383,0.018,1.35,1287,0.98
SALD DRSNG/SNDWCH SPRD,SNACK NUTS,GROCERY,GROCERY,723,0.00288,0.043,0.155,2.32,737,0.98
BAKED SWEET GOODS,GRAPES,GROCERY,PRODUCE,1663,0.00663,0.089,0.165,2.21,1697,0.98
COOKIES,FROZEN PIZZA,PASTRY,GROCERY,555,0.00221,0.150,0.024,1.63,565,0.98
FRZN VEGETABLE/VEG DSH,MEAT - SHELF STABLE,GROCERY,GROCERY,1878,0.00748,0.147,0.136,2.68,1909,0.98
CHEESE,RICE CAKES,GROCERY,NUTRITION,532,0.00212,0.011,0.427,2.28,541,0.98
DINNER MXS:DRY,REFRGRATD JUICES/DRNKS,GROCERY,GROCERY,3223,0.01284,0.242,0.124,2.35,3276,0.98
CANDY - CHECKLANE,FRZN POTATOES,DRUG GM,GROCERY,916,0.00365,0.039,0.113,1.22,939,0.98
BEEF,FLOUR & MEALS,MEAT,GROCERY,1014,0.00404,0.028,0.323,2.21,1035,0.98
BEEF,DOG FOODS,MEAT,GROCERY,1855,0.00739,0.051,0.261,1.78,1902,0.98
FACIAL TISS/DNR NAPKIN,SOFT DRINKS,GROCERY,GROCERY,2925,0.01166,0.427,0.041,1.50,2975,0.98
CANNED JUICES,SPICES & EXTRACTS,GROCERY,GROCERY,1777,0.00708,0.088,0.188,2.34,1804,0.98
BACON,CHICKEN/POULTRY,MEAT-PCKGD,DELI,340,0.00135,0.031,0.058,1.34,346,0.98
FRZN MEAT/MEAT DINNERS,SHAVING CARE PRODUCTS,GROCERY,DRUG GM,545,0.00217,0.024,0.166,1.83,559,0.98
BABY HBC,BAKING NEEDS,DRUG GM,GROCERY,308,0.00123,0.077,0.030,1.87,315,0.98
FROZEN PIZZA,MARGARINES,GROCERY,GROCERY,2760,0.01100,0.119,0.204,2.21,2819,0.98
CIGARETTES,FROZEN MEAT,DRUG GM,MEAT-PCKGD,364,0.00145,0.033,0.044,1.02,370,0.98
CANNED JUICES,CAT FOOD,GROCERY,GROCERY,918,0.00366,0.046,0.140,1.74,937,0.98
BACON,SOFT DRINKS,MEAT-PCKGD,GROCERY,4702,0.01874,0.433,0.066,1.52,4813,0.98
COLD CEREAL,DRY SAUCES/GRAVY,GROCERY,GROCERY,1686,0.00672,0.067,0.260,2.60,1726,0.98
GRAPES,MILK BY-PRODUCTS,PRODUCE,GROCERY,1954,0.00779,0.193,0.099,2.46,2000,0.98
COOKIES/CONES,STONE FRUIT,GROCERY,PRODUCE,825,0.00329,0.048,0.150,2.21,840,0.98
ORAL HYGIENE PRODUCTS,SALADS/DIPS,DRUG GM,DELI,333,0.00133,0.043,0.055,1.78,341,0.98
PORK,TOMATOES,MEAT,PRODUCE,1904,0.00759,0.154,0.125,2.53,1936,0.98
BAKED SWEET GOODS,PICKLE/RELISH/PKLD VEG,GROCERY,GROCERY,1076,0.00429,0.058,0.175,2.35,1103,0.98
ICE CREAM/MILK/SHERBTS,MARGARINES,GROCERY,GROCERY,1972,0.00786,0.098,0.146,1.82,2012,0.98
GREETING CARDS/WRAP/PARTY SPLY,MILK BY-PRODUCTS,DRUG GM,GROCERY,885,0.00353,0.117,0.045,1.49,904,0.98
BEEF,FRUIT - SHELF STABLE,MEAT,GROCERY,4864,0.01938,0.133,0.366,2.50,4976,0.98
CHICKEN,COFFEE,MEAT,GROCERY,1526,0.00608,0.101,0.133,2.22,1550,0.98
FD WRAPS/BAGS/TRSH BG,MEAT - SHELF STABLE,GROCERY,GROCERY,1600,0.00638,0.142,0.116,2.59,1634,0.98
FEMININE HYGIENE,SOFT DRINKS,DRUG GM,GROCERY,1458,0.00581,0.340,0.020,1.19,1493,0.98
BEEF,SOFT DRINKS,MEAT,GROCERY,14935,0.05951,0.407,0.209,1.43,15216,0.98
FRZN MEAT/MEAT DINNERS,HISPANIC,GROCERY,GROCERY,2801,0.01116,0.123,0.196,2.17,2858,0.98
GREETING CARDS/WRAP/PARTY SPLY,TROPICAL FRUIT,DRUG GM,PRODUCE,1426,0.00568,0.188,0.044,1.45,1454,0.98
CANDY - CHECKLANE,MEAT - SHELF STABLE,DRUG GM,GROCERY,1580,0.00630,0.068,0.115,1.24,1620,0.98
FROZEN MEAT,SUGARS/SWEETNERS,MEAT-PCKGD,GROCERY,862,0.00343,0.105,0.084,2.56,881,0.98
ICE CREAM/MILK/SHERBTS,LAUNDRY ADDITIVES,GROCERY,GROCERY,629,0.00251,0.031,0.141,1.77,644,0.98
MILK BY-PRODUCTS,NUTS,GROCERY,PRODUCE,361,0.00144,0.018,0.197,2.51,368,0.98
APPLES,EGGS,PRODUCE,GROCERY,3603,0.01436,0.273,0.129,2.46,3675,0.98
DELI MEATS,MOLASSES/SYRUP/PANCAKE MIXS,DELI,GROCERY,799,0.00318,0.047,0.177,2.60,815,0.98
COLD CEREAL,DOG FOODS,GROCERY,GROCERY,1352,0.00539,0.054,0.190,1.90,1383,0.98
BEANS - CANNED GLASS & MW,REFRGRATD DOUGH PRODUCTS,GROCERY,GROCERY,1459,0.00581,0.154,0.103,2.73,1481,0.98
COFFEE,DELI MEATS,GROCERY,DELI,1670,0.00665,0.146,0.098,2.14,1697,0.98
BAG SNACKS,TOMATOES,GROCERY,PRODUCE,5057,0.02015,0.120,0.331,1.98,5164,0.98
GREETING CARDS/WRAP/PARTY SPLY,VEGETABLES - ALL OTHERS,DRUG GM,PRODUCE,749,0.00298,0.099,0.046,1.52,762,0.98
HOUSEHOLD CLEANG NEEDS,WAREHOUSE SNACKS,GROCERY,GROCERY,392,0.00156,0.053,0.060,2.04,400,0.98
BAKING NEEDS,GRAPES,GROCERY,PRODUCE,981,0.00391,0.094,0.097,2.34,996,0.98
ICE CREAM/MILK/SHERBTS,SMOKED MEATS,GROCERY,MEAT,552,0.00220,0.028,0.141,1.76,564,0.98
CHIPS&SNACKS,SOUP,NUTRITION,GROCERY,373,0.00149,0.220,0.016,2.35,380,0.98
DEODORANTS,REFRGRATD JUICES/DRNKS,DRUG GM,GROCERY,794,0.00316,0.187,0.031,1.81,811,0.98
DELI MEATS,SOUP,DELI,GROCERY,3821,0.01523,0.223,0.162,2.38,3893,0.98
MILK BY-PRODUCTS,PNT BTR/JELLY/JAMS,GROCERY,GROCERY,2066,0.00823,0.105,0.199,2.54,2099,0.98
GRAPES,PORK,PRODUCE,MEAT,1308,0.00521,0.129,0.106,2.63,1328,0.98
BREAKFAST SAUSAGE/SANDWICHES,CONVENIENT BRKFST/WHLSM SNACKS,MEAT-PCKGD,GROCERY,1654,0.00659,0.151,0.118,2.71,1684,0.98
BEEF,SEAFOOD-FRESH,MEAT,SEAFOOD,1101,0.00439,0.030,0.300,2.05,1124,0.98
FLOUR & MEALS,HISPANIC,GROCERY,GROCERY,438,0.00175,0.140,0.031,2.46,449,0.98
BLEACH,CONVENIENT BRKFST/WHLSM SNACKS,GROCERY,GROCERY,471,0.00188,0.133,0.034,2.38,479,0.98
BACON,DOG FOODS,MEAT-PCKGD,GROCERY,616,0.00245,0.057,0.087,2.00,631,0.98
BAG SNACKS,VEGETABLES SALAD,GROCERY,PRODUCE,3529,0.01406,0.084,0.330,1.97,3599,0.98
BABY FOODS,VEGETABLES - SHELF STABLE,DRUG GM,GROCERY,726,0.00289,0.172,0.032,1.91,740,0.98
BROCCOLI/CAULIFLOWER,PICKLE/RELISH/PKLD VEG,PRODUCE,GROCERY,335,0.00133,0.075,0.054,3.05,342,0.98
HAIR CARE PRODUCTS,ORGANICS FRUIT & VEGETABLES,DRUG GM,PRODUCE,368,0.00147,0.046,0.070,2.20,375,0.98
ICE CREAM/MILK/SHERBTS,VEGETABLES SALAD,GROCERY,PRODUCE,1530,0.00610,0.076,0.143,1.79,1567,0.98
CONDIMENTS/SAUCES,LAUNDRY DETERGENTS,GROCERY,GROCERY,1398,0.00557,0.078,0.165,2.32,1425,0.98
PEPPERS-ALL,SNACK NUTS,PRODUCE,GROCERY,371,0.00148,0.045,0.079,2.42,380,0.98
COFFEE,FEMININE HYGIENE,GROCERY,DRUG GM,308,0.00123,0.027,0.072,1.57,314,0.98
BREAKFAST SAUSAGE/SANDWICHES,FROZEN PIE/DESSERTS,MEAT-PCKGD,GROCERY,611,0.00243,0.056,0.095,2.18,628,0.97
BROOMS AND MOPS,TROPICAL FRUIT,DRUG GM,PRODUCE,847,0.00338,0.279,0.026,2.15,876,0.97
SALADS/DIPS,YOGURT,DELI,GROCERY,838,0.00334,0.139,0.048,1.99,868,0.97
SEAFOOD - FROZEN,WATER - CARBONATED/FLVRD DRINK,SEAFOOD-PCKGD,GROCERY,994,0.00396,0.132,0.055,1.85,1027,0.97
APPLES,COOKIES,PRODUCE,PASTRY,352,0.00140,0.027,0.095,1.81,364,0.97
APPLES,DISHWASH DETERGENTS,PRODUCE,GROCERY,821,0.00327,0.062,0.132,2.51,843,0.97
BROOMS AND MOPS,FRZN VEGETABLE/VEG DSH,DRUG GM,GROCERY,361,0.00144,0.119,0.028,2.34,372,0.97
BAKING MIXES,MAGAZINE,GROCERY,DRUG GM,507,0.00202,0.045,0.070,1.56,521,0.97
ELECTRICAL SUPPPLIES,POTATOES,DRUG GM,PRODUCE,357,0.00142,0.135,0.023,2.21,369,0.97
LUNCHMEAT,SHORTENING/OIL,MEAT-PCKGD,GROCERY,1787,0.00712,0.075,0.216,2.29,1850,0.97
BROOMS AND MOPS,CONDIMENTS/SAUCES,DRUG GM,GROCERY,505,0.00201,0.166,0.028,2.33,522,0.97
CONDIMENTS/SAUCES,FACIAL TISS/DNR NAPKIN,GROCERY,GROCERY,1230,0.00490,0.069,0.180,2.52,1262,0.97
APPLES,FRZN MEAT/MEAT DINNERS,PRODUCE,GROCERY,2619,0.01044,0.198,0.115,2.19,2705,0.97
CHEESES,CONVENIENT BRKFST/WHLSM SNACKS,DELI,GROCERY,1635,0.00651,0.144,0.117,2.59,1694,0.97
BAKED SWEET GOODS,SHAVING CARE PRODUCTS,GROCERY,DRUG GM,449,0.00179,0.024,0.137,1.84,465,0.97
APPLES,DRY BN/VEG/POTATO/RICE,PRODUCE,GROCERY,1954,0.00779,0.148,0.147,2.80,2020,0.97
FRZN MEAT/MEAT DINNERS,TEAS,GROCERY,GROCERY,686,0.00273,0.030,0.197,2.17,704,0.97
EGGS,SNACK NUTS,GROCERY,GROCERY,1127,0.00449,0.040,0.241,2.17,1158,0.97
SALD DRSNG/SNDWCH SPRD,SOFT DRINKS,GROCERY,GROCERY,7050,0.02809,0.421,0.099,1.48,7266,0.97
BEEF,CANNED JUICES,MEAT,GROCERY,6193,0.02468,0.169,0.307,2.10,6381,0.97
CRACKERS/MISC BKD FD,PORK,GROCERY,MEAT,2875,0.01146,0.127,0.232,2.57,2967,0.97
BROCCOLI/CAULIFLOWER,PASTA SAUCE,PRODUCE,GROCERY,645,0.00257,0.144,0.055,3.09,664,0.97
LAUNDRY ADDITIVES,SOFT DRINKS,GROCERY,GROCERY,1840,0.00733,0.414,0.026,1.45,1891,0.97
FRZN VEGETABLE/VEG DSH,REFRGRATD JUICES/DRNKS,GROCERY,GROCERY,2762,0.01101,0.217,0.107,2.10,2841,0.97
EGGS,PEARS,GROCERY,PRODUCE,552,0.00220,0.020,0.279,2.52,570,0.97
DIAPERS & DISPOSABLES,SOFT DRINKS,DRUG GM,GROCERY,1489,0.00593,0.326,0.021,1.14,1538,0.97
CHIPS&SNACKS,COLD CEREAL,NUTRITION,GROCERY,385,0.00153,0.228,0.015,2.27,396,0.97
BEEF,BREAD,MEAT,PASTRY,2229,0.00888,0.061,0.280,1.92,2289,0.97
CONDIMENTS/SAUCES,COOKIES,GROCERY,PASTRY,467,0.00186,0.026,0.126,1.78,479,0.97
COLD CEREAL,SOFT DRINKS,GROCERY,GROCERY,10429,0.04156,0.415,0.146,1.46,10772,0.97
EGGS,NEWSPAPER,GROCERY,DRUG GM,589,0.00235,0.021,0.122,1.10,610,0.97
COFFEE,FRZN BREAKFAST FOODS,GROCERY,GROCERY,777,0.00310,0.068,0.106,2.33,803,0.97
BROCCOLI/CAULIFLOWER,CRACKERS/MISC BKD FD,PRODUCE,GROCERY,1112,0.00443,0.249,0.049,2.75,1152,0.97
EGGS,MEAT - SHELF STABLE,GROCERY,GROCERY,3834,0.01528,0.138,0.278,2.50,3934,0.97
EGGS,FD WRAPS/BAGS/TRSH BG,GROCERY,GROCERY,2848,0.01135,0.102,0.254,2.28,2925,0.97
EGGS,ICE CREAM/MILK/SHERBTS,GROCERY,GROCERY,3871,0.01542,0.139,0.193,1.74,3993,0.97
LAUNDRY DETERGENTS,REFRGRATD DOUGH PRODUCTS,GROCERY,GROCERY,1085,0.00432,0.128,0.077,2.28,1124,0.97
PAPER HOUSEWARES,STONE FRUIT,GROCERY,PRODUCE,365,0.00145,0.047,0.067,2.17,377,0.97
LAUNDRY DETERGENTS,STONE FRUIT,GROCERY,PRODUCE,397,0.00158,0.047,0.072,2.15,410,0.97
COLD CEREAL,VEGETABLES - SHELF STABLE,GROCERY,GROCERY,5792,0.02308,0.230,0.256,2.56,5991,0.97
AIR CARE,CONDIMENTS/SAUCES,GROCERY,GROCERY,615,0.00245,0.162,0.034,2.27,635,0.97
BROCCOLI/CAULIFLOWER,FLUID MILK PRODUCTS,PRODUCE,GROCERY,2487,0.00991,0.557,0.036,2.02,2563,0.97
CRACKERS/MISC BKD FD,PET CARE SUPPLIES,GROCERY,GROCERY,465,0.00185,0.020,0.185,2.05,478,0.97
AIR CARE,CANDY - CHECKLANE,GROCERY,DRUG GM,416,0.00166,0.109,0.018,1.18,427,0.97
CITRUS,COLD CEREAL,PRODUCE,GROCERY,2383,0.00950,0.236,0.095,2.35,2468,0.97
DIETARY AID PRODUCTS,EGGS,DRUG GM,GROCERY,389,0.00155,0.218,0.014,1.96,403,0.97
PREPARED FOOD,TOMATOES,DELI,PRODUCE,349,0.00139,0.074,0.023,1.22,359,0.97
DELI MEATS,REFRGRATD DOUGH PRODUCTS,DELI,GROCERY,2241,0.00893,0.131,0.159,2.33,2306,0.97
BACON,GRAPES,MEAT-PCKGD,PRODUCE,1161,0.00463,0.107,0.115,2.65,1192,0.97
FROZEN PIE/DESSERTS,TROPICAL FRUIT,GROCERY,PRODUCE,1683,0.00671,0.262,0.052,2.02,1734,0.97
CANNED JUICES,ORAL HYGIENE PRODUCTS,GROCERY,DRUG GM,1253,0.00499,0.062,0.161,2.00,1287,0.97
PAPER HOUSEWARES,PWDR/CRYSTL DRNK MX,GROCERY,GROCERY,394,0.00157,0.051,0.074,2.42,408,0.97
CRACKERS/MISC BKD FD,MAKEUP AND TREATMENT,GROCERY,COSMETICS,654,0.00261,0.029,0.167,1.84,672,0.97
BEANS - CANNED GLASS & MW,LAUNDRY ADDITIVES,GROCERY,GROCERY,445,0.00177,0.047,0.100,2.64,457,0.97
CRACKERS/MISC BKD FD,LAUNDRY DETERGENTS,GROCERY,GROCERY,1768,0.00704,0.078,0.209,2.31,1828,0.97
FRZN BREAKFAST FOODS,VEGETABLES - SHELF STABLE,GROCERY,GROCERY,1809,0.00721,0.248,0.080,2.75,1874,0.97
PNT BTR/JELLY/JAMS,PORK,GROCERY,MEAT,1359,0.00542,0.131,0.110,2.66,1403,0.97
AIR CARE,YOGURT,GROCERY,GROCERY,596,0.00237,0.157,0.034,2.23,617,0.97
CAT FOOD,FRZN NOVELTIES/WTR ICE,GROCERY,GROCERY,431,0.00172,0.066,0.042,1.59,446,0.97
DINNER MXS:DRY,ICE CREAM/MILK/SHERBTS,GROCERY,GROCERY,2073,0.00826,0.156,0.103,1.95,2134,0.97
COOKIES,REFRGRATD DOUGH PRODUCTS,PASTRY,GROCERY,368,0.00147,0.100,0.026,1.77,378,0.97
CARROTS,FLUID MILK PRODUCTS,PRODUCE,GROCERY,4673,0.01862,0.556,0.068,2.02,4816,0.97
CRACKERS/MISC BKD FD,FEMININE HYGIENE,GROCERY,DRUG GM,653,0.00260,0.029,0.152,1.68,674,0.97
CAT LITTER,FRUIT - SHELF STABLE,GROCERY,GROCERY,356,0.00142,0.121,0.027,2.28,368,0.97
FROZEN PIE/DESSERTS,SALD DRSNG/SNDWCH SPRD,GROCERY,GROCERY,926,0.00369,0.144,0.055,2.16,955,0.97
BEANS - CANNED GLASS & MW,HEAT/SERVE,GROCERY,MEAT-PCKGD,524,0.00209,0.055,0.099,2.62,538,0.97
CANNED JUICES,CORN,GROCERY,PRODUCE,478,0.00190,0.024,0.175,2.17,494,0.97
FRZN MEAT/MEAT DINNERS,SNACK NUTS,GROCERY,GROCERY,839,0.00334,0.037,0.179,1.98,861,0.97
COOKIES,FLUID MILK PRODUCTS,PASTRY,GROCERY,1501,0.00598,0.407,0.022,1.47,1548,0.97
PASTA SAUCE,VEGETABLES SALAD,GROCERY,PRODUCE,1329,0.00530,0.113,0.124,2.66,1377,0.97
BABY HBC,BAKING MIXES,DRUG GM,GROCERY,345,0.00137,0.087,0.031,1.93,357,0.97
COOKIES,DINNER MXS:DRY,PASTRY,GROCERY,377,0.00150,0.102,0.028,1.93,388,0.97
BABY HBC,BAKED SWEET GOODS,DRUG GM,GROCERY,527,0.00210,0.133,0.028,1.78,542,0.97
ORAL HYGIENE PRODUCTS,PASTA SAUCE,DRUG GM,GROCERY,850,0.00339,0.109,0.073,2.33,878,0.97
ONIONS,TEAS,PRODUCE,GROCERY,553,0.00220,0.036,0.159,2.56,568,0.97
DEODORANTS,DRY NOODLES/PASTA,DRUG GM,GROCERY,529,0.00211,0.124,0.038,2.23,546,0.97
BAG SNACKS,TOYS AND GAMES,GROCERY,DRUG GM,492,0.00196,0.012,0.259,1.55,505,0.97
CHEESE,COOKIES/CONES,GROCERY,GROCERY,6767,0.02696,0.144,0.396,2.12,7012,0.97
HAIR CARE PRODUCTS,HISPANIC,DRUG GM,GROCERY,969,0.00386,0.122,0.068,2.15,996,0.97
FRZN MEAT/MEAT DINNERS,LAUNDRY DETERGENTS,GROCERY,GROCERY,1527,0.00608,0.067,0.180,1.99,1567,0.97
BLEACH,CRACKERS/MISC BKD FD,GROCERY,GROCERY,714,0.00285,0.201,0.031,2.23,739,0.97
BATTERIES,SOFT DRINKS,DRUG GM,GROCERY,779,0.00310,0.346,0.011,1.21,801,0.97
CITRUS,FD WRAPS/BAGS/TRSH BG,PRODUCE,GROCERY,1054,0.00420,0.104,0.094,2.33,1087,0.97
DINNER SAUSAGE,HISPANIC,MEAT-PCKGD,GROCERY,1380,0.00550,0.140,0.097,2.46,1423,0.97
CONVENIENT BRKFST/WHLSM SNACKS,VEGETABLES - SHELF STABLE,GROCERY,GROCERY,3549,0.01414,0.254,0.157,2.82,3650,0.97
HAIR CARE PRODUCTS,REFRGRATD DOUGH PRODUCTS,DRUG GM,GROCERY,948,0.00378,0.120,0.067,2.12,973,0.97
DINNER SAUSAGE,ICE CREAM/MILK/SHERBTS,MEAT-PCKGD,GROCERY,1407,0.00561,0.143,0.070,1.78,1450,0.97
ONIONS,PAPER HOUSEWARES,PRODUCE,GROCERY,1115,0.00444,0.072,0.145,2.34,1149,0.97
CONVENIENT BRKFST/WHLSM SNACKS,VALUE ADDED VEGETABLES,GROCERY,PRODUCE,324,0.00129,0.023,0.155,2.77,335,0.97
COFFEE,DINNER SAUSAGE,GROCERY,MEAT-PCKGD,991,0.00395,0.086,0.100,2.20,1021,0.97
BLEACH,HOT DOGS,GROCERY,MEAT-PCKGD,343,0.00137,0.097,0.031,2.22,355,0.97
PWDR/CRYSTL DRNK MX,YOGURT,GROCERY,GROCERY,955,0.00381,0.180,0.054,2.56,984,0.97
HAIR CARE PRODUCTS,SOFT DRINKS,DRUG GM,GROCERY,3027,0.01206,0.382,0.042,1.34,3131,0.97
BABY FOODS,PNT BTR/JELLY/JAMS,DRUG GM,GROCERY,327,0.00130,0.077,0.032,1.87,337,0.97
HAIR CARE PRODUCTS,SOUP,DRUG GM,GROCERY,1599,0.00637,0.202,0.068,2.15,1644,0.97
BLEACH,REFRGRATD JUICES/DRNKS,GROCERY,GROCERY,702,0.00280,0.198,0.027,1.92,721,0.97
DINNER SAUSAGE,PNT BTR/JELLY/JAMS,MEAT-PCKGD,GROCERY,1036,0.00413,0.105,0.100,2.54,1066,0.97
CHICKEN,LUNCHMEAT,MEAT,MEAT-PCKGD,3135,0.01249,0.208,0.132,2.21,3236,0.97
COFFEE,MILK BY-PRODUCTS,GROCERY,GROCERY,1961,0.00781,0.171,0.100,2.18,2013,0.97
CITRUS,CRACKERS/MISC BKD FD,PRODUCE,GROCERY,2227,0.00887,0.220,0.098,2.44,2289,0.97
BLEACH,VEGETABLES SALAD,GROCERY,PRODUCE,328,0.00131,0.093,0.031,2.17,339,0.97
SOUP,VEGETABLES SALAD,GROCERY,PRODUCE,2445,0.00974,0.104,0.228,2.43,2526,0.97
CANDY - PACKAGED,LUNCHMEAT,DRUG GM,MEAT-PCKGD,3181,0.01268,0.148,0.134,1.57,3280,0.97
CHICKEN,FRUIT - SHELF STABLE,MEAT,GROCERY,2173,0.00866,0.144,0.163,2.73,2229,0.97
FRZN NOVELTIES/WTR ICE,LAUNDRY ADDITIVES,GROCERY,GROCERY,370,0.00147,0.036,0.083,2.02,382,0.97
BREAD,HOUSEHOLD CLEANG NEEDS,PASTRY,GROCERY,452,0.00180,0.057,0.061,1.93,467,0.97
COFFEE FILTERS,VEGETABLES - SHELF STABLE,DRUG GM,GROCERY,359,0.00143,0.219,0.016,2.43,371,0.97
FLUID MILK PRODUCTS,WAREHOUSE SNACKS,GROCERY,GROCERY,3022,0.01204,0.044,0.462,1.68,3110,0.97
BABY FOODS,PAPER TOWELS,DRUG GM,GROCERY,309,0.00123,0.073,0.030,1.80,317,0.97
REFRGRATD DOUGH PRODUCTS,SOAP - LIQUID & BAR,GROCERY,DRUG GM,760,0.00303,0.054,0.130,2.31,785,0.97
FRZN BREAKFAST FOODS,GRAPES,GROCERY,PRODUCE,782,0.00312,0.107,0.077,2.66,802,0.97
BATH TISSUES,FRZN NOVELTIES/WTR ICE,GROCERY,GROCERY,1064,0.00424,0.078,0.103,1.90,1102,0.97
BAG SNACKS,DRY BN/VEG/POTATO/RICE,GROCERY,GROCERY,4688,0.01868,0.112,0.354,2.11,4813,0.97
DISHWASH DETERGENTS,FRZN NOVELTIES/WTR ICE,GROCERY,GROCERY,516,0.00206,0.083,0.050,2.01,533,0.97
FLUID MILK PRODUCTS,STONE FRUIT,GROCERY,PRODUCE,2741,0.01092,0.040,0.500,1.81,2825,0.97
CANNED MILK,TROPICAL FRUIT,GROCERY,PRODUCE,484,0.00193,0.267,0.015,2.06,501,0.97
DISHWASH DETERGENTS,HISPANIC,GROCERY,GROCERY,867,0.00345,0.139,0.061,2.45,891,0.97
CANDY - PACKAGED,FRUIT - SHELF STABLE,DRUG GM,GROCERY,2015,0.00803,0.094,0.152,1.77,2082,0.97
DISHWASH DETERGENTS,HOT DOGS,GROCERY,MEAT-PCKGD,659,0.00263,0.106,0.060,2.43,676,0.97
DELI MEATS,MEAT - SHELF STABLE,DELI,GROCERY,2333,0.00930,0.136,0.169,2.48,2396,0.97
FLUID MILK PRODUCTS,SOAP - LIQUID & BAR,GROCERY,DRUG GM,2884,0.01149,0.042,0.492,1.78,2969,0.97
BEANS - CANNED GLASS & MW,REFRGRATD JUICES/DRNKS,GROCERY,GROCERY,2197,0.00875,0.231,0.085,2.24,2267,0.97
FLUID MILK PRODUCTS,SNACK NUTS,GROCERY,GROCERY,2264,0.00902,0.033,0.484,1.76,2341,0.97
CONVENIENT BRKFST/WHLSM SNACKS,PROCESSED,GROCERY,PRODUCE,720,0.00287,0.051,0.153,2.75,741,0.97
GRAPES,LUNCHMEAT,PRODUCE,MEAT-PCKGD,2179,0.00868,0.216,0.092,2.28,2244,0.97
FRZN BREAKFAST FOODS,SALD DRSNG/SNDWCH SPRD,GROCERY,GROCERY,1285,0.00512,0.176,0.077,2.64,1318,0.97
MUSHROOMS,PICKLE/RELISH/PKLD VEG,PRODUCE,GROCERY,336,0.00134,0.071,0.055,2.89,348,0.97
DISHWASH DETERGENTS,REFRGRATD DOUGH PRODUCTS,GROCERY,GROCERY,847,0.00338,0.136,0.060,2.42,869,0.97
DISHWASH DETERGENTS,SALD DRSNG/SNDWCH SPRD,GROCERY,GROCERY,1014,0.00404,0.163,0.061,2.44,1040,0.97
HISPANIC,LAUNDRY ADDITIVES,GROCERY,GROCERY,619,0.00247,0.043,0.139,2.45,638,0.97
COFFEE,PEPPERS-ALL,GROCERY,PRODUCE,888,0.00354,0.077,0.108,2.37,912,0.97
DISHWASH DETERGENTS,VEGETABLES - SHELF STABLE,GROCERY,GROCERY,1427,0.00569,0.229,0.063,2.55,1474,0.97
CANDY - PACKAGED,COLD CEREAL,DRUG GM,GROCERY,3535,0.01409,0.164,0.141,1.64,3643,0.97
CITRUS,POPCORN,PRODUCE,PRODUCE,380,0.00151,0.038,0.097,2.40,391,0.97
AIR CARE,BAKED SWEET GOODS,GROCERY,GROCERY,567,0.00226,0.149,0.030,2.00,582,0.97
COLD AND FLU,DELI MEATS,DRUG GM,DELI,440,0.00175,0.090,0.026,1.32,452,0.97
BAG SNACKS,CAKES,GROCERY,PASTRY,932,0.00371,0.022,0.210,1.26,963,0.97
BABY FOODS,FLUID MILK PRODUCTS,DRUG GM,GROCERY,1727,0.00688,0.408,0.025,1.48,1778,0.97
REFRGRATD JUICES/DRNKS,SEAFOOD-FRESH,GROCERY,SEAFOOD,723,0.00288,0.028,0.197,1.91,745,0.97
BATH TISSUES,DRY SAUCES/GRAVY,GROCERY,GROCERY,835,0.00333,0.061,0.129,2.37,865,0.97
FRZN NOVELTIES/WTR ICE,MILK BY-PRODUCTS,GROCERY,GROCERY,1651,0.00658,0.160,0.084,2.03,1694,0.97
DOG FOODS,FRZN BREAKFAST FOODS,GROCERY,GROCERY,413,0.00165,0.058,0.057,2.00,424,0.97
DELI MEATS,HOUSEHOLD CLEANG NEEDS,DELI,GROCERY,1116,0.00445,0.065,0.151,2.22,1146,0.97
BATH TISSUES,DRY MIX DESSERTS,GROCERY,GROCERY,678,0.00270,0.050,0.124,2.29,700,0.97
FLUID MILK PRODUCTS,PORK,GROCERY,MEAT,6509,0.02594,0.094,0.526,1.91,6736,0.97
REFRGRATD JUICES/DRNKS,SNACK NUTS,GROCERY,GROCERY,940,0.00375,0.036,0.201,1.95,968,0.97
FRZN VEGETABLE/VEG DSH,HAND/BODY/FACIAL PRODUCTS,GROCERY,DRUG GM,314,0.00125,0.025,0.110,2.18,322,0.97
FLUID MILK PRODUCTS,PIES,GROCERY,PASTRY,1154,0.00460,0.017,0.416,1.51,1186,0.97
FLUID MILK PRODUCTS,PAPER TOWELS,GROCERY,GROCERY,5210,0.02076,0.075,0.512,1.86,5396,0.97
CONVENIENT BRKFST/WHLSM SNACKS,MAGAZINE,GROCERY,DRUG GM,661,0.00263,0.047,0.091,1.64,678,0.97
CHEESE,FRZN MEAT/MEAT DINNERS,GROCERY,GROCERY,8376,0.03338,0.179,0.368,1.97,8621,0.97
HISPANIC,SALADS/DIPS,GROCERY,DELI,689,0.00275,0.048,0.114,2.02,713,0.97
BABY FOODS,DRY NOODLES/PASTA,DRUG GM,GROCERY,453,0.00181,0.107,0.032,1.92,468,0.97
HISPANIC,SNACK NUTS,GROCERY,GROCERY,613,0.00244,0.043,0.131,2.31,631,0.97
CONVENIENT BRKFST/WHLSM SNACKS,FRZN VEGETABLE/VEG DSH,GROCERY,GROCERY,1876,0.00748,0.134,0.147,2.64,1934,0.97
CHEESE,HERBS,GROCERY,PRODUCE,1399,0.00557,0.030,0.429,2.30,1442,0.97
FLUID MILK PRODUCTS,HAIR CARE PRODUCTS,GROCERY,DRUG GM,3628,0.01446,0.052,0.457,1.66,3752,0.97
CHEESE,ICE CREAM/MILK/SHERBTS,GROCERY,GROCERY,6352,0.02531,0.136,0.317,1.70,6556,0.97
REFRIGERATED,SOUP,NUTRITION,GROCERY,995,0.00396,0.193,0.042,2.05,1025,0.97
ANTACIDS,FLUID MILK PRODUCTS,DRUG GM,GROCERY,645,0.00257,0.368,0.009,1.34,662,0.97
CAT LITTER,DRY BN/VEG/POTATO/RICE,GROCERY,GROCERY,349,0.00139,0.118,0.026,2.24,360,0.97
MILK BY-PRODUCTS,TROPICAL FRUIT,GROCERY,PRODUCE,5713,0.02276,0.290,0.176,2.24,5890,0.97
BEERS/ALES,SPICES & EXTRACTS,GROCERY,GROCERY,804,0.00320,0.052,0.085,1.38,832,0.97
DOMESTIC WINE,WATER - CARBONATED/FLVRD DRINK,GROCERY,GROCERY,421,0.00168,0.093,0.023,1.30,436,0.97
MILK BY-PRODUCTS,SUGARS/SWEETNERS,GROCERY,GROCERY,1864,0.00743,0.095,0.181,2.31,1927,0.97
MILK BY-PRODUCTS,SOFT DRINKS,GROCERY,GROCERY,8166,0.03254,0.415,0.114,1.45,8431,0.97
BEANS - CANNED GLASS & MW,LUNCHMEAT,GROCERY,MEAT-PCKGD,2164,0.00862,0.228,0.091,2.41,2233,0.97
MILK BY-PRODUCTS,SNACK NUTS,GROCERY,GROCERY,814,0.00324,0.041,0.174,2.22,837,0.97
CHICKEN,DRIED FRUIT,MEAT,NUTRITION,474,0.00189,0.032,0.157,2.62,491,0.97
HOT CEREAL,POTATOES,GROCERY,PRODUCE,921,0.00367,0.164,0.060,2.70,947,0.97
CITRUS,COCOA MIXES,PRODUCE,GROCERY,396,0.00158,0.039,0.104,2.57,407,0.97
BAKED BREAD/BUNS/ROLLS,RICE CAKES,GROCERY,NUTRITION,622,0.00248,0.010,0.499,2.08,638,0.97
CHICKEN,DELI MEATS,MEAT,DELI,2337,0.00931,0.155,0.137,2.28,2422,0.97
ROLLS,WATER - CARBONATED/FLVRD DRINK,PASTRY,GROCERY,573,0.00228,0.113,0.032,1.58,588,0.97
HOT DOGS,ICE CREAM/MILK/SHERBTS,MEAT-PCKGD,GROCERY,1577,0.00628,0.144,0.079,1.81,1625,0.97
CHEESE,PLASTIC HOUSEWARES,GROCERY,DRUG GM,871,0.00347,0.019,0.399,2.14,895,0.97
BAKED BREAD/BUNS/ROLLS,SALAD MIX,GROCERY,PRODUCE,7785,0.03102,0.129,0.502,2.09,8052,0.97
CHICKEN,COLD CEREAL,MEAT,GROCERY,3583,0.01428,0.238,0.143,2.38,3705,0.97
DRY BN/VEG/POTATO/RICE,FACIAL TISS/DNR NAPKIN,GROCERY,GROCERY,990,0.00394,0.075,0.144,2.73,1025,0.97
CHEESE,PORK,GROCERY,MEAT,5361,0.02136,0.114,0.433,2.32,5505,0.97
DRY BN/VEG/POTATO/RICE,FLUID MILK PRODUCTS,GROCERY,GROCERY,7264,0.02894,0.548,0.105,1.99,7489,0.97
CONDIMENTS/SAUCES,SNACK NUTS,GROCERY,GROCERY,759,0.00302,0.043,0.162,2.28,781,0.97
DELI MEATS,DISHWASH DETERGENTS,DELI,GROCERY,964,0.00384,0.056,0.155,2.27,991,0.97
BAG SNACKS,BATH TISSUES,GROCERY,GROCERY,4143,0.01651,0.099,0.304,1.82,4293,0.97
CARROTS,MEAT - MISC,PRODUCE,MEAT-PCKGD,797,0.00318,0.095,0.095,2.83,821,0.97
APPLES,PASTA SAUCE,PRODUCE,GROCERY,1772,0.00706,0.134,0.151,2.87,1826,0.97
BAG SNACKS,DEODORANTS,GROCERY,DRUG GM,1213,0.00483,0.029,0.285,1.71,1253,0.97
BAKED BREAD/BUNS/ROLLS,VALUE ADDED FRUIT,GROCERY,PRODUCE,2743,0.01093,0.046,0.469,1.95,2837,0.97
COLD CEREAL,FEMININE HYGIENE,GROCERY,DRUG GM,708,0.00282,0.028,0.165,1.65,733,0.97
MEAT - SHELF STABLE,SMOKED MEATS,GROCERY,MEAT,542,0.00216,0.039,0.138,2.52,560,0.97
BREAKFAST SAUSAGE/SANDWICHES,HISPANIC,MEAT-PCKGD,GROCERY,1582,0.00630,0.144,0.111,2.54,1628,0.97
MEAT - SHELF STABLE,REFRGRATD JUICES/DRNKS,GROCERY,GROCERY,3128,0.01246,0.227,0.121,2.20,3236,0.97
HOUSEHOLD CLEANG NEEDS,PWDR/CRYSTL DRNK MX,GROCERY,GROCERY,388,0.00155,0.053,0.073,2.48,399,0.97
FD WRAPS/BAGS/TRSH BG,SOFT DRINKS,GROCERY,GROCERY,4591,0.01829,0.409,0.064,1.43,4734,0.97
FRZN VEGETABLE/VEG DSH,VALUE ADDED FRUIT,GROCERY,PRODUCE,679,0.00271,0.053,0.116,2.29,699,0.97
DRY BN/VEG/POTATO/RICE,VALUE ADDED VEGETABLES,GROCERY,PRODUCE,316,0.00126,0.024,0.151,2.85,325,0.97
DRY BN/VEG/POTATO/RICE,YOGURT,GROCERY,GROCERY,2479,0.00988,0.187,0.141,2.67,2552,0.97
BAKED SWEET GOODS,COFFEE,GROCERY,GROCERY,1670,0.00665,0.089,0.146,1.96,1726,0.97
CHEESE,TEAS,GROCERY,GROCERY,1482,0.00591,0.032,0.425,2.28,1535,0.97
APPLES,LAUNDRY DETERGENTS,PRODUCE,GROCERY,1058,0.00422,0.080,0.125,2.37,1090,0.97
FD WRAPS/BAGS/TRSH BG,REFRGRATD DOUGH PRODUCTS,GROCERY,GROCERY,1521,0.00606,0.135,0.108,2.41,1560,0.97
BAKED SWEET GOODS,DIAPERS & DISPOSABLES,GROCERY,DRUG GM,497,0.00198,0.027,0.109,1.46,515,0.97
CHEESES,SOUP,DELI,GROCERY,2634,0.01050,0.233,0.112,2.48,2707,0.97
DRY MIX DESSERTS,HISPANIC,GROCERY,GROCERY,793,0.00316,0.146,0.056,2.56,818,0.97
DRY MIX DESSERTS,HOUSEHOLD CLEANG NEEDS,GROCERY,GROCERY,384,0.00153,0.070,0.052,2.40,397,0.97
FRZN POTATOES,MISC. DAIRY,GROCERY,GROCERY,623,0.00248,0.077,0.085,2.63,641,0.97
FD WRAPS/BAGS/TRSH BG,PASTA SAUCE,GROCERY,GROCERY,1408,0.00561,0.125,0.120,2.68,1449,0.97
CHEESES,SEAFOOD - FROZEN,DELI,SEAFOOD-PCKGD,821,0.00327,0.073,0.109,2.42,846,0.97
CAKES,CONDIMENTS/SAUCES,PASTRY,GROCERY,430,0.00171,0.097,0.024,1.36,444,0.97
FD WRAPS/BAGS/TRSH BG,MILK BY-PRODUCTS,GROCERY,GROCERY,2063,0.00822,0.184,0.105,2.34,2116,0.97
CONDIMENTS/SAUCES,ICE CREAM/MILK/SHERBTS,GROCERY,GROCERY,2554,0.01018,0.143,0.127,1.79,2638,0.97
ICE CREAM/MILK/SHERBTS,LUNCHMEAT,GROCERY,MEAT-PCKGD,3203,0.01276,0.160,0.135,1.69,3289,0.97
ICE CREAM/MILK/SHERBTS,MAGAZINE,GROCERY,DRUG GM,771,0.00307,0.038,0.107,1.33,794,0.97
POTATOES,VALUE ADDED FRUIT,PRODUCE,PRODUCE,835,0.00333,0.055,0.143,2.34,864,0.97
DELI MEATS,SOAP - LIQUID & BAR,DELI,DRUG GM,874,0.00348,0.051,0.149,2.19,898,0.97
ICE CREAM/MILK/SHERBTS,MEAT - MISC,GROCERY,MEAT-PCKGD,1236,0.00493,0.062,0.147,1.84,1271,0.97
BAKED SWEET GOODS,HAIR CARE PRODUCTS,GROCERY,DRUG GM,1103,0.00440,0.059,0.139,1.87,1141,0.97
DRY MIX DESSERTS,SOFT DRINKS,GROCERY,GROCERY,2308,0.00920,0.424,0.032,1.49,2368,0.97
BUTTER,PAPER TOWELS,GROCERY,GROCERY,515,0.00205,0.104,0.051,2.57,529,0.97
CHEESES,REFRGRATD JUICES/DRNKS,DELI,GROCERY,2435,0.00970,0.215,0.094,2.08,2507,0.97
CIGARETTES,DELI MEATS,DRUG GM,DELI,752,0.00300,0.069,0.044,1.01,778,0.97
FRZN POTATOES,PAPER TOWELS,GROCERY,GROCERY,795,0.00317,0.098,0.078,2.42,823,0.97
ICE CREAM/MILK/SHERBTS,MISCELLANEOUS,GROCERY,MEAT-PCKGD,328,0.00131,0.016,0.149,1.86,337,0.97
BAKED SWEET GOODS,LAUNDRY ADDITIVES,GROCERY,GROCERY,694,0.00277,0.037,0.156,2.10,719,0.97
DRY NOODLES/PASTA,FLUID MILK PRODUCTS,GROCERY,GROCERY,7637,0.03043,0.545,0.110,1.98,7902,0.97
ICE CREAM/MILK/SHERBTS,PNT BTR/JELLY/JAMS,GROCERY,GROCERY,1520,0.00606,0.076,0.147,1.84,1573,0.97
BEERS/ALES,LAUNDRY DETERGENTS,GROCERY,GROCERY,692,0.00276,0.045,0.082,1.32,713,0.97
MARGARINES,PAPER HOUSEWARES,GROCERY,GROCERY,964,0.00384,0.071,0.125,2.32,995,0.97
CONDIMENTS/SAUCES,FRZN MEAT/MEAT DINNERS,GROCERY,GROCERY,3443,0.01372,0.193,0.151,2.13,3546,0.97
CHEESE,WAREHOUSE SNACKS,GROCERY,GROCERY,2400,0.00956,0.051,0.367,1.97,2463,0.97
DRY NOODLES/PASTA,GRAPES,GROCERY,PRODUCE,1544,0.00615,0.110,0.153,2.73,1585,0.97
FRZN BREAKFAST FOODS,PICKLE/RELISH/PKLD VEG,GROCERY,GROCERY,517,0.00206,0.071,0.084,2.89,531,0.97
CHICKEN,SNACK NUTS,MEAT,GROCERY,627,0.00250,0.042,0.134,2.24,645,0.97
BACON,DRIED FRUIT,MEAT-PCKGD,NUTRITION,369,0.00147,0.034,0.122,2.83,382,0.97
FACIAL TISS/DNR NAPKIN,POTATOES,GROCERY,PRODUCE,1076,0.00429,0.157,0.070,2.58,1115,0.97
DINNER SAUSAGE,ROLLS,MEAT-PCKGD,PASTRY,384,0.00153,0.039,0.076,1.92,402,0.96
BERRIES,COFFEE,PRODUCE,GROCERY,909,0.00362,0.100,0.079,2.18,950,0.96
BREAKFAST SWEETS,SOFT DRINKS,PASTRY,GROCERY,2672,0.01065,0.328,0.037,1.15,2788,0.96
BROCCOLI/CAULIFLOWER,VEGETABLES - SHELF STABLE,PRODUCE,GROCERY,1157,0.00461,0.259,0.051,2.88,1206,0.96
DEODORANTS,FLUID MILK PRODUCTS,DRUG GM,GROCERY,1895,0.00755,0.446,0.027,1.62,1977,0.96
CANDY - CHECKLANE,REFRGRATD DOUGH PRODUCTS,DRUG GM,GROCERY,1568,0.00625,0.067,0.111,1.20,1631,0.96
NUTS,VEGETABLES - SHELF STABLE,PRODUCE,GROCERY,444,0.00177,0.242,0.020,2.69,462,0.96
CHEESE,PAPER HOUSEWARES,GROCERY,GROCERY,3003,0.01197,0.064,0.391,2.09,3142,0.96
OLIVES,PASTA SAUCE,GROCERY,GROCERY,385,0.00153,0.146,0.033,3.12,400,0.96
CANNED JUICES,SALAD MIX,GROCERY,PRODUCE,2836,0.01130,0.141,0.183,2.27,2967,0.96
COFFEE,REFRGRATD DOUGH PRODUCTS,GROCERY,GROCERY,1415,0.00564,0.123,0.100,2.19,1478,0.96
FROZEN MEAT,LAUNDRY DETERGENTS,MEAT-PCKGD,GROCERY,668,0.00266,0.081,0.079,2.41,698,0.96
MILK BY-PRODUCTS,ROLLS,GROCERY,PASTRY,764,0.00304,0.039,0.150,1.92,794,0.96
FACIAL TISS/DNR NAPKIN,PICKLE/RELISH/PKLD VEG,GROCERY,GROCERY,459,0.00183,0.067,0.075,2.73,478,0.96
DELI MEATS,FROZEN PIZZA,DELI,GROCERY,3221,0.01283,0.188,0.139,2.04,3357,0.96
BLEACH,FRZN VEGETABLE/VEG DSH,GROCERY,GROCERY,396,0.00158,0.112,0.031,2.20,411,0.96
FLOUR & MEALS,ICE CREAM/MILK/SHERBTS,GROCERY,GROCERY,435,0.00173,0.139,0.022,1.74,453,0.96
BLEACH,CHICKEN,GROCERY,MEAT,457,0.00182,0.129,0.030,2.15,478,0.96
FACIAL TISS/DNR NAPKIN,MARGARINES,GROCERY,GROCERY,918,0.00366,0.134,0.068,2.48,961,0.96
CEREAL/BREAKFAST,CHEESE,NUTRITION,GROCERY,648,0.00258,0.444,0.014,2.38,672,0.96
COLD CEREAL,DINNER SAUSAGE,GROCERY,MEAT-PCKGD,2338,0.00932,0.093,0.237,2.37,2440,0.96
DINNER SAUSAGE,FRUIT - SHELF STABLE,MEAT-PCKGD,GROCERY,1400,0.00558,0.142,0.105,2.68,1465,0.96
COOKIES/CONES,ROLLS,GROCERY,PASTRY,638,0.00254,0.037,0.126,1.84,666,0.96
BAKING NEEDS,PORK,GROCERY,MEAT,1184,0.00472,0.114,0.096,2.31,1232,0.96
BUTTER,DELI MEATS,GROCERY,DELI,808,0.00322,0.163,0.047,2.39,844,0.96
BABY HBC,SUGARS/SWEETNERS,DRUG GM,GROCERY,311,0.00124,0.078,0.030,1.91,323,0.96
DRY SAUCES/GRAVY,HAIR CARE PRODUCTS,GROCERY,DRUG GM,454,0.00181,0.070,0.057,2.21,474,0.96
BEEF,COOKIES/CONES,MEAT,GROCERY,5240,0.02088,0.143,0.306,2.10,5468,0.96
FIRST AID PRODUCTS,TROPICAL FRUIT,DRUG GM,PRODUCE,519,0.00207,0.197,0.016,1.52,540,0.96
BLEACH,CANDY - PACKAGED,GROCERY,DRUG GM,463,0.00184,0.131,0.022,1.52,484,0.96
BAKED SWEET GOODS,HISPANIC,GROCERY,GROCERY,2282,0.00909,0.122,0.160,2.15,2379,0.96
CRACKERS/MISC BKD FD,SMOKED MEATS,GROCERY,MEAT,836,0.00333,0.037,0.213,2.36,875,0.96
CHICKEN,PAPER TOWELS,MEAT,GROCERY,1453,0.00579,0.097,0.143,2.38,1510,0.96
ONIONS,SNACK NUTS,PRODUCE,GROCERY,660,0.00263,0.042,0.141,2.28,685,0.96
CONDIMENTS/SAUCES,WAREHOUSE SNACKS,GROCERY,GROCERY,978,0.00390,0.055,0.150,2.10,1014,0.96
DEODORANTS,DRY BN/VEG/POTATO/RICE,DRUG GM,GROCERY,503,0.00200,0.118,0.038,2.24,521,0.96
CONDIMENTS/SAUCES,VEGETABLES - ALL OTHERS,GROCERY,PRODUCE,2867,0.01142,0.161,0.175,2.46,2973,0.96
SHAVING CARE PRODUCTS,SOUP,DRUG GM,GROCERY,640,0.00255,0.195,0.027,2.07,668,0.96
BAG SNACKS,SOUP,GROCERY,GROCERY,7746,0.03087,0.185,0.329,1.96,8074,0.96
CANDY - CHECKLANE,MEAT - MISC,DRUG GM,MEAT-PCKGD,941,0.00375,0.041,0.112,1.21,982,0.96
FRUIT - SHELF STABLE,HAIR CARE PRODUCTS,GROCERY,DRUG GM,972,0.00387,0.073,0.123,2.31,1018,0.96
CARROTS,COLD CEREAL,PRODUCE,GROCERY,2223,0.00886,0.265,0.088,2.64,2314,0.96
GREETING CARDS/WRAP/PARTY SPLY,MISC. DAIRY,DRUG GM,GROCERY,340,0.00135,0.045,0.046,1.53,354,0.96
BAKING MIXES,SNACK NUTS,GROCERY,GROCERY,462,0.00184,0.041,0.099,2.20,479,0.96
FRZN NOVELTIES/WTR ICE,SOAP - LIQUID & BAR,GROCERY,DRUG GM,467,0.00186,0.045,0.080,1.93,485,0.96
CAT LITTER,CRACKERS/MISC BKD FD,GROCERY,GROCERY,550,0.00219,0.186,0.024,2.06,575,0.96
CANDY - PACKAGED,VALUE ADDED FRUIT,DRUG GM,PRODUCE,788,0.00314,0.037,0.135,1.57,817,0.96
LUNCHMEAT,WATER - CARBONATED/FLVRD DRINK,MEAT-PCKGD,GROCERY,2916,0.01162,0.123,0.162,1.72,3034,0.96
CHEESE,POTATOES,GROCERY,PRODUCE,6600,0.02630,0.141,0.432,2.31,6845,0.96
BEANS - CANNED GLASS & MW,CONVENIENT BRKFST/WHLSM SNACKS,GROCERY,GROCERY,1514,0.00603,0.159,0.108,2.86,1582,0.96
WAREHOUSE SNACKS,YOGURT,GROCERY,GROCERY,952,0.00379,0.146,0.054,2.08,988,0.96
AIR CARE,CITRUS,GROCERY,PRODUCE,335,0.00133,0.088,0.033,2.18,349,0.96
CANDY - CHECKLANE,HOT DOGS,DRUG GM,MEAT-PCKGD,1222,0.00487,0.053,0.112,1.21,1270,0.96
HOT DOGS,TEAS,MEAT-PCKGD,GROCERY,381,0.00152,0.035,0.109,2.51,398,0.96
BEEF,POPCORN,MEAT,PRODUCE,1266,0.00504,0.035,0.322,2.20,1324,0.96
CANNED JUICES,CHEESES,GROCERY,DELI,2056,0.00819,0.102,0.182,2.26,2135,0.96
BEEF,TEAS,MEAT,GROCERY,1148,0.00457,0.031,0.329,2.25,1199,0.96
SALAD BAR,SOUP,SALAD BAR,GROCERY,871,0.00347,0.104,0.037,1.10,911,0.96
TROPICAL FRUIT,WAREHOUSE SNACKS,PRODUCE,GROCERY,1661,0.00662,0.051,0.254,1.96,1726,0.96
BACON,SHAVING CARE PRODUCTS,MEAT-PCKGD,DRUG GM,304,0.00121,0.028,0.093,2.14,318,0.96
DRY BN/VEG/POTATO/RICE,HAIR CARE PRODUCTS,GROCERY,DRUG GM,955,0.00381,0.072,0.120,2.28,993,0.96
DEODORANTS,SOFT DRINKS,DRUG GM,GROCERY,1602,0.00638,0.377,0.022,1.32,1663,0.96
APPLES,CHEESE,PRODUCE,GROCERY,5696,0.02270,0.431,0.122,2.31,5933,0.96
ORAL HYGIENE PRODUCTS,STONE FRUIT,DRUG GM,PRODUCE,338,0.00135,0.043,0.062,1.98,351,0.96
BACON,BLEACH,MEAT-PCKGD,GROCERY,352,0.00140,0.032,0.099,2.29,367,0.96
FRZN NOVELTIES/WTR ICE,PAPER TOWELS,GROCERY,GROCERY,854,0.00340,0.083,0.084,2.04,885,0.96
BERRIES,POPCORN,PRODUCE,PRODUCE,344,0.00137,0.038,0.088,2.41,360,0.96
DRY BN/VEG/POTATO/RICE,ICE CREAM/MILK/SHERBTS,GROCERY,GROCERY,1998,0.00796,0.151,0.100,1.89,2072,0.96
CANNED JUICES,DINNER SAUSAGE,GROCERY,MEAT-PCKGD,1771,0.00706,0.088,0.180,2.23,1853,0.96
KITCHEN GADGETS,VEGETABLES - SHELF STABLE,DRUG GM,GROCERY,384,0.00153,0.201,0.017,2.24,400,0.96
DELI MEATS,ONIONS,DELI,PRODUCE,2464,0.00982,0.144,0.158,2.32,2579,0.96
BAKING MIXES,FROZEN PIZZA,GROCERY,GROCERY,2193,0.00874,0.194,0.095,2.11,2276,0.96
BAKED BREAD/BUNS/ROLLS,SUGARS/SWEETNERS,GROCERY,GROCERY,4918,0.01960,0.082,0.478,1.99,5109,0.96
BAKING NEEDS,BEANS - CANNED GLASS & MW,GROCERY,GROCERY,959,0.00382,0.092,0.101,2.44,997,0.96
FRZN POTATOES,HAIR CARE PRODUCTS,GROCERY,DRUG GM,534,0.00213,0.066,0.067,2.08,556,0.96
DINNER MXS:DRY,PAPER HOUSEWARES,GROCERY,GROCERY,1060,0.00422,0.080,0.138,2.60,1100,0.96
DELI MEATS,VEGETABLES - ALL OTHERS,DELI,PRODUCE,2575,0.01026,0.150,0.158,2.31,2684,0.96
APPLES,PICKLE/RELISH/PKLD VEG,PRODUCE,GROCERY,906,0.00361,0.069,0.147,2.80,944,0.96
FRZN BREAKFAST FOODS,MILK BY-PRODUCTS,GROCERY,GROCERY,1435,0.00572,0.196,0.073,2.50,1490,0.96
AIR CARE,REFRGRATD JUICES/DRNKS,GROCERY,GROCERY,758,0.00302,0.199,0.029,1.93,786,0.96
FROZEN PIZZA,LAUNDRY ADDITIVES,GROCERY,GROCERY,869,0.00346,0.038,0.195,2.12,903,0.96
BERRIES,ORAL HYGIENE PRODUCTS,PRODUCE,DRUG GM,590,0.00235,0.065,0.076,2.08,615,0.96
BEANS - CANNED GLASS & MW,HERBS,GROCERY,PRODUCE,335,0.00133,0.035,0.103,2.72,348,0.96
BACON,OLIVES,MEAT-PCKGD,GROCERY,332,0.00132,0.031,0.126,2.90,345,0.96
FD WRAPS/BAGS/TRSH BG,FLUID MILK PRODUCTS,GROCERY,GROCERY,5609,0.02235,0.499,0.081,1.81,5831,0.96
BAG SNACKS,PET CARE SUPPLIES,GROCERY,GROCERY,699,0.00279,0.017,0.279,1.67,727,0.96
APPLES,DOG FOODS,PRODUCE,GROCERY,728,0.00290,0.055,0.102,1.95,758,0.96
CHICKEN/POULTRY,REFRGRATD JUICES/DRNKS,DELI,GROCERY,733,0.00292,0.125,0.028,1.21,763,0.96
BAKING MIXES,WAREHOUSE SNACKS,GROCERY,GROCERY,596,0.00237,0.053,0.091,2.03,623,0.96
FACIAL TISS/DNR NAPKIN,MOLASSES/SYRUP/PANCAKE MIXS,GROCERY,GROCERY,342,0.00136,0.050,0.076,2.78,356,0.96
CANDY - CHECKLANE,DISHWASH DETERGENTS,DRUG GM,GROCERY,686,0.00273,0.030,0.110,1.19,712,0.96
COOKIES/CONES,SALD DRSNG/SNDWCH SPRD,GROCERY,GROCERY,2654,0.01058,0.155,0.158,2.32,2752,0.96
CONDIMENTS/SAUCES,REFRGRATD JUICES/DRNKS,GROCERY,GROCERY,3837,0.01529,0.215,0.148,2.08,3982,0.96
CRACKERS/MISC BKD FD,EGGS,GROCERY,GROCERY,5890,0.02347,0.259,0.211,2.34,6151,0.96
CRACKERS/MISC BKD FD,TOYS AND GAMES,GROCERY,DRUG GM,309,0.00123,0.014,0.163,1.80,323,0.96
CHEESE,SEAFOOD - FROZEN,GROCERY,SEAFOOD-PCKGD,3121,0.01244,0.067,0.415,2.22,3235,0.96
CANDY - CHECKLANE,CRACKERS/MISC BKD FD,DRUG GM,GROCERY,2522,0.01005,0.109,0.111,1.20,2632,0.96
DRY BN/VEG/POTATO/RICE,PROCESSED,GROCERY,PRODUCE,687,0.00274,0.052,0.146,2.77,718,0.96
FD WRAPS/BAGS/TRSH BG,VEGETABLES SALAD,GROCERY,PRODUCE,1109,0.00442,0.099,0.104,2.31,1154,0.96
CANDY - CHECKLANE,COLD CEREAL,DRUG GM,GROCERY,2783,0.01109,0.120,0.111,1.20,2902,0.96
CANNED JUICES,HAIR CARE PRODUCTS,GROCERY,DRUG GM,1250,0.00498,0.062,0.158,1.96,1308,0.96
BAKED SWEET GOODS,SEAFOOD - FROZEN,GROCERY,SEAFOOD-PCKGD,1176,0.00469,0.063,0.156,2.10,1231,0.96
BROOMS AND MOPS,REFRGRATD JUICES/DRNKS,DRUG GM,GROCERY,614,0.00245,0.202,0.024,1.96,643,0.96
BAKED BREAD/BUNS/ROLLS,WATER - CARBONATED/FLVRD DRINK,GROCERY,GROCERY,7027,0.02800,0.117,0.391,1.63,7295,0.96
BACON,MISC. DAIRY,MEAT-PCKGD,GROCERY,871,0.00347,0.080,0.119,2.74,912,0.96
CANNED JUICES,ICE CREAM/MILK/SHERBTS,GROCERY,GROCERY,2692,0.01073,0.133,0.134,1.67,2818,0.96
BACON,MELONS,MEAT-PCKGD,PRODUCE,467,0.00186,0.043,0.108,2.50,487,0.96
BACON,SEAFOOD-FRESH,MEAT-PCKGD,SEAFOOD,359,0.00143,0.033,0.098,2.26,375,0.96
CANNED JUICES,KITCHEN GADGETS,GROCERY,DRUG GM,305,0.00122,0.015,0.160,1.99,319,0.96
PNT BTR/JELLY/JAMS,POTATOES,GROCERY,PRODUCE,1672,0.00666,0.161,0.109,2.65,1739,0.96
BEANS - CANNED GLASS & MW,PAPER TOWELS,GROCERY,GROCERY,1016,0.00405,0.107,0.100,2.64,1057,0.96
CAT FOOD,DRY BN/VEG/POTATO/RICE,GROCERY,GROCERY,663,0.00264,0.101,0.050,1.91,692,0.96
BEANS - CANNED GLASS & MW,SEAFOOD-FRESH,GROCERY,SEAFOOD,323,0.00129,0.034,0.088,2.32,337,0.96
CHEESE,SOFT DRINKS,GROCERY,GROCERY,18843,0.07508,0.402,0.263,1.41,19536,0.96
BAG SNACKS,MARGARINES,GROCERY,GROCERY,4450,0.01773,0.106,0.328,1.96,4634,0.96
BACON,LAUNDRY DETERGENTS,MEAT-PCKGD,GROCERY,870,0.00347,0.080,0.103,2.37,908,0.96
HOUSEHOLD CLEANG NEEDS,SALD DRSNG/SNDWCH SPRD,GROCERY,GROCERY,1150,0.00458,0.156,0.069,2.33,1202,0.96
CANDLES/ACCESSORIES,SOFT DRINKS,DRUG GM,GROCERY,423,0.00169,0.355,0.006,1.24,442,0.96
BAKED SWEET GOODS,MISC. DAIRY,GROCERY,GROCERY,1233,0.00491,0.066,0.168,2.26,1282,0.96
CANNED JUICES,NUTS,GROCERY,PRODUCE,348,0.00139,0.017,0.190,2.36,362,0.96
BACON,FRZN MEAT/MEAT DINNERS,MEAT-PCKGD,GROCERY,2171,0.00865,0.200,0.095,2.20,2251,0.96
MEAT - MISC,TOMATOES,MEAT-PCKGD,PRODUCE,1277,0.00509,0.152,0.084,2.49,1325,0.96
CRACKERS/MISC BKD FD,PEARS,GROCERY,PRODUCE,476,0.00190,0.021,0.241,2.66,497,0.96
BERRIES,CANDY - PACKAGED,PRODUCE,DRUG GM,1275,0.00508,0.140,0.059,1.63,1334,0.96
PASTA SAUCE,WATER - CARBONATED/FLVRD DRINK,GROCERY,GROCERY,1678,0.00669,0.143,0.093,2.00,1756,0.96
BAKED SWEET GOODS,CHEESE,GROCERY,GROCERY,6894,0.02747,0.369,0.147,1.98,7203,0.96
CRACKERS/MISC BKD FD,PEPPERS-ALL,GROCERY,PRODUCE,1949,0.00777,0.086,0.237,2.62,2039,0.96
DRY NOODLES/PASTA,PROCESSED,GROCERY,PRODUCE,721,0.00287,0.051,0.154,2.75,753,0.96
EGGS,GRAPES,GROCERY,PRODUCE,2651,0.01056,0.095,0.262,2.36,2763,0.96
CORN,DELI MEATS,PRODUCE,DELI,409,0.00163,0.149,0.024,2.19,426,0.96
CHEESE,SQUASH,GROCERY,PRODUCE,934,0.00372,0.020,0.460,2.47,977,0.96
TURKEY,WATER - CARBONATED/FLVRD DRINK,MEAT,GROCERY,366,0.00146,0.131,0.020,1.83,383,0.96
LAUNDRY DETERGENTS,REFRGRATD JUICES/DRNKS,GROCERY,GROCERY,1681,0.00670,0.199,0.065,1.92,1759,0.96
COLD CEREAL,PORK,GROCERY,MEAT,3056,0.01218,0.122,0.247,2.47,3189,0.96
APPLES,ELECTRICAL SUPPPLIES,PRODUCE,DRUG GM,308,0.00123,0.023,0.116,2.21,320,0.96
APPLES,BEANS - CANNED GLASS & MW,PRODUCE,GROCERY,1379,0.00549,0.104,0.145,2.76,1441,0.96
CHICKEN,SOAP - LIQUID & BAR,MEAT,DRUG GM,786,0.00313,0.052,0.134,2.24,822,0.96
BROCCOLI/CAULIFLOWER,FRZN NOVELTIES/WTR ICE,PRODUCE,GROCERY,411,0.00164,0.092,0.040,2.23,426,0.96
SEAFOOD-FRESH,SOUP,SEAFOOD,GROCERY,751,0.00299,0.204,0.032,2.18,785,0.96
EGGS,PAPER TOWELS,GROCERY,GROCERY,2600,0.01036,0.093,0.256,2.30,2706,0.96
BAG SNACKS,CIGARETTES,GROCERY,DRUG GM,1842,0.00734,0.044,0.169,1.01,1911,0.96
CHICKEN,WATER - CARBONATED/FLVRD DRINK,MEAT,GROCERY,1956,0.00779,0.130,0.109,1.82,2043,0.96
HOUSEHOLD CLEANG NEEDS,SPICES & EXTRACTS,GROCERY,GROCERY,644,0.00257,0.087,0.068,2.31,674,0.96
CHEESES,DRY NOODLES/PASTA,DELI,GROCERY,1659,0.00661,0.147,0.118,2.62,1721,0.96
CONDIMENTS/SAUCES,MELONS,GROCERY,PRODUCE,730,0.00291,0.041,0.169,2.37,763,0.96
BEERS/ALES,WATER - CARBONATED/FLVRD DRINK,GROCERY,GROCERY,1333,0.00531,0.086,0.074,1.20,1383,0.96
FRZN VEGETABLE/VEG DSH,OLIVES,GROCERY,GROCERY,370,0.00147,0.029,0.140,2.76,384,0.96
ICE CREAM/MILK/SHERBTS,SEAFOOD - FROZEN,GROCERY,SEAFOOD-PCKGD,1055,0.00420,0.053,0.140,1.76,1101,0.96
ISOTONIC DRINKS,PORK,GROCERY,MEAT,565,0.00225,0.106,0.046,2.14,589,0.96
BAKED SWEET GOODS,SOAP - LIQUID & BAR,GROCERY,DRUG GM,876,0.00349,0.047,0.149,2.01,912,0.96
BAKING MIXES,PEPPERS-ALL,GROCERY,PRODUCE,937,0.00373,0.083,0.114,2.54,971,0.96
BATH TISSUES,EGGS,GROCERY,GROCERY,3195,0.01273,0.235,0.115,2.11,3345,0.96
BREAKFAST SAUSAGE/SANDWICHES,PEPPERS-ALL,MEAT-PCKGD,PRODUCE,948,0.00378,0.086,0.115,2.64,986,0.96
BAKED BREAD/BUNS/ROLLS,FROZEN BREAD/DOUGH,GROCERY,GROCERY,3648,0.01454,0.061,0.507,2.11,3784,0.96
PORK,SOFT DRINKS,MEAT,GROCERY,5185,0.02066,0.419,0.072,1.47,5405,0.96
CRACKERS/MISC BKD FD,ROLLS,GROCERY,PASTRY,900,0.00359,0.040,0.177,1.96,934,0.96
DELI MEATS,LAUNDRY ADDITIVES,DELI,GROCERY,682,0.00272,0.040,0.153,2.25,711,0.96
CONDIMENTS/SAUCES,LAUNDRY ADDITIVES,GROCERY,GROCERY,757,0.00302,0.042,0.170,2.39,790,0.96
CANDY - PACKAGED,CHEESES,DRUG GM,DELI,1589,0.00633,0.074,0.140,1.64,1651,0.96
CHEESE,FD WRAPS/BAGS/TRSH BG,GROCERY,GROCERY,4515,0.01799,0.096,0.402,2.15,4727,0.96
FLUID MILK PRODUCTS,RICE CAKES,GROCERY,NUTRITION,637,0.00254,0.009,0.511,1.85,664,0.96
CHEESE,FITNESS&DIET,GROCERY,NUTRITION,517,0.00206,0.011,0.314,1.68,541,0.96
CANDY - PACKAGED,CAT LITTER,DRUG GM,GROCERY,369,0.00147,0.017,0.125,1.46,385,0.96
FLUID MILK PRODUCTS,SALAD MIX,GROCERY,PRODUCE,8014,0.03193,0.116,0.516,1.87,8380,0.96
BEANS - CANNED GLASS & MW,TROPICAL FRUIT,GROCERY,PRODUCE,3009,0.01199,0.317,0.093,2.45,3122,0.96
DRY NOODLES/PASTA,HEAT/SERVE,GROCERY,MEAT-PCKGD,755,0.00301,0.054,0.143,2.56,790,0.96
MAKEUP AND TREATMENT,TROPICAL FRUIT,COSMETICS,PRODUCE,866,0.00345,0.221,0.027,1.71,902,0.96
DRY SAUCES/GRAVY,PAPER TOWELS,GROCERY,GROCERY,677,0.00270,0.104,0.067,2.57,706,0.96
CANDY - CHECKLANE,YOGURT,DRUG GM,GROCERY,1941,0.00773,0.084,0.110,1.19,2031,0.96
CHEESE,FLOUR & MEALS,GROCERY,GROCERY,1278,0.00509,0.027,0.408,2.18,1327,0.96
HISPANIC,PAPER HOUSEWARES,GROCERY,GROCERY,1014,0.00404,0.071,0.132,2.32,1056,0.96
ICE CREAM/MILK/SHERBTS,PORK,GROCERY,MEAT,1780,0.00709,0.089,0.144,1.80,1861,0.96
HISPANIC,LAUNDRY DETERGENTS,GROCERY,GROCERY,1106,0.00441,0.078,0.131,2.30,1152,0.96
MOLASSES/SYRUP/PANCAKE MIXS,WATER - CARBONATED/FLVRD DRINK,GROCERY,GROCERY,645,0.00257,0.143,0.036,2.00,675,0.96
DOG FOODS,MEAT - MISC,GROCERY,MEAT-PCKGD,464,0.00185,0.065,0.055,1.95,482,0.96
BABY FOODS,FRZN VEGETABLE/VEG DSH,DRUG GM,GROCERY,384,0.00153,0.091,0.030,1.79,400,0.96
DISHWASH DETERGENTS,SEAFOOD - SHELF STABLE,GROCERY,GROCERY,530,0.00211,0.085,0.067,2.71,549,0.96
BUTTER,FROZEN BREAD/DOUGH,GROCERY,GROCERY,380,0.00151,0.077,0.053,2.68,396,0.96
BAKED BREAD/BUNS/ROLLS,FRZN VEGETABLE/VEG DSH,GROCERY,GROCERY,6282,0.02503,0.104,0.493,2.05,6549,0.96
DELI MEATS,MAGAZINE,DELI,DRUG GM,754,0.00300,0.044,0.104,1.53,785,0.96
DISHWASH DETERGENTS,REFRGRATD JUICES/DRNKS,GROCERY,GROCERY,1293,0.00515,0.208,0.050,2.01,1351,0.96
HISPANIC,HOUSEHOLD CLEANG NEEDS,GROCERY,GROCERY,986,0.00393,0.069,0.134,2.35,1031,0.96
DRY MIX DESSERTS,MEAT - MISC,GROCERY,MEAT-PCKGD,473,0.00188,0.087,0.056,2.59,494,0.96
BAKED BREAD/BUNS/ROLLS,DISHWASH DETERGENTS,GROCERY,GROCERY,2994,0.01193,0.050,0.481,2.00,3108,0.96
CITRUS,FLUID MILK PRODUCTS,PRODUCE,GROCERY,5104,0.02034,0.505,0.074,1.83,5313,0.96
FLUID MILK PRODUCTS,SOFT DRINKS,GROCERY,GROCERY,25392,0.10118,0.367,0.355,1.29,26360,0.96
CARROTS,ISOTONIC DRINKS,PRODUCE,GROCERY,406,0.00162,0.048,0.076,2.27,425,0.96
DOG FOODS,PORK,GROCERY,MEAT,674,0.00269,0.095,0.054,1.92,705,0.96
LUNCHMEAT,TOYS AND GAMES,MEAT-PCKGD,DRUG GM,301,0.00120,0.013,0.158,1.68,313,0.96
FRUIT - SHELF STABLE,ONIONS,GROCERY,PRODUCE,2284,0.00910,0.172,0.147,2.77,2375,0.96
HISPANIC,REFRGRATD JUICES/DRNKS,GROCERY,GROCERY,3060,0.01219,0.215,0.118,2.08,3203,0.96
EGGS,RICE CAKES,GROCERY,NUTRITION,323,0.00129,0.012,0.259,2.33,335,0.96
BEERS/ALES,SALD DRSNG/SNDWCH SPRD,GROCERY,GROCERY,1421,0.00566,0.092,0.085,1.37,1481,0.96
BAG SNACKS,FD WRAPS/BAGS/TRSH BG,GROCERY,GROCERY,3574,0.01424,0.085,0.318,1.90,3713,0.96
FACIAL TISS/DNR NAPKIN,SUGARS/SWEETNERS,GROCERY,GROCERY,674,0.00269,0.098,0.066,2.40,699,0.96
FLUID MILK PRODUCTS,LAUNDRY ADDITIVES,GROCERY,GROCERY,2244,0.00894,0.032,0.504,1.83,2326,0.96
CANDY - PACKAGED,FROZEN MEAT,DRUG GM,MEAT-PCKGD,1195,0.00476,0.056,0.146,1.70,1246,0.96
LAUNDRY ADDITIVES,REFRGRATD DOUGH PRODUCTS,GROCERY,GROCERY,596,0.00237,0.134,0.042,2.38,623,0.96
SALD DRSNG/SNDWCH SPRD,SOAP - LIQUID & BAR,GROCERY,DRUG GM,899,0.00358,0.054,0.153,2.30,939,0.96
LUNCHMEAT,VALUE ADDED FRUIT,MEAT-PCKGD,PRODUCE,1151,0.00459,0.049,0.197,2.08,1194,0.96
DISHWASH DETERGENTS,FRZN VEGETABLE/VEG DSH,GROCERY,GROCERY,752,0.00300,0.121,0.059,2.38,785,0.96
DRY NOODLES/PASTA,ISOTONIC DRINKS,GROCERY,GROCERY,672,0.00268,0.048,0.126,2.25,700,0.96
BAKED BREAD/BUNS/ROLLS,ICE CREAM/MILK/SHERBTS,GROCERY,GROCERY,7637,0.03043,0.127,0.381,1.59,7972,0.96
BAKED BREAD/BUNS/ROLLS,COFFEE FILTERS,GROCERY,DRUG GM,758,0.00302,0.013,0.462,1.92,793,0.96
DRY NOODLES/PASTA,SHAVING CARE PRODUCTS,GROCERY,DRUG GM,406,0.00162,0.029,0.124,2.21,422,0.96
BEEF,FLUID MILK PRODUCTS,MEAT,GROCERY,17816,0.07099,0.486,0.257,1.76,18521,0.96
FLUID MILK PRODUCTS,FRZN POTATOES,GROCERY,GROCERY,4154,0.01655,0.060,0.512,1.86,4312,0.96
BATH TISSUES,FRZN VEGETABLE/VEG DSH,GROCERY,GROCERY,1533,0.00611,0.113,0.120,2.22,1604,0.96
CANDY - PACKAGED,HEAT/SERVE,DRUG GM,MEAT-PCKGD,729,0.00290,0.034,0.138,1.61,760,0.96
BREAD,SALD DRSNG/SNDWCH SPRD,PASTRY,GROCERY,1079,0.00430,0.136,0.064,2.03,1126,0.96
CHICKEN/POULTRY,SALD DRSNG/SNDWCH SPRD,DELI,GROCERY,505,0.00201,0.086,0.030,1.29,525,0.96
BAKED BREAD/BUNS/ROLLS,LAUNDRY DETERGENTS,GROCERY,GROCERY,3885,0.01548,0.064,0.459,1.91,4051,0.96
FLUID MILK PRODUCTS,WATER - CARBONATED/FLVRD DRINK,GROCERY,GROCERY,7439,0.02964,0.108,0.414,1.50,7763,0.96
DISHWASH DETERGENTS,DRY NOODLES/PASTA,GROCERY,GROCERY,903,0.00360,0.145,0.064,2.60,937,0.96
BAKED BREAD/BUNS/ROLLS,MILK BY-PRODUCTS,GROCERY,GROCERY,9541,0.03802,0.158,0.484,2.02,9966,0.96
REFRGRATD DOUGH PRODUCTS,SHAVING CARE PRODUCTS,GROCERY,DRUG GM,378,0.00151,0.027,0.115,2.04,395,0.96
BAKED BREAD/BUNS/ROLLS,CHICKEN,GROCERY,MEAT,7319,0.02916,0.121,0.487,2.03,7633,0.96
PIES,SOFT DRINKS,PASTRY,GROCERY,982,0.00391,0.354,0.014,1.24,1025,0.96
DOMESTIC WINE,HISPANIC,GROCERY,GROCERY,392,0.00156,0.087,0.027,1.52,409,0.96
BAKED BREAD/BUNS/ROLLS,ONIONS,GROCERY,PRODUCE,7769,0.03096,0.129,0.499,2.08,8123,0.96
BAKED SWEET GOODS,SMOKED MEATS,GROCERY,MEAT,601,0.00239,0.032,0.153,2.06,626,0.96
BATH TISSUES,MAGAZINE,GROCERY,DRUG GM,580,0.00231,0.043,0.080,1.48,606,0.96
FLUID MILK PRODUCTS,FROZEN PIE/DESSERTS,GROCERY,GROCERY,3013,0.01201,0.044,0.469,1.70,3127,0.96
NEWSPAPER,REFRGRATD JUICES/DRNKS,DRUG GM,GROCERY,533,0.00212,0.111,0.021,1.07,557,0.96
HEAT/SERVE,TOMATOES,MEAT-PCKGD,PRODUCE,754,0.00300,0.143,0.049,2.35,784,0.96
FRZN NOVELTIES/WTR ICE,TOMATOES,GROCERY,PRODUCE,1276,0.00508,0.123,0.084,2.03,1328,0.96
BABY FOODS,BACON,DRUG GM,MEAT-PCKGD,339,0.00135,0.080,0.031,1.85,354,0.96
APPLES,WAREHOUSE SNACKS,PRODUCE,GROCERY,742,0.00296,0.056,0.113,2.16,773,0.96
MILK BY-PRODUCTS,WAREHOUSE SNACKS,GROCERY,GROCERY,1045,0.00416,0.053,0.160,2.04,1092,0.96
DINNER SAUSAGE,SOUP,MEAT-PCKGD,GROCERY,2252,0.00897,0.228,0.096,2.43,2351,0.96
COFFEE,VEGETABLES SALAD,GROCERY,PRODUCE,1053,0.00420,0.092,0.098,2.15,1098,0.96
DINNER SAUSAGE,SNACK NUTS,MEAT-PCKGD,GROCERY,407,0.00162,0.041,0.087,2.21,424,0.96
CANDY - PACKAGED,MEAT - SHELF STABLE,DRUG GM,GROCERY,2016,0.00803,0.094,0.146,1.71,2094,0.96
DRY NOODLES/PASTA,LAUNDRY DETERGENTS,GROCERY,GROCERY,1162,0.00463,0.083,0.137,2.46,1208,0.96
HEAT/SERVE,MARGARINES,MEAT-PCKGD,GROCERY,681,0.00271,0.129,0.050,2.39,710,0.96
BAKED SWEET GOODS,ROLLS,GROCERY,PASTRY,664,0.00265,0.036,0.131,1.76,691,0.96
BERRIES,FRZN VEGETABLE/VEG DSH,PRODUCE,GROCERY,1122,0.00447,0.123,0.088,2.43,1173,0.96
BROOMS AND MOPS,PASTA SAUCE,DRUG GM,GROCERY,367,0.00146,0.121,0.031,2.58,382,0.96
LAUNDRY ADDITIVES,MEAT - SHELF STABLE,GROCERY,GROCERY,628,0.00250,0.141,0.046,2.57,652,0.96
BAKING NEEDS,VEGETABLES SALAD,GROCERY,PRODUCE,975,0.00389,0.094,0.091,2.20,1017,0.96
BEEF,FRZN MEAT/MEAT DINNERS,MEAT,GROCERY,6468,0.02577,0.176,0.284,1.94,6720,0.96
DRIED FRUIT,EGGS,NUTRITION,GROCERY,839,0.00334,0.278,0.030,2.51,875,0.96
CHEESE,NUTS,GROCERY,PRODUCE,790,0.00315,0.017,0.430,2.30,820,0.96
BATH TISSUES,SNACK NUTS,GROCERY,GROCERY,521,0.00208,0.038,0.111,2.05,545,0.96
DRIED FRUIT,FLUID MILK PRODUCTS,NUTRITION,GROCERY,1638,0.00653,0.544,0.024,1.97,1705,0.96
CIGARETTES,PAPER HOUSEWARES,DRUG GM,GROCERY,334,0.00133,0.031,0.043,1.00,346,0.96
CONVENIENT BRKFST/WHLSM SNACKS,MILK BY-PRODUCTS,GROCERY,GROCERY,2736,0.01090,0.196,0.139,2.49,2892,0.95
GRAPES,PICKLE/RELISH/PKLD VEG,PRODUCE,GROCERY,672,0.00268,0.066,0.109,2.71,706,0.95
CARROTS,FROZEN BREAD/DOUGH,PRODUCE,GROCERY,674,0.00269,0.080,0.094,2.80,710,0.95
PEARS,VEGETABLES - SHELF STABLE,PRODUCE,GROCERY,495,0.00197,0.251,0.022,2.78,520,0.95
CAT LITTER,FLUID MILK PRODUCTS,GROCERY,GROCERY,1316,0.00524,0.446,0.019,1.62,1381,0.95
CARROTS,DISHWASH DETERGENTS,PRODUCE,GROCERY,542,0.00216,0.065,0.087,2.60,569,0.95
CARROTS,DINNER MXS:DRY,PRODUCE,GROCERY,1368,0.00545,0.163,0.103,3.07,1435,0.95
FRZN MEAT/MEAT DINNERS,TROPICAL FRUIT,GROCERY,PRODUCE,5741,0.02288,0.252,0.177,1.95,6041,0.95
FRZN MEAT/MEAT DINNERS,VALUE ADDED FRUIT,GROCERY,PRODUCE,1026,0.00409,0.045,0.175,1.94,1083,0.95
PORK,WATER - CARBONATED/FLVRD DRINK,MEAT,GROCERY,1645,0.00655,0.133,0.092,1.86,1741,0.95
CANNED MILK,FLUID MILK PRODUCTS,GROCERY,GROCERY,846,0.00337,0.467,0.012,1.69,890,0.95
CAT LITTER,MEAT - SHELF STABLE,GROCERY,GROCERY,350,0.00139,0.119,0.025,2.16,367,0.95
BAG SNACKS,FLUID MILK PRODUCTS,GROCERY,GROCERY,18314,0.07298,0.436,0.265,1.58,19233,0.95
POTATOES,REFRIGERATED,PRODUCE,NUTRITION,645,0.00257,0.042,0.125,2.05,678,0.95
BABY HBC,MEAT - SHELF STABLE,DRUG GM,GROCERY,448,0.00179,0.113,0.032,2.05,472,0.95
BAG SNACKS,HAIR CARE PRODUCTS,GROCERY,DRUG GM,2246,0.00895,0.054,0.283,1.69,2376,0.95
DIAPERS & DISPOSABLES,FLUID MILK PRODUCTS,DRUG GM,GROCERY,1656,0.00660,0.362,0.024,1.31,1742,0.95
BABY HBC,HISPANIC,DRUG GM,GROCERY,442,0.00176,0.111,0.031,1.96,467,0.95
PAPER TOWELS,REFRGRATD DOUGH PRODUCTS,GROCERY,GROCERY,1370,0.00546,0.135,0.097,2.39,1442,0.95
CITRUS,SUGARS/SWEETNERS,PRODUCE,GROCERY,936,0.00373,0.093,0.091,2.26,990,0.95
BAG SNACKS,INFANT FORMULA,GROCERY,DRUG GM,425,0.00169,0.010,0.162,0.97,446,0.95
PAPER HOUSEWARES,TROPICAL FRUIT,GROCERY,PRODUCE,2092,0.00834,0.272,0.064,2.10,2205,0.95
PAPER HOUSEWARES,SOUP,GROCERY,GROCERY,1648,0.00657,0.214,0.070,2.28,1743,0.95
CANNED JUICES,POTATOES,GROCERY,PRODUCE,2842,0.01132,0.141,0.186,2.31,3007,0.95
BAG SNACKS,LAUNDRY DETERGENTS,GROCERY,GROCERY,2550,0.01016,0.061,0.301,1.80,2697,0.95
COOKIES/CONES,DISHWASH DETERGENTS,GROCERY,GROCERY,938,0.00374,0.055,0.151,2.21,990,0.95
CHEESE,CHRISTMAS  SEASONAL,GROCERY,DRUG GM,558,0.00222,0.012,0.295,1.58,586,0.95
BAG SNACKS,PAPER TOWELS,GROCERY,GROCERY,3256,0.01297,0.078,0.320,1.91,3434,0.95
COOKIES,SALAD MIX,PASTRY,PRODUCE,399,0.00159,0.108,0.026,1.75,420,0.95
ORGANICS FRUIT & VEGETABLES,SOUP,PRODUCE,GROCERY,1256,0.00500,0.238,0.053,2.53,1323,0.95
COOKIES,PASTA SAUCE,PASTRY,GROCERY,320,0.00128,0.087,0.027,1.86,339,0.95
BAG SNACKS,PROCESSED,GROCERY,PRODUCE,1561,0.00622,0.037,0.333,1.99,1644,0.95
CANNED JUICES,DOG FOODS,GROCERY,GROCERY,1003,0.00400,0.050,0.141,1.76,1060,0.95
CANNED JUICES,DEODORANTS,GROCERY,DRUG GM,653,0.00260,0.032,0.154,1.91,689,0.95
CANNED JUICES,CHICKEN,GROCERY,MEAT,2677,0.01067,0.133,0.178,2.21,2817,0.95
DINNER MXS:DRY,SALAD MIX,GROCERY,PRODUCE,2251,0.00897,0.169,0.145,2.74,2379,0.95
ORAL HYGIENE PRODUCTS,SEAFOOD - FROZEN,DRUG GM,SEAFOOD-PCKGD,483,0.00192,0.062,0.064,2.07,506,0.95
ORAL HYGIENE PRODUCTS,SALAD MIX,DRUG GM,PRODUCE,1001,0.00399,0.128,0.065,2.08,1057,0.95
BAG SNACKS,SHAVING CARE PRODUCTS,GROCERY,DRUG GM,918,0.00366,0.022,0.279,1.67,970,0.95
BAG SNACKS,SWEET GOODS & SNACKS,GROCERY,PASTRY,403,0.00161,0.010,0.252,1.51,424,0.95
BAG SNACKS,SYRUPS/TOPPINGS,GROCERY,GROCERY,308,0.00123,0.007,0.289,1.73,326,0.95
DINNER SAUSAGE,DOG FOODS,MEAT-PCKGD,GROCERY,517,0.00206,0.052,0.073,1.85,545,0.95
ONIONS,SALADS/DIPS,PRODUCE,DELI,746,0.00297,0.048,0.124,2.00,785,0.95
DINNER SAUSAGE,HOT CEREAL,MEAT-PCKGD,GROCERY,554,0.00221,0.056,0.099,2.52,581,0.95
BAKED BREAD/BUNS/ROLLS,CARROTS,GROCERY,PRODUCE,4416,0.01760,0.073,0.526,2.19,4663,0.95
CONVENIENT BRKFST/WHLSM SNACKS,ROLLS,GROCERY,PASTRY,568,0.00226,0.041,0.112,2.01,599,0.95
CANDY - PACKAGED,FRZN POTATOES,DRUG GM,GROCERY,1122,0.00447,0.052,0.138,1.61,1182,0.95
DISHWASH DETERGENTS,ICE CREAM/MILK/SHERBTS,GROCERY,GROCERY,855,0.00341,0.137,0.043,1.72,898,0.95
CANDY - PACKAGED,FROZEN BREAD/DOUGH,DRUG GM,GROCERY,1020,0.00406,0.047,0.142,1.66,1074,0.95
DISHWASH DETERGENTS,MILK BY-PRODUCTS,GROCERY,GROCERY,1124,0.00448,0.181,0.057,2.30,1178,0.95
BAKED BREAD/BUNS/ROLLS,DEODORANTS,GROCERY,DRUG GM,1769,0.00705,0.029,0.416,1.73,1870,0.95
CONVENIENT BRKFST/WHLSM SNACKS,PORK,GROCERY,MEAT,1833,0.00730,0.131,0.148,2.66,1939,0.95
GRAPES,HOT DOGS,PRODUCE,MEAT-PCKGD,1095,0.00436,0.108,0.100,2.49,1147,0.95
MOLASSES/SYRUP/PANCAKE MIXS,SOFT DRINKS,GROCERY,GROCERY,1939,0.00773,0.430,0.027,1.51,2040,0.95
DOG FOODS,DRY BN/VEG/POTATO/RICE,GROCERY,GROCERY,753,0.00300,0.106,0.057,2.00,792,0.95
BAKED BREAD/BUNS/ROLLS,FACIAL TISS/DNR NAPKIN,GROCERY,GROCERY,3387,0.01350,0.056,0.494,2.06,3554,0.95
CITRUS,DELI MEATS,PRODUCE,DELI,1530,0.00610,0.151,0.089,2.22,1614,0.95
MOLASSES/SYRUP/PANCAKE MIXS,PEPPERS-ALL,GROCERY,PRODUCE,427,0.00170,0.095,0.052,2.89,450,0.95
DOG FOODS,FRZN MEAT/MEAT DINNERS,GROCERY,GROCERY,1067,0.00425,0.150,0.047,1.66,1122,0.95
DOG FOODS,FRZN NOVELTIES/WTR ICE,GROCERY,GROCERY,476,0.00190,0.067,0.046,1.62,499,0.95
DOG FOODS,FRZN VEGETABLE/VEG DSH,GROCERY,GROCERY,675,0.00269,0.095,0.053,1.87,710,0.95
CITRUS,VEGETABLES - SHELF STABLE,PRODUCE,GROCERY,2277,0.00907,0.225,0.101,2.50,2385,0.95
MISCELLANEOUS,REFRGRATD JUICES/DRNKS,MEAT-PCKGD,GROCERY,487,0.00194,0.221,0.019,2.14,513,0.95
MISC. DAIRY,WAREHOUSE SNACKS,GROCERY,GROCERY,419,0.00167,0.057,0.064,2.19,441,0.95
REFRGRATD JUICES/DRNKS,SUGARS/SWEETNERS,GROCERY,GROCERY,2095,0.00835,0.081,0.204,1.97,2217,0.95
DOMESTIC WINE,DRY NOODLES/PASTA,GROCERY,GROCERY,394,0.00157,0.087,0.028,1.56,416,0.95
BAKED BREAD/BUNS/ROLLS,MISC. DAIRY,GROCERY,GROCERY,3770,0.01502,0.063,0.514,2.14,3949,0.95
BABY FOODS,BAG SNACKS,DRUG GM,GROCERY,1066,0.00425,0.252,0.025,1.51,1119,0.95
APPLES,SPICES & EXTRACTS,PRODUCE,GROCERY,1256,0.00500,0.095,0.133,2.52,1315,0.95
DRIED FRUIT,FRZN MEAT/MEAT DINNERS,NUTRITION,GROCERY,611,0.00243,0.203,0.027,2.24,643,0.95
CANDY - CHECKLANE,PREPARED FOOD,DRUG GM,DELI,397,0.00158,0.017,0.084,0.91,419,0.95
MILK BY-PRODUCTS,REFRIGERATED,GROCERY,NUTRITION,793,0.00316,0.040,0.153,1.96,833,0.95
DRIED FRUIT,REFRGRATD JUICES/DRNKS,NUTRITION,GROCERY,680,0.00271,0.226,0.026,2.19,719,0.95
FRZN POTATOES,POTATOES,GROCERY,PRODUCE,1226,0.00489,0.151,0.080,2.48,1290,0.95
CANDY - CHECKLANE,ORAL HYGIENE PRODUCTS,DRUG GM,DRUG GM,810,0.00323,0.035,0.104,1.12,857,0.95
MILK BY-PRODUCTS,MOLASSES/SYRUP/PANCAKE MIXS,GROCERY,GROCERY,926,0.00369,0.047,0.205,2.62,971,0.95
FRUIT - SHELF STABLE,VEGETABLES SALAD,GROCERY,PRODUCE,1490,0.00594,0.112,0.139,2.63,1571,0.95
BAKED BREAD/BUNS/ROLLS,SMOKED MEATS,GROCERY,MEAT,1856,0.00740,0.031,0.474,1.97,1956,0.95
DRY BN/VEG/POTATO/RICE,FRZN NOVELTIES/WTR ICE,GROCERY,GROCERY,1183,0.00471,0.089,0.114,2.16,1250,0.95
APPLES,REFRGRATD DOUGH PRODUCTS,PRODUCE,GROCERY,1858,0.00740,0.141,0.132,2.50,1961,0.95
TURKEY,YOGURT,MEAT,GROCERY,469,0.00187,0.168,0.027,2.40,492,0.95
BAKED BREAD/BUNS/ROLLS,STONE FRUIT,GROCERY,PRODUCE,2574,0.01026,0.043,0.469,1.95,2699,0.95
DRY BN/VEG/POTATO/RICE,LAUNDRY ADDITIVES,GROCERY,GROCERY,606,0.00241,0.046,0.136,2.58,641,0.95
CANDY - CHECKLANE,FROZEN MEAT,DRUG GM,MEAT-PCKGD,922,0.00367,0.040,0.112,1.21,966,0.95
BAKED BREAD/BUNS/ROLLS,TEAS,GROCERY,GROCERY,1712,0.00682,0.028,0.491,2.05,1806,0.95
MELONS,MISC. DAIRY,PRODUCE,GROCERY,315,0.00126,0.073,0.043,2.49,333,0.95
MEAT - SHELF STABLE,WATER - CARBONATED/FLVRD DRINK,GROCERY,GROCERY,1898,0.00756,0.138,0.106,1.92,1997,0.95
APPLES,PAPER TOWELS,PRODUCE,GROCERY,1334,0.00532,0.101,0.131,2.49,1400,0.95
BAKED BREAD/BUNS/ROLLS,UNKNOWN,GROCERY,FROZEN GROCERY,529,0.00211,0.009,0.499,2.08,556,0.95
CONDIMENTS/SAUCES,ROLLS,GROCERY,PASTRY,694,0.00277,0.039,0.137,1.92,731,0.95
CANDY - CHECKLANE,DEODORANTS,DRUG GM,DRUG GM,442,0.00176,0.019,0.104,1.12,463,0.95
DRY BN/VEG/POTATO/RICE,SOFT DRINKS,GROCERY,GROCERY,5635,0.02245,0.425,0.079,1.49,5946,0.95
DRY BN/VEG/POTATO/RICE,TROPICAL FRUIT,GROCERY,PRODUCE,4123,0.01643,0.311,0.127,2.40,4355,0.95
MEAT - MISC,SNACK NUTS,MEAT-PCKGD,GROCERY,360,0.00143,0.043,0.077,2.29,380,0.95
DRY BN/VEG/POTATO/RICE,WAREHOUSE SNACKS,GROCERY,GROCERY,770,0.00307,0.058,0.118,2.23,812,0.95
SALAD MIX,WATER - CARBONATED/FLVRD DRINK,PRODUCE,GROCERY,2051,0.00817,0.132,0.114,1.85,2149,0.95
CONDIMENTS/SAUCES,HOUSEHOLD CLEANG NEEDS,GROCERY,GROCERY,1213,0.00483,0.068,0.164,2.31,1274,0.95
BAKED SWEET GOODS,FD WRAPS/BAGS/TRSH BG,GROCERY,GROCERY,1708,0.00681,0.091,0.152,2.04,1802,0.95
MARGARINES,VEGETABLES - ALL OTHERS,GROCERY,PRODUCE,2156,0.00859,0.159,0.132,2.44,2266,0.95
APPLES,ICE CREAM/MILK/SHERBTS,PRODUCE,GROCERY,1907,0.00760,0.144,0.095,1.81,2003,0.95
FRZN VEGETABLE/VEG DSH,SOAP - LIQUID & BAR,GROCERY,DRUG GM,670,0.00267,0.053,0.114,2.25,709,0.95
BUTTER,PORK,GROCERY,MEAT,637,0.00254,0.129,0.051,2.61,669,0.95
CHEESE,VEGETABLES - ALL OTHERS,GROCERY,PRODUCE,6765,0.02696,0.144,0.414,2.22,7144,0.95
MAKEUP AND TREATMENT,WATER - CARBONATED/FLVRD DRINK,COSMETICS,GROCERY,402,0.00160,0.102,0.022,1.43,424,0.95
DRY NOODLES/PASTA,ICE CREAM/MILK/SHERBTS,GROCERY,GROCERY,2081,0.00829,0.148,0.104,1.86,2183,0.95
DRY NOODLES/PASTA,LAUNDRY ADDITIVES,GROCERY,GROCERY,640,0.00255,0.046,0.144,2.58,671,0.95
MAKEUP AND TREATMENT,MILK BY-PRODUCTS,COSMETICS,GROCERY,540,0.00215,0.138,0.027,1.75,567,0.95
MAGAZINE,YOGURT,DRUG GM,GROCERY,787,0.00314,0.109,0.045,1.55,824,0.95
CHICKEN,OLIVES,MEAT,GROCERY,419,0.00167,0.028,0.159,2.65,443,0.95
FRZN VEGETABLE/VEG DSH,SHAVING CARE PRODUCTS,GROCERY,DRUG GM,340,0.00135,0.027,0.103,2.04,357,0.95
BROOMS AND MOPS,VEGETABLES - ALL OTHERS,DRUG GM,PRODUCE,452,0.00180,0.149,0.028,2.28,477,0.95
BROOMS AND MOPS,TOMATOES,DRUG GM,PRODUCE,413,0.00165,0.136,0.027,2.23,437,0.95
CONDIMENTS/SAUCES,FROZEN PIE/DESSERTS,GROCERY,GROCERY,955,0.00381,0.053,0.149,2.09,1011,0.95
DRY NOODLES/PASTA,REFRGRATD JUICES/DRNKS,GROCERY,GROCERY,3148,0.01254,0.225,0.121,2.17,3331,0.95
LUNCHMEAT,SUGARS/SWEETNERS,MEAT-PCKGD,GROCERY,2060,0.00821,0.087,0.200,2.12,2167,0.95
DRY NOODLES/PASTA,VALUE ADDED VEGETABLES,GROCERY,PRODUCE,323,0.00129,0.023,0.154,2.76,340,0.95
CONDIMENTS/SAUCES,DOG FOODS,GROCERY,GROCERY,948,0.00378,0.053,0.133,1.87,996,0.95
CHEESES,DINNER SAUSAGE,DELI,MEAT-PCKGD,1054,0.00420,0.093,0.107,2.37,1107,0.95
BROCCOLI/CAULIFLOWER,SHORTENING/OIL,PRODUCE,GROCERY,407,0.00162,0.091,0.049,2.77,429,0.95
CONDIMENTS/SAUCES,DELI MEATS,GROCERY,DELI,2785,0.01110,0.156,0.163,2.29,2924,0.95
SUGARS/SWEETNERS,VEGETABLES - ALL OTHERS,GROCERY,PRODUCE,1556,0.00620,0.151,0.095,2.32,1646,0.95
LUNCHMEAT,PET CARE SUPPLIES,MEAT-PCKGD,GROCERY,432,0.00172,0.018,0.172,1.82,455,0.95
LUNCHMEAT,OLIVES,MEAT-PCKGD,GROCERY,605,0.00241,0.026,0.229,2.43,638,0.95
SALD DRSNG/SNDWCH SPRD,SQUASH,GROCERY,PRODUCE,373,0.00149,0.022,0.184,2.75,393,0.95
BROCCOLI/CAULIFLOWER,FRUIT - SHELF STABLE,PRODUCE,GROCERY,716,0.00285,0.160,0.054,3.02,756,0.95
BAKING MIXES,BATH TISSUES,GROCERY,GROCERY,1308,0.00521,0.116,0.096,2.14,1381,0.95
FROZEN PIZZA,SUGARS/SWEETNERS,GROCERY,GROCERY,1954,0.00779,0.084,0.190,2.06,2060,0.95
EGGS,HISPANIC,GROCERY,GROCERY,3671,0.01463,0.132,0.258,2.32,3870,0.95
LAUNDRY DETERGENTS,POTATOES,GROCERY,PRODUCE,1195,0.00476,0.141,0.078,2.32,1256,0.95
COLD CEREAL,STATIONERY & SCHOOL SUPPLIES,GROCERY,DRUG GM,724,0.00288,0.029,0.156,1.56,763,0.95
BROCCOLI/CAULIFLOWER,CONDIMENTS/SAUCES,PRODUCE,GROCERY,849,0.00338,0.190,0.048,2.67,897,0.95
EGGS,OLIVES,GROCERY,GROCERY,751,0.00299,0.027,0.284,2.56,790,0.95
LAUNDRY ADDITIVES,SPICES & EXTRACTS,GROCERY,GROCERY,397,0.00158,0.089,0.042,2.37,418,0.95
FROZEN PIZZA,VEGETABLES - SHELF STABLE,GROCERY,GROCERY,4695,0.01871,0.203,0.208,2.25,4934,0.95
EGGS,SALAD MIX,GROCERY,PRODUCE,4007,0.01597,0.144,0.258,2.33,4200,0.95
LAUNDRY ADDITIVES,PASTA SAUCE,GROCERY,GROCERY,549,0.00219,0.123,0.047,2.64,579,0.95
LAUNDRY ADDITIVES,MISC. DAIRY,GROCERY,GROCERY,330,0.00131,0.074,0.045,2.54,347,0.95
COLD CEREAL,SALAD MIX,GROCERY,PRODUCE,3708,0.01478,0.148,0.239,2.39,3909,0.95
BEEF,ICE CREAM/MILK/SHERBTS,MEAT,GROCERY,4869,0.01940,0.133,0.243,1.66,5106,0.95
ELECTRICAL SUPPPLIES,FRZN MEAT/MEAT DINNERS,DRUG GM,GROCERY,443,0.00177,0.167,0.019,1.84,465,0.95
BAKING MIXES,LUNCHMEAT,GROCERY,MEAT-PCKGD,2260,0.00901,0.200,0.095,2.12,2391,0.95
ELECTRICAL SUPPPLIES,TROPICAL FRUIT,DRUG GM,PRODUCE,677,0.00270,0.255,0.021,1.97,711,0.95
CITRUS,GREETING CARDS/WRAP/PARTY SPLY,PRODUCE,DRUG GM,440,0.00175,0.044,0.058,1.44,463,0.95
BREAKFAST SWEETS,PAPER TOWELS,PASTRY,GROCERY,493,0.00196,0.060,0.048,1.49,518,0.95
BREAKFAST SWEETS,PAPER HOUSEWARES,PASTRY,GROCERY,358,0.00143,0.044,0.047,1.43,379,0.95
INFANT FORMULA,SOFT DRINKS,DRUG GM,GROCERY,631,0.00251,0.241,0.009,0.85,662,0.95
FACIAL TISS/DNR NAPKIN,FRZN MEAT/MEAT DINNERS,GROCERY,GROCERY,1303,0.00519,0.190,0.057,2.10,1376,0.95
COLD CEREAL,PET CARE SUPPLIES,GROCERY,GROCERY,490,0.00195,0.020,0.195,1.95,517,0.95
BAKING MIXES,REFRGRATD JUICES/DRNKS,GROCERY,GROCERY,2332,0.00929,0.207,0.090,2.00,2445,0.95
COLD CEREAL,MISCELLANEOUS,GROCERY,MEAT-PCKGD,557,0.00222,0.022,0.253,2.53,585,0.95
COLD CEREAL,MELONS,GROCERY,PRODUCE,1004,0.00400,0.040,0.232,2.32,1055,0.95
ICE CREAM/MILK/SHERBTS,SALD DRSNG/SNDWCH SPRD,GROCERY,GROCERY,2371,0.00945,0.118,0.142,1.77,2491,0.95
SEAFOOD - SHELF STABLE,SOFT DRINKS,GROCERY,GROCERY,3425,0.01365,0.434,0.048,1.52,3593,0.95
ICE CREAM/MILK/SHERBTS,PROCESSED,GROCERY,PRODUCE,676,0.00269,0.034,0.144,1.80,712,0.95
ICE CREAM/MILK/SHERBTS,POTATOES,GROCERY,PRODUCE,2200,0.00877,0.110,0.144,1.80,2311,0.95
FACIAL TISS/DNR NAPKIN,TOMATOES,GROCERY,PRODUCE,1006,0.00401,0.147,0.066,2.41,1058,0.95
AIR CARE,APPLES,GROCERY,PRODUCE,459,0.00183,0.121,0.035,2.29,485,0.95
FD WRAPS/BAGS/TRSH BG,FROZEN MEAT,GROCERY,MEAT-PCKGD,925,0.00369,0.082,0.113,2.52,970,0.95
ICE CREAM/MILK/SHERBTS,PASTA SAUCE,GROCERY,GROCERY,1768,0.00704,0.088,0.151,1.89,1861,0.95
BREAKFAST SWEETS,CANNED JUICES,PASTRY,GROCERY,936,0.00373,0.115,0.046,1.43,988,0.95
CITRUS,DISHWASH DETERGENTS,PRODUCE,GROCERY,578,0.00230,0.057,0.093,2.30,605,0.95
ICE CREAM/MILK/SHERBTS,OLIVES,GROCERY,GROCERY,400,0.00159,0.020,0.151,1.89,423,0.95
TOMATOES,VEGETABLES - SHELF STABLE,PRODUCE,GROCERY,3467,0.01381,0.227,0.153,2.52,3637,0.95
FRZN VEGETABLE/VEG DSH,MAKEUP AND TREATMENT,GROCERY,COSMETICS,355,0.00141,0.028,0.090,1.78,374,0.95
HOUSEHOLD CLEANG NEEDS,SHORTENING/OIL,GROCERY,GROCERY,578,0.00230,0.078,0.070,2.38,608,0.95
COFFEE,ICE CREAM/MILK/SHERBTS,GROCERY,GROCERY,1484,0.00591,0.129,0.074,1.62,1565,0.95
FEMININE HYGIENE,FROZEN PIZZA,DRUG GM,GROCERY,593,0.00236,0.138,0.026,1.50,624,0.95
HOUSEHOLD CLEANG NEEDS,PASTA SAUCE,GROCERY,GROCERY,893,0.00356,0.121,0.076,2.59,935,0.95
SEAFOOD-FRESH,WATER - CARBONATED/FLVRD DRINK,SEAFOOD,GROCERY,441,0.00176,0.120,0.025,1.68,462,0.95
FEMININE HYGIENE,REFRGRATD DOUGH PRODUCTS,DRUG GM,GROCERY,393,0.00157,0.092,0.028,1.63,416,0.95
BAKING NEEDS,CHEESES,GROCERY,DELI,1028,0.00410,0.099,0.091,2.19,1087,0.95
BAKING NEEDS,CONVENIENT BRKFST/WHLSM SNACKS,GROCERY,GROCERY,1373,0.00547,0.132,0.098,2.37,1443,0.95
BAKING NEEDS,FLUID MILK PRODUCTS,GROCERY,GROCERY,4984,0.01986,0.480,0.072,1.74,5225,0.95
BAKING NEEDS,HAIR CARE PRODUCTS,GROCERY,DRUG GM,631,0.00251,0.061,0.080,1.92,666,0.95
BAKING NEEDS,MELONS,GROCERY,PRODUCE,388,0.00155,0.037,0.090,2.17,409,0.95
TROPICAL FRUIT,VEGETABLES - SHELF STABLE,PRODUCE,GROCERY,6882,0.02742,0.212,0.305,2.36,7255,0.95
BREAKFAST SAUSAGE/SANDWICHES,DIAPERS & DISPOSABLES,MEAT-PCKGD,DRUG GM,317,0.00126,0.029,0.069,1.59,334,0.95
BAKING NEEDS,POPCORN,GROCERY,PRODUCE,360,0.00143,0.035,0.092,2.21,380,0.95
BAKING NEEDS,PWDR/CRYSTL DRNK MX,GROCERY,GROCERY,512,0.00204,0.049,0.096,2.32,540,0.95
CHICKEN,CRACKERS/MISC BKD FD,MEAT,GROCERY,3253,0.01296,0.216,0.143,2.39,3437,0.95
APPLES,BABY FOODS,PRODUCE,DRUG GM,406,0.00162,0.031,0.096,1.82,425,0.95
FLOUR & MEALS,MILK BY-PRODUCTS,GROCERY,GROCERY,562,0.00224,0.179,0.029,2.28,594,0.95
FLOUR & MEALS,VEGETABLES SALAD,GROCERY,PRODUCE,309,0.00123,0.099,0.029,2.31,324,0.95
AIR CARE,BAG SNACKS,GROCERY,GROCERY,1144,0.00456,0.300,0.027,1.80,1207,0.95
SHORTENING/OIL,SOAP - LIQUID & BAR,GROCERY,DRUG GM,451,0.00180,0.055,0.077,2.34,474,0.95
FLUID MILK PRODUCTS,HEAT/SERVE,GROCERY,MEAT-PCKGD,2646,0.01054,0.038,0.501,1.82,2771,0.95
ANALGESICS,SOFT DRINKS,DRUG GM,GROCERY,1355,0.00540,0.320,0.019,1.12,1434,0.95
FLUID MILK PRODUCTS,HOUSEHOLD CLEANG NEEDS,GROCERY,GROCERY,3548,0.01414,0.051,0.480,1.74,3752,0.95
HISPANIC,SOFT DRINKS,GROCERY,GROCERY,5885,0.02345,0.413,0.082,1.45,6169,0.95
BEEF,COFFEE,MEAT,GROCERY,3339,0.01330,0.091,0.291,1.99,3526,0.95
SMOKED MEATS,VEGETABLES SALAD,MEAT,PRODUCE,379,0.00151,0.097,0.035,2.27,401,0.95
SNACK NUTS,SOUP,GROCERY,GROCERY,987,0.00393,0.211,0.042,2.25,1041,0.95
FLUID MILK PRODUCTS,MELONS,GROCERY,PRODUCE,2153,0.00858,0.031,0.498,1.81,2277,0.95
SOAP - LIQUID & BAR,SOFT DRINKS,DRUG GM,GROCERY,2304,0.00918,0.393,0.032,1.38,2435,0.95
CHICKEN,FLUID MILK PRODUCTS,MEAT,GROCERY,7535,0.03002,0.501,0.109,1.82,7957,0.95
FRZN VEGETABLE/VEG DSH,HAIR CARE PRODUCTS,GROCERY,DRUG GM,837,0.00334,0.066,0.106,2.08,879,0.95
FLUID MILK PRODUCTS,ROLLS,GROCERY,PASTRY,2213,0.00882,0.032,0.435,1.58,2327,0.95
BEEF,COLD CEREAL,MEAT,GROCERY,8007,0.03191,0.218,0.319,2.18,8394,0.95
FLUID MILK PRODUCTS,VEGETABLES - SHELF STABLE,GROCERY,GROCERY,11983,0.04775,0.173,0.531,1.92,12572,0.95
FLUID MILK PRODUCTS,VITAMINS,GROCERY,DRUG GM,848,0.00338,0.012,0.426,1.54,891,0.95
SOFT DRINKS,SUGARS/SWEETNERS,GROCERY,GROCERY,4144,0.01651,0.058,0.403,1.41,4342,0.95
HERBS,PORK,PRODUCE,MEAT,406,0.00162,0.125,0.033,2.53,428,0.95
BREAD,ICE CREAM/MILK/SHERBTS,PASTRY,GROCERY,989,0.00394,0.124,0.049,1.56,1038,0.95
SOFT DRINKS,SYRUPS/TOPPINGS,GROCERY,GROCERY,408,0.00163,0.006,0.383,1.35,431,0.95
BATH TISSUES,POTATOES,GROCERY,PRODUCE,1889,0.00753,0.139,0.124,2.28,1983,0.95
AIR CARE,PASTA SAUCE,GROCERY,GROCERY,442,0.00176,0.116,0.038,2.49,463,0.95
BATH TISSUES,REFRGRATD DOUGH PRODUCTS,GROCERY,GROCERY,1685,0.00671,0.124,0.119,2.20,1775,0.95
BREAD,EGGS,PASTRY,GROCERY,1699,0.00677,0.214,0.061,1.92,1796,0.95
BREAD,CRACKERS/MISC BKD FD,PASTRY,GROCERY,1447,0.00577,0.182,0.064,2.01,1522,0.95
ANALGESICS,FRUIT - SHELF STABLE,DRUG GM,GROCERY,371,0.00148,0.088,0.028,1.65,391,0.95
CHICKEN,HAIR CARE PRODUCTS,MEAT,DRUG GM,967,0.00385,0.064,0.122,2.03,1021,0.95
SOUP,VALUE ADDED VEGETABLES,GROCERY,PRODUCE,507,0.00202,0.022,0.242,2.57,531,0.95
BATH TISSUES,YOGURT,GROCERY,GROCERY,2092,0.00834,0.154,0.119,2.19,2191,0.95
COFFEE,SEAFOOD-FRESH,GROCERY,SEAFOOD,327,0.00130,0.029,0.089,1.95,345,0.95
CHICKEN,POPCORN,MEAT,PRODUCE,558,0.00222,0.037,0.142,2.37,587,0.95
COFFEE,SEAFOOD - FROZEN,GROCERY,SEAFOOD-PCKGD,746,0.00297,0.065,0.099,2.17,781,0.95
CITRUS,DRY NOODLES/PASTA,PRODUCE,GROCERY,1431,0.00570,0.142,0.102,2.53,1512,0.95
CITRUS,DRY MIX DESSERTS,PRODUCE,GROCERY,530,0.00211,0.052,0.097,2.42,555,0.95
HAIR CARE PRODUCTS,POTATOES,DRUG GM,PRODUCE,1026,0.00409,0.129,0.067,2.12,1085,0.95
FRZN MEAT/MEAT DINNERS,ORAL HYGIENE PRODUCTS,GROCERY,DRUG GM,1279,0.00510,0.056,0.164,1.81,1350,0.95
BATTERIES,REFRGRATD JUICES/DRNKS,DRUG GM,GROCERY,355,0.00141,0.158,0.014,1.53,374,0.95
FROZEN MEAT,PAPER TOWELS,MEAT-PCKGD,GROCERY,849,0.00338,0.103,0.083,2.55,896,0.95
BLEACH,DRY BN/VEG/POTATO/RICE,GROCERY,GROCERY,439,0.00175,0.124,0.033,2.34,463,0.95
HAIR CARE PRODUCTS,MEAT - SHELF STABLE,DRUG GM,GROCERY,964,0.00384,0.122,0.070,2.21,1012,0.95
BEEF,FRZN JCE CONC/DRNKS,MEAT,GROCERY,571,0.00228,0.016,0.301,2.06,601,0.95
FROZEN MEAT,TEAS,MEAT-PCKGD,GROCERY,304,0.00121,0.037,0.087,2.67,320,0.95
FRZN MEAT/MEAT DINNERS,REFRIGERATED,GROCERY,NUTRITION,819,0.00326,0.036,0.159,1.75,864,0.95
FRUIT - SHELF STABLE,REFRIGERATED,GROCERY,NUTRITION,597,0.00238,0.045,0.116,2.18,630,0.95
BEEF,SWEET GOODS & SNACKS,MEAT,PASTRY,384,0.00153,0.010,0.240,1.64,404,0.95
BERRIES,SALD DRSNG/SNDWCH SPRD,PRODUCE,GROCERY,1482,0.00591,0.163,0.088,2.44,1554,0.95
BEANS - CANNED GLASS & MW,FRZN NOVELTIES/WTR ICE,GROCERY,GROCERY,849,0.00338,0.089,0.082,2.17,894,0.95
FROZEN PIE/DESSERTS,SEAFOOD - FROZEN,GROCERY,SEAFOOD-PCKGD,399,0.00159,0.062,0.053,2.07,421,0.95
BEANS - CANNED GLASS & MW,ICE CREAM/MILK/SHERBTS,GROCERY,GROCERY,1408,0.00561,0.148,0.070,1.86,1486,0.95
CRACKERS/MISC BKD FD,FROZEN PIE/DESSERTS,GROCERY,GROCERY,1222,0.00487,0.054,0.190,2.10,1293,0.95
CAT FOOD,LUNCHMEAT,GROCERY,MEAT-PCKGD,1037,0.00413,0.158,0.044,1.68,1089,0.95
CAT FOOD,MISC. DAIRY,GROCERY,GROCERY,358,0.00143,0.055,0.049,1.87,377,0.95
BACON,MAGAZINE,MEAT-PCKGD,DRUG GM,498,0.00198,0.046,0.069,1.59,526,0.95
CAT FOOD,FLUID MILK PRODUCTS,GROCERY,GROCERY,2666,0.01062,0.407,0.039,1.47,2816,0.95
CAT FOOD,PNT BTR/JELLY/JAMS,GROCERY,GROCERY,497,0.00198,0.076,0.048,1.84,524,0.95
CRACKERS/MISC BKD FD,MUSHROOMS,GROCERY,PRODUCE,1120,0.00446,0.049,0.237,2.61,1174,0.95
CAT FOOD,CRACKERS/MISC BKD FD,GROCERY,GROCERY,1067,0.00425,0.163,0.047,1.80,1120,0.95
CAT FOOD,SPICES & EXTRACTS,GROCERY,GROCERY,440,0.00175,0.067,0.047,1.78,464,0.95
PIES,SOUP,PASTRY,GROCERY,450,0.00179,0.162,0.019,1.73,475,0.95
BACON,FROZEN PIE/DESSERTS,MEAT-PCKGD,GROCERY,610,0.00243,0.056,0.095,2.19,642,0.95
CRACKERS/MISC BKD FD,PREPARED FOOD,GROCERY,DELI,506,0.00202,0.022,0.107,1.19,534,0.95
CARROTS,WATER - CARBONATED/FLVRD DRINK,PRODUCE,GROCERY,1182,0.00471,0.141,0.066,1.97,1247,0.95
CARROTS,WAREHOUSE SNACKS,PRODUCE,GROCERY,490,0.00195,0.058,0.075,2.24,518,0.95
BACON,FD WRAPS/BAGS/TRSH BG,MEAT-PCKGD,GROCERY,1200,0.00478,0.110,0.107,2.47,1262,0.95
CRACKERS/MISC BKD FD,STATIONERY & SCHOOL SUPPLIES,GROCERY,DRUG GM,663,0.00264,0.029,0.143,1.58,700,0.95
BACON,VALUE ADDED FRUIT,MEAT-PCKGD,PRODUCE,591,0.00235,0.054,0.101,2.33,624,0.95
CIGARETTES,POTATOES,DRUG GM,PRODUCE,654,0.00261,0.060,0.043,0.98,689,0.95
BACON,WATER - CARBONATED/FLVRD DRINK,MEAT-PCKGD,GROCERY,1478,0.00589,0.136,0.082,1.90,1556,0.95
CARROTS,ORAL HYGIENE PRODUCTS,PRODUCE,DRUG GM,589,0.00235,0.070,0.076,2.26,620,0.95
COOKIES/CONES,VALUE ADDED VEGETABLES,GROCERY,PRODUCE,340,0.00135,0.020,0.162,2.38,356,0.95
DELI MEATS,DEODORANTS,DELI,DRUG GM,559,0.00223,0.033,0.131,1.93,587,0.95
BAG SNACKS,BAKING MIXES,GROCERY,GROCERY,3550,0.01415,0.085,0.315,1.88,3741,0.95
BACON,CHEESES,MEAT-PCKGD,DELI,1231,0.00491,0.113,0.109,2.51,1296,0.95
BAG SNACKS,BREAKFAST SWEETS,GROCERY,PASTRY,1827,0.00728,0.044,0.224,1.34,1927,0.95
DELI MEATS,FRZN MEAT/MEAT DINNERS,DELI,GROCERY,3056,0.01218,0.179,0.134,1.97,3226,0.95
CAT LITTER,DINNER MXS:DRY,GROCERY,GROCERY,354,0.00141,0.120,0.027,2.26,373,0.95
DELI MEATS,GREETING CARDS/WRAP/PARTY SPLY,DELI,DRUG GM,730,0.00291,0.043,0.096,1.41,771,0.95
AIR CARE,VEGETABLES - SHELF STABLE,GROCERY,GROCERY,808,0.00322,0.212,0.036,2.36,847,0.95
DELI MEATS,LAUNDRY DETERGENTS,DELI,GROCERY,1221,0.00487,0.071,0.144,2.12,1286,0.95
DELI MEATS,MARGARINES,DELI,GROCERY,2108,0.00840,0.123,0.156,2.28,2228,0.95
CHICKEN/POULTRY,PORK,DELI,MEAT,371,0.00148,0.063,0.030,1.28,390,0.95
BACON,CANDY - PACKAGED,MEAT-PCKGD,DRUG GM,1555,0.00620,0.143,0.072,1.67,1641,0.95
COOKIES/CONES,SALADS/DIPS,GROCERY,DELI,765,0.00305,0.045,0.127,1.86,807,0.95
CRACKERS/MISC BKD FD,FIRST AID PRODUCTS,GROCERY,DRUG GM,373,0.00149,0.016,0.141,1.56,396,0.94
ICE CREAM/MILK/SHERBTS,SUGARS/SWEETNERS,GROCERY,GROCERY,1394,0.00555,0.069,0.136,1.70,1476,0.94
FROZEN PIZZA,SHORTENING/OIL,GROCERY,GROCERY,1663,0.00663,0.072,0.201,2.18,1761,0.94
MAGAZINE,MILK BY-PRODUCTS,DRUG GM,GROCERY,861,0.00343,0.119,0.044,1.52,920,0.94
FACIAL TISS/DNR NAPKIN,ONIONS,GROCERY,PRODUCE,1042,0.00415,0.152,0.067,2.45,1109,0.94
BREAKFAST SWEETS,FRUIT - SHELF STABLE,PASTRY,GROCERY,675,0.00269,0.083,0.051,1.56,719,0.94
BROOMS AND MOPS,SOUP,DRUG GM,GROCERY,654,0.00261,0.215,0.028,2.29,696,0.94
MAGAZINE,PAPER TOWELS,DRUG GM,GROCERY,448,0.00179,0.062,0.044,1.53,476,0.94
DIAPERS & DISPOSABLES,REFRGRATD JUICES/DRNKS,DRUG GM,GROCERY,660,0.00263,0.144,0.025,1.40,699,0.94
MAGAZINE,REFRGRATD DOUGH PRODUCTS,DRUG GM,GROCERY,621,0.00247,0.086,0.044,1.53,663,0.94
DELI MEATS,POTATOES,DELI,PRODUCE,2426,0.00967,0.142,0.159,2.33,2579,0.94
BUTTER,CONDIMENTS/SAUCES,GROCERY,GROCERY,883,0.00352,0.178,0.049,2.51,939,0.94
COCOA MIXES,DINNER SAUSAGE,GROCERY,MEAT-PCKGD,376,0.00150,0.098,0.038,2.50,401,0.94
CARROTS,ICE CREAM/MILK/SHERBTS,PRODUCE,GROCERY,1244,0.00496,0.148,0.062,1.85,1328,0.94
MARGARINES,OLIVES,GROCERY,GROCERY,385,0.00153,0.028,0.146,2.70,410,0.94
APPLES,CAT LITTER,PRODUCE,GROCERY,323,0.00129,0.024,0.109,2.08,342,0.94
FACIAL TISS/DNR NAPKIN,VEGETABLES SALAD,GROCERY,PRODUCE,689,0.00275,0.101,0.064,2.36,737,0.94
ICE CREAM/MILK/SHERBTS,PICKLE/RELISH/PKLD VEG,GROCERY,GROCERY,914,0.00364,0.046,0.148,1.86,970,0.94
BAKED SWEET GOODS,MILK BY-PRODUCTS,GROCERY,GROCERY,3008,0.01199,0.161,0.153,2.05,3188,0.94
FD WRAPS/BAGS/TRSH BG,FROZEN PIZZA,GROCERY,GROCERY,2133,0.00850,0.190,0.092,2.06,2262,0.94
CHEESES,PORK,DELI,MEAT,1351,0.00538,0.119,0.109,2.42,1445,0.94
BEERS/ALES,EGGS,GROCERY,GROCERY,2281,0.00909,0.147,0.082,1.33,2420,0.94
APPLES,BREAKFAST SWEETS,PRODUCE,PASTRY,652,0.00260,0.049,0.080,1.52,690,0.94
BAKED SWEET GOODS,HOUSEHOLD CLEANG NEEDS,GROCERY,GROCERY,1088,0.00434,0.058,0.147,1.98,1160,0.94
DRY MIX DESSERTS,VEGETABLES SALAD,GROCERY,PRODUCE,556,0.00222,0.102,0.052,2.39,590,0.94
BUTTER,PAPER HOUSEWARES,GROCERY,GROCERY,355,0.00141,0.072,0.046,2.34,377,0.94
BUTTER,SEAFOOD - FROZEN,GROCERY,SEAFOOD-PCKGD,369,0.00147,0.075,0.049,2.49,391,0.94
MARGARINES,YOGURT,GROCERY,GROCERY,2250,0.00897,0.166,0.128,2.37,2406,0.94
BREAKFAST SAUSAGE/SANDWICHES,SNACK NUTS,MEAT-PCKGD,GROCERY,454,0.00181,0.041,0.097,2.22,484,0.94
HOUSEHOLD CLEANG NEEDS,VEGETABLES - SHELF STABLE,GROCERY,GROCERY,1602,0.00638,0.217,0.071,2.41,1704,0.94
HOUSEHOLD CLEANG NEEDS,VEGETABLES - ALL OTHERS,GROCERY,PRODUCE,1094,0.00436,0.148,0.067,2.27,1163,0.94
MEAT - MISC,PAPER HOUSEWARES,MEAT-PCKGD,GROCERY,599,0.00239,0.071,0.078,2.32,636,0.94
APPLES,LUNCHMEAT,PRODUCE,MEAT-PCKGD,2791,0.01112,0.211,0.118,2.24,2981,0.94
FD WRAPS/BAGS/TRSH BG,SALAD MIX,GROCERY,PRODUCE,1620,0.00646,0.144,0.104,2.33,1721,0.94
FD WRAPS/BAGS/TRSH BG,SEAFOOD - FROZEN,GROCERY,SEAFOOD-PCKGD,776,0.00309,0.069,0.103,2.31,824,0.94
FRZN VEGETABLE/VEG DSH,LUNCHMEAT,GROCERY,MEAT-PCKGD,2614,0.01042,0.205,0.110,2.17,2784,0.94
CITRUS,FRZN NOVELTIES/WTR ICE,PRODUCE,GROCERY,814,0.00324,0.081,0.079,1.95,868,0.94
APPLES,BAKING MIXES,PRODUCE,GROCERY,1426,0.00568,0.108,0.126,2.40,1521,0.94
PAPER TOWELS,PICKLE/RELISH/PKLD VEG,GROCERY,GROCERY,648,0.00258,0.064,0.105,2.60,691,0.94
BEERS/ALES,CHICKEN/POULTRY,GROCERY,DELI,373,0.00149,0.024,0.063,1.03,395,0.94
SALAD MIX,SMOKED MEATS,PRODUCE,MEAT,559,0.00223,0.036,0.143,2.31,596,0.94
CANDY - CHECKLANE,DRIED FRUIT,DRUG GM,NUTRITION,336,0.00134,0.014,0.112,1.20,357,0.94
FRZN VEGETABLE/VEG DSH,WATER - CARBONATED/FLVRD DRINK,GROCERY,GROCERY,1646,0.00656,0.129,0.092,1.81,1755,0.94
APPLES,PORK,PRODUCE,MEAT,1660,0.00661,0.126,0.134,2.55,1772,0.94
FRZN VEGETABLE/VEG DSH,LAUNDRY DETERGENTS,GROCERY,GROCERY,955,0.00381,0.075,0.113,2.22,1015,0.94
CANDY - CHECKLANE,FROZEN PIE/DESSERTS,DRUG GM,GROCERY,673,0.00268,0.029,0.105,1.13,716,0.94
CORN,FRUIT - SHELF STABLE,PRODUCE,GROCERY,363,0.00145,0.133,0.027,2.50,387,0.94
HOT DOGS,VEGETABLES SALAD,MEAT-PCKGD,PRODUCE,1096,0.00437,0.100,0.102,2.35,1169,0.94
HOT DOGS,TOMATOES,MEAT-PCKGD,PRODUCE,1582,0.00630,0.145,0.104,2.38,1679,0.94
BAKED BREAD/BUNS/ROLLS,SOAP - LIQUID & BAR,GROCERY,DRUG GM,2655,0.01058,0.044,0.453,1.89,2836,0.94
CEREAL/BREAKFAST,COLD CEREAL,NUTRITION,GROCERY,368,0.00147,0.252,0.015,2.52,390,0.94
DRY BN/VEG/POTATO/RICE,ELECTRICAL SUPPPLIES,GROCERY,DRUG GM,318,0.00127,0.024,0.120,2.27,337,0.94
FEMININE HYGIENE,SOUP,DRUG GM,GROCERY,659,0.00263,0.153,0.028,1.63,700,0.94
BAKED BREAD/BUNS/ROLLS,SHORTENING/OIL,GROCERY,GROCERY,4091,0.01630,0.068,0.495,2.06,4331,0.94
SHAVING CARE PRODUCTS,TROPICAL FRUIT,DRUG GM,PRODUCE,796,0.00317,0.242,0.025,1.87,849,0.94
HOT DOGS,ONIONS,MEAT-PCKGD,PRODUCE,1651,0.00658,0.151,0.106,2.44,1757,0.94
CONDIMENTS/SAUCES,WATER - CARBONATED/FLVRD DRINK,GROCERY,GROCERY,2323,0.00926,0.130,0.129,1.82,2461,0.94
BAKED BREAD/BUNS/ROLLS,SEAFOOD - FROZEN,GROCERY,SEAFOOD-PCKGD,3589,0.01430,0.060,0.477,1.99,3823,0.94
FRZN VEGETABLE/VEG DSH,LAUNDRY ADDITIVES,GROCERY,GROCERY,530,0.00211,0.042,0.119,2.35,562,0.94
FIRST AID PRODUCTS,REFRGRATD JUICES/DRNKS,DRUG GM,GROCERY,383,0.00153,0.145,0.015,1.40,407,0.94
APPLES,SALD DRSNG/SNDWCH SPRD,PRODUCE,GROCERY,2213,0.00882,0.168,0.132,2.51,2350,0.94
CANDY - CHECKLANE,PAPER HOUSEWARES,DRUG GM,GROCERY,820,0.00327,0.035,0.107,1.15,871,0.94
BACON,CONVENIENT BRKFST/WHLSM SNACKS,MEAT-PCKGD,GROCERY,1635,0.00651,0.150,0.117,2.70,1738,0.94
FRZN NOVELTIES/WTR ICE,SUGARS/SWEETNERS,GROCERY,GROCERY,822,0.00328,0.079,0.080,1.94,873,0.94
DRIED FRUIT,REFRGRATD DOUGH PRODUCTS,NUTRITION,GROCERY,440,0.00175,0.146,0.031,2.60,470,0.94
MILK BY-PRODUCTS,PREPARED FOOD,GROCERY,DELI,430,0.00171,0.022,0.091,1.16,460,0.94
MILK BY-PRODUCTS,REFRGRATD JUICES/DRNKS,GROCERY,GROCERY,4071,0.01622,0.207,0.157,2.00,4309,0.94
BREAKFAST SAUSAGE/SANDWICHES,CIGARETTES,MEAT-PCKGD,DRUG GM,465,0.00185,0.042,0.043,0.97,497,0.94
CHICKEN,REFRGRATD JUICES/DRNKS,MEAT,GROCERY,3118,0.01242,0.207,0.120,2.01,3306,0.94
MILK BY-PRODUCTS,SHORTENING/OIL,GROCERY,GROCERY,1561,0.00622,0.079,0.189,2.41,1653,0.94
ANTACIDS,TROPICAL FRUIT,DRUG GM,PRODUCE,328,0.00131,0.187,0.010,1.45,347,0.94
FLOUR & MEALS,REFRGRATD JUICES/DRNKS,GROCERY,GROCERY,642,0.00256,0.205,0.025,1.98,681,0.94
HOT CEREAL,PAPER HOUSEWARES,GROCERY,GROCERY,405,0.00161,0.072,0.053,2.36,430,0.94
COLD AND FLU,YOGURT,DRUG GM,GROCERY,446,0.00178,0.091,0.025,1.30,474,0.94
BREAD,SOUP,PASTRY,GROCERY,1493,0.00595,0.188,0.063,2.00,1582,0.94
CHICKEN,DRY MIX DESSERTS,MEAT,GROCERY,784,0.00312,0.052,0.144,2.40,834,0.94
MILK BY-PRODUCTS,STONE FRUIT,GROCERY,PRODUCE,942,0.00375,0.048,0.172,2.19,1005,0.94
HOT CEREAL,ICE CREAM/MILK/SHERBTS,GROCERY,GROCERY,807,0.00322,0.144,0.040,1.80,855,0.94
MILK BY-PRODUCTS,TEAS,GROCERY,GROCERY,650,0.00259,0.033,0.186,2.38,691,0.94
ANALGESICS,BAKED SWEET GOODS,DRUG GM,GROCERY,444,0.00177,0.105,0.024,1.41,471,0.94
DOMESTIC WINE,TROPICAL FRUIT,GROCERY,PRODUCE,851,0.00339,0.188,0.026,1.45,901,0.94
MILK BY-PRODUCTS,VALUE ADDED FRUIT,GROCERY,PRODUCE,996,0.00397,0.051,0.170,2.17,1056,0.94
PORK,ROLLS,MEAT,PASTRY,485,0.00193,0.039,0.095,1.94,516,0.94
COLD AND FLU,SOFT DRINKS,DRUG GM,GROCERY,1445,0.00576,0.296,0.020,1.04,1532,0.94
CHEESE,IMPORTED WINE,GROCERY,GROCERY,509,0.00203,0.011,0.295,1.58,544,0.94
MISC. DAIRY,SOFT DRINKS,GROCERY,GROCERY,3058,0.01219,0.417,0.043,1.46,3259,0.94
BATH TISSUES,BEEF,GROCERY,MEAT,3975,0.01584,0.292,0.108,2.00,4231,0.94
CRACKERS/MISC BKD FD,VEGETABLES - ALL OTHERS,GROCERY,PRODUCE,3585,0.01429,0.158,0.219,2.42,3811,0.94
HISPANIC,SHAVING CARE PRODUCTS,GROCERY,DRUG GM,382,0.00152,0.027,0.116,2.05,405,0.94
BACON,BAKING NEEDS,MEAT-PCKGD,GROCERY,1039,0.00414,0.096,0.100,2.31,1104,0.94
HISPANIC,ROLLS,GROCERY,PASTRY,552,0.00220,0.039,0.109,1.91,587,0.94
FLUID MILK PRODUCTS,MEAT - MISC,GROCERY,MEAT-PCKGD,4304,0.01715,0.062,0.511,1.85,4600,0.94
CHEESE,FRZN NOVELTIES/WTR ICE,GROCERY,GROCERY,3613,0.01440,0.077,0.349,1.87,3834,0.94
FLUID MILK PRODUCTS,NUTS,GROCERY,PRODUCE,945,0.00377,0.014,0.515,1.87,1002,0.94
BERRIES,ICE CREAM/MILK/SHERBTS,PRODUCE,GROCERY,1270,0.00506,0.139,0.063,1.74,1347,0.94
ANALGESICS,ICE CREAM/MILK/SHERBTS,DRUG GM,GROCERY,423,0.00169,0.100,0.021,1.25,451,0.94
DOG FOODS,HOT DOGS,GROCERY,MEAT-PCKGD,576,0.00230,0.081,0.053,1.86,613,0.94
DOG FOODS,HOT CEREAL,GROCERY,GROCERY,304,0.00121,0.043,0.054,1.92,325,0.94
BAKED BREAD/BUNS/ROLLS,FROZEN,GROCERY,NUTRITION,732,0.00292,0.012,0.473,1.97,775,0.94
DISHWASH DETERGENTS,VEGETABLES SALAD,GROCERY,PRODUCE,606,0.00241,0.097,0.057,2.28,642,0.94
DISHWASH DETERGENTS,TROPICAL FRUIT,GROCERY,PRODUCE,1727,0.00688,0.277,0.053,2.14,1846,0.94
DISHWASH DETERGENTS,TOMATOES,GROCERY,PRODUCE,863,0.00344,0.139,0.057,2.28,922,0.94
REFRGRATD JUICES/DRNKS,SALAD MIX,GROCERY,PRODUCE,3269,0.01303,0.126,0.211,2.04,3486,0.94
CANDY - PACKAGED,DISHWASH DETERGENTS,DRUG GM,GROCERY,839,0.00334,0.039,0.135,1.57,892,0.94
BAKED BREAD/BUNS/ROLLS,DRY MIX DESSERTS,GROCERY,GROCERY,2669,0.01064,0.044,0.490,2.04,2837,0.94
FLUID MILK PRODUCTS,SHAVING CARE PRODUCTS,GROCERY,DRUG GM,1444,0.00575,0.021,0.439,1.59,1532,0.94
FLUID MILK PRODUCTS,SHORTENING/OIL,GROCERY,GROCERY,4246,0.01692,0.061,0.514,1.86,4495,0.94
DISHWASH DETERGENTS,PICKLE/RELISH/PKLD VEG,GROCERY,GROCERY,390,0.00155,0.063,0.063,2.55,417,0.94
FRUIT - SHELF STABLE,PEPPERS-ALL,GROCERY,PRODUCE,1247,0.00497,0.094,0.152,2.86,1332,0.94
BABY FOODS,HOT DOGS,DRUG GM,MEAT-PCKGD,324,0.00129,0.077,0.030,1.76,344,0.94
FRZN BREAKFAST FOODS,SHORTENING/OIL,GROCERY,GROCERY,630,0.00251,0.086,0.076,2.62,667,0.94
DISHWASH DETERGENTS,MEAT - MISC,GROCERY,MEAT-PCKGD,503,0.00200,0.081,0.060,2.41,537,0.94
SOFT DRINKS,SOUP,GROCERY,GROCERY,9570,0.03813,0.134,0.406,1.42,10191,0.94
DISHWASH DETERGENTS,GRAPES,GROCERY,PRODUCE,595,0.00237,0.096,0.059,2.37,633,0.94
SOFT DRINKS,SPRING/SUMMER SEASONAL,GROCERY,DRUG GM,670,0.00267,0.009,0.352,1.23,712,0.94
DISHWASH DETERGENTS,FROZEN PIZZA,GROCERY,GROCERY,1179,0.00470,0.189,0.051,2.05,1260,0.94
FLUID MILK PRODUCTS,TURKEY,GROCERY,MEAT,1392,0.00555,0.020,0.499,1.81,1486,0.94
DISHWASH DETERGENTS,FROZEN PIE/DESSERTS,GROCERY,GROCERY,323,0.00129,0.052,0.050,2.03,343,0.94
FLUID MILK PRODUCTS,VALUE ADDED FRUIT,GROCERY,PRODUCE,2792,0.01113,0.040,0.478,1.73,2973,0.94
FLUID MILK PRODUCTS,VEGETABLES SALAD,GROCERY,PRODUCE,5327,0.02123,0.077,0.497,1.80,5688,0.94
DISHWASH DETERGENTS,DRY SAUCES/GRAVY,GROCERY,GROCERY,402,0.00160,0.065,0.062,2.50,426,0.94
REFRGRATD DOUGH PRODUCTS,SEAFOOD - SHELF STABLE,GROCERY,GROCERY,1194,0.00476,0.085,0.151,2.69,1275,0.94
BACON,CAT FOOD,MEAT-PCKGD,GROCERY,518,0.00206,0.048,0.079,1.83,553,0.94
DINNER SAUSAGE,VEGETABLES SALAD,MEAT-PCKGD,PRODUCE,972,0.00387,0.099,0.091,2.31,1036,0.94
DINNER SAUSAGE,TOMATOES,MEAT-PCKGD,PRODUCE,1398,0.00557,0.142,0.092,2.33,1489,0.94
NEWSPAPER,SALAD MIX,DRUG GM,PRODUCE,320,0.00128,0.066,0.021,1.07,341,0.94
CHICKEN,FROZEN PIZZA,MEAT,GROCERY,2877,0.01146,0.191,0.124,2.07,3065,0.94
BATH TISSUES,PICKLE/RELISH/PKLD VEG,GROCERY,GROCERY,792,0.00316,0.058,0.129,2.37,846,0.94
BATH TISSUES,PORK,GROCERY,MEAT,1511,0.00602,0.111,0.122,2.25,1599,0.94
PET CARE SUPPLIES,SOUP,GROCERY,GROCERY,468,0.00186,0.187,0.020,1.99,497,0.94
DEODORANTS,SALD DRSNG/SNDWCH SPRD,DRUG GM,GROCERY,575,0.00229,0.135,0.034,2.03,611,0.94
DELI MEATS,ELECTRICAL SUPPPLIES,DELI,DRUG GM,356,0.00142,0.021,0.134,1.97,380,0.94
CANDY - PACKAGED,MARGARINES,DRUG GM,GROCERY,1861,0.00742,0.087,0.137,1.60,1990,0.94
NEWSPAPER,TROPICAL FRUIT,DRUG GM,PRODUCE,673,0.00268,0.140,0.021,1.08,713,0.94
ANALGESICS,FRZN MEAT/MEAT DINNERS,DRUG GM,GROCERY,532,0.00212,0.125,0.023,1.38,566,0.94
FRUIT - SHELF STABLE,PREPARED FOOD,GROCERY,DELI,305,0.00122,0.023,0.065,1.22,325,0.94
CANDY - PACKAGED,MILK BY-PRODUCTS,DRUG GM,GROCERY,2676,0.01066,0.124,0.136,1.59,2845,0.94
FROZEN BREAD/DOUGH,ONIONS,GROCERY,PRODUCE,1122,0.00447,0.156,0.072,2.52,1196,0.94
FROZEN BREAD/DOUGH,PAPER HOUSEWARES,GROCERY,GROCERY,514,0.00205,0.071,0.067,2.33,549,0.94
ANALGESICS,FLUID MILK PRODUCTS,DRUG GM,GROCERY,1519,0.00605,0.358,0.022,1.30,1615,0.94
CANDY - PACKAGED,MISC. DAIRY,DRUG GM,GROCERY,1043,0.00416,0.049,0.142,1.66,1115,0.94
COFFEE,MELONS,GROCERY,PRODUCE,415,0.00165,0.036,0.096,2.10,441,0.94
COFFEE,SOFT DRINKS,GROCERY,GROCERY,4368,0.01741,0.381,0.061,1.34,4662,0.94
BATH TISSUES,TROPICAL FRUIT,GROCERY,PRODUCE,3560,0.01419,0.261,0.110,2.02,3806,0.94
ANALGESICS,DELI MEATS,DRUG GM,DELI,426,0.00170,0.100,0.025,1.47,452,0.94
DINNER SAUSAGE,SALAD MIX,MEAT-PCKGD,PRODUCE,1457,0.00581,0.148,0.094,2.39,1542,0.94
BAKED BREAD/BUNS/ROLLS,CAT FOOD,GROCERY,GROCERY,2479,0.00988,0.041,0.378,1.57,2635,0.94
BLEACH,SOFT DRINKS,GROCERY,GROCERY,1355,0.00540,0.382,0.019,1.34,1447,0.94
HAIR CARE PRODUCTS,VEGETABLES - SHELF STABLE,DRUG GM,GROCERY,1544,0.00615,0.195,0.068,2.16,1641,0.94
HAIR CARE PRODUCTS,TROPICAL FRUIT,DRUG GM,PRODUCE,1955,0.00779,0.246,0.060,1.90,2090,0.94
FROZEN BREAD/DOUGH,VEGETABLES SALAD,GROCERY,PRODUCE,742,0.00296,0.103,0.069,2.42,792,0.94
BLEACH,PNT BTR/JELLY/JAMS,GROCERY,GROCERY,328,0.00131,0.093,0.032,2.24,348,0.94
BAKED BREAD/BUNS/ROLLS,BERRIES,GROCERY,PRODUCE,4406,0.01756,0.073,0.483,2.01,4691,0.94
BATTERIES,COLD CEREAL,DRUG GM,GROCERY,381,0.00152,0.169,0.015,1.69,404,0.94
BAG SNACKS,FRUIT - SHELF STABLE,GROCERY,GROCERY,4643,0.01850,0.111,0.349,2.09,4932,0.94
BAKED BREAD/BUNS/ROLLS,BEERS/ALES,GROCERY,GROCERY,4703,0.01874,0.078,0.303,1.26,5028,0.94
FROZEN MEAT,HOUSEHOLD CLEANG NEEDS,MEAT-PCKGD,GROCERY,589,0.00235,0.072,0.080,2.44,626,0.94
BAKED BREAD/BUNS/ROLLS,BAKING MIXES,GROCERY,GROCERY,5300,0.02112,0.088,0.470,1.96,5631,0.94
COFFEE,DINNER MXS:DRY,GROCERY,GROCERY,1481,0.00590,0.129,0.111,2.44,1568,0.94
GRAPES,MEAT - MISC,PRODUCE,MEAT-PCKGD,859,0.00342,0.085,0.102,2.53,909,0.94
PEPPERS-ALL,SALADS/DIPS,PRODUCE,DELI,404,0.00161,0.049,0.067,2.05,430,0.94
ONIONS,PIES,PRODUCE,PASTRY,300,0.00120,0.019,0.108,1.74,318,0.94
FRZN MEAT/MEAT DINNERS,MILK BY-PRODUCTS,GROCERY,GROCERY,3597,0.01433,0.158,0.183,2.02,3820,0.94
BEEF,ROLLS,MEAT,PASTRY,1320,0.00526,0.036,0.260,1.78,1409,0.94
AIR CARE,CHEESES,GROCERY,DELI,374,0.00149,0.098,0.033,2.18,397,0.94
BACON,BATH TISSUES,MEAT-PCKGD,GROCERY,1340,0.00534,0.123,0.098,2.27,1432,0.94
HAIR CARE PRODUCTS,HOT CEREAL,DRUG GM,GROCERY,382,0.00152,0.048,0.068,2.16,405,0.94
CHEESE,COOKIES,GROCERY,PASTRY,1116,0.00445,0.024,0.302,1.62,1191,0.94
GREETING CARDS/WRAP/PARTY SPLY,PNT BTR/JELLY/JAMS,DRUG GM,GROCERY,462,0.00184,0.061,0.045,1.47,494,0.94
DEODORANTS,MARGARINES,DRUG GM,GROCERY,463,0.00184,0.109,0.034,2.02,492,0.94
BAG SNACKS,SEAFOOD - SHELF STABLE,GROCERY,GROCERY,2763,0.01101,0.066,0.350,2.09,2933,0.94
BEANS - CANNED GLASS & MW,CITRUS,GROCERY,PRODUCE,971,0.00387,0.102,0.096,2.54,1029,0.94
GREETING CARDS/WRAP/PARTY SPLY,ICE CREAM/MILK/SHERBTS,DRUG GM,GROCERY,737,0.00294,0.097,0.037,1.22,781,0.94
BEANS - CANNED GLASS & MW,DELI MEATS,GROCERY,DELI,1587,0.00632,0.167,0.093,2.45,1680,0.94
BEANS - CANNED GLASS & MW,FACIAL TISS/DNR NAPKIN,GROCERY,GROCERY,687,0.00274,0.072,0.100,2.65,731,0.94
POTATOES,REFRGRATD JUICES/DRNKS,PRODUCE,GROCERY,3297,0.01314,0.216,0.127,2.09,3503,0.94
BEANS - CANNED GLASS & MW,FRZN BREAKFAST FOODS,GROCERY,GROCERY,764,0.00304,0.080,0.105,2.77,811,0.94
FRZN NOVELTIES/WTR ICE,HISPANIC,GROCERY,GROCERY,1182,0.00471,0.114,0.083,2.01,1263,0.94
BEEF,DELI MEATS,MEAT,DELI,5182,0.02065,0.141,0.303,2.07,5518,0.94
BERRIES,PAPER TOWELS,PRODUCE,GROCERY,870,0.00347,0.095,0.086,2.36,926,0.94
BAG SNACKS,PORK,GROCERY,MEAT,4042,0.01611,0.096,0.327,1.95,4298,0.94
BAG SNACKS,PNT BTR/JELLY/JAMS,GROCERY,GROCERY,3406,0.01357,0.081,0.329,1.97,3638,0.94
BABY HBC,CHEESES,DRUG GM,DELI,343,0.00137,0.086,0.030,1.91,364,0.94
CORN,PASTA SAUCE,PRODUCE,GROCERY,320,0.00128,0.117,0.027,2.50,340,0.94
CHICKEN,ORAL HYGIENE PRODUCTS,MEAT,DRUG GM,943,0.00376,0.063,0.121,2.02,1004,0.94
CARROTS,LAUNDRY DETERGENTS,PRODUCE,GROCERY,688,0.00274,0.082,0.081,2.43,734,0.94
CAT FOOD,MEAT - SHELF STABLE,GROCERY,GROCERY,668,0.00266,0.102,0.048,1.85,708,0.94
DINNER MXS:DRY,GRAPES,GROCERY,PRODUCE,1477,0.00589,0.111,0.146,2.76,1577,0.94
BAG SNACKS,NUTS,GROCERY,PRODUCE,604,0.00241,0.014,0.329,1.97,640,0.94
PNT BTR/JELLY/JAMS,SMOKED MEATS,GROCERY,MEAT,387,0.00154,0.037,0.099,2.39,412,0.94
CANNED JUICES,MARGARINES,GROCERY,GROCERY,2446,0.00975,0.121,0.181,2.25,2593,0.94
COOKIES,TROPICAL FRUIT,PASTRY,PRODUCE,784,0.00312,0.212,0.024,1.64,833,0.94
DEODORANTS,FRZN VEGETABLE/VEG DSH,DRUG GM,GROCERY,432,0.00172,0.102,0.034,2.00,461,0.94
EGGS,HEAT/SERVE,GROCERY,MEAT-PCKGD,1295,0.00516,0.046,0.245,2.21,1383,0.94
FROZEN PIE/DESSERTS,TOMATOES,GROCERY,PRODUCE,803,0.00320,0.125,0.053,2.06,858,0.94
SALD DRSNG/SNDWCH SPRD,STONE FRUIT,GROCERY,PRODUCE,826,0.00329,0.049,0.151,2.26,881,0.94
LAUNDRY DETERGENTS,TROPICAL FRUIT,GROCERY,PRODUCE,2255,0.00899,0.266,0.069,2.06,2397,0.94
PROCESSED,REFRGRATD DOUGH PRODUCTS,PRODUCE,GROCERY,653,0.00260,0.139,0.046,2.47,697,0.94
EGGS,LAUNDRY DETERGENTS,GROCERY,GROCERY,1977,0.00788,0.071,0.234,2.10,2110,0.94
LAUNDRY DETERGENTS,PICKLE/RELISH/PKLD VEG,GROCERY,GROCERY,507,0.00202,0.060,0.082,2.44,537,0.94
CHICKEN/POULTRY,YOGURT,DELI,GROCERY,514,0.00205,0.087,0.029,1.25,547,0.94
FRZN VEGETABLE/VEG DSH,SALADS/DIPS,GROCERY,DELI,596,0.00237,0.047,0.099,1.95,634,0.94
EGGS,FACIAL TISS/DNR NAPKIN,GROCERY,GROCERY,1750,0.00697,0.063,0.255,2.30,1865,0.94
CHEESES,EGGS,DELI,GROCERY,2836,0.01130,0.251,0.102,2.26,3016,0.94
LUNCHMEAT,PLASTIC HOUSEWARES,MEAT-PCKGD,DRUG GM,421,0.00168,0.018,0.193,2.04,449,0.94
SALD DRSNG/SNDWCH SPRD,YOGURT,GROCERY,GROCERY,2804,0.01117,0.167,0.159,2.39,2984,0.94
APPLES,FROZEN PIE/DESSERTS,PRODUCE,GROCERY,727,0.00290,0.055,0.113,2.15,771,0.94
BROCCOLI/CAULIFLOWER,REFRGRATD DOUGH PRODUCTS,PRODUCE,GROCERY,665,0.00265,0.149,0.047,2.65,707,0.94
CANNED JUICES,ORGANICS FRUIT & VEGETABLES,GROCERY,PRODUCE,977,0.00389,0.048,0.185,2.30,1040,0.94
LAUNDRY ADDITIVES,SEAFOOD - SHELF STABLE,GROCERY,GROCERY,368,0.00147,0.083,0.047,2.63,393,0.94
LAUNDRY ADDITIVES,POTATOES,GROCERY,PRODUCE,655,0.00261,0.147,0.043,2.42,697,0.94
COLD CEREAL,SEAFOOD - FROZEN,GROCERY,SEAFOOD-PCKGD,1747,0.00696,0.070,0.232,2.32,1868,0.94
DINNER MXS:DRY,DISHWASH DETERGENTS,GROCERY,GROCERY,875,0.00349,0.066,0.141,2.65,934,0.94
EGGS,SPRING/SUMMER SEASONAL,GROCERY,DRUG GM,369,0.00147,0.013,0.194,1.74,392,0.94
EGGS,STONE FRUIT,GROCERY,PRODUCE,1312,0.00523,0.047,0.239,2.15,1392,0.94
COFFEE,FROZEN PIE/DESSERTS,GROCERY,GROCERY,554,0.00221,0.048,0.086,1.89,591,0.94
SALD DRSNG/SNDWCH SPRD,SHAVING CARE PRODUCTS,GROCERY,DRUG GM,446,0.00178,0.027,0.136,2.03,473,0.94
BEERS/ALES,CRACKERS/MISC BKD FD,GROCERY,GROCERY,1879,0.00749,0.121,0.083,1.34,2001,0.94
CRACKERS/MISC BKD FD,ORGANICS FRUIT & VEGETABLES,GROCERY,PRODUCE,1193,0.00475,0.053,0.226,2.49,1272,0.94
CHEESES,HAIR CARE PRODUCTS,DELI,DRUG GM,725,0.00289,0.064,0.091,2.03,773,0.94
COLD CEREAL,PROCESSED,GROCERY,PRODUCE,1151,0.00459,0.046,0.245,2.45,1219,0.94
DRY SAUCES/GRAVY,FLUID MILK PRODUCTS,GROCERY,GROCERY,3392,0.01352,0.523,0.049,1.90,3597,0.94
SOUP,WATER - CARBONATED/FLVRD DRINK,GROCERY,GROCERY,3088,0.01230,0.131,0.172,1.83,3270,0.94
CHEESES,CONDIMENTS/SAUCES,DELI,GROCERY,1913,0.00762,0.169,0.107,2.37,2032,0.94
BAKING MIXES,HAIR CARE PRODUCTS,GROCERY,DRUG GM,710,0.00283,0.063,0.089,1.99,758,0.94
CIGARETTES,HOUSEHOLD CLEANG NEEDS,DRUG GM,GROCERY,310,0.00124,0.028,0.042,0.96,329,0.94
BREAKFAST SWEETS,PORK,PASTRY,MEAT,602,0.00240,0.074,0.049,1.50,642,0.94
FROZEN PIZZA,SNACK NUTS,GROCERY,GROCERY,843,0.00336,0.036,0.180,1.95,898,0.94
COLD CEREAL,PLASTIC HOUSEWARES,GROCERY,DRUG GM,484,0.00193,0.019,0.222,2.21,513,0.94
BAKING MIXES,LAUNDRY DETERGENTS,GROCERY,GROCERY,823,0.00328,0.073,0.097,2.16,874,0.94
FROZEN PIZZA,HOUSEHOLD CLEANG NEEDS,GROCERY,GROCERY,1378,0.00549,0.060,0.187,2.02,1459,0.94
CITRUS,HAIR CARE PRODUCTS,PRODUCE,DRUG GM,640,0.00255,0.063,0.081,2.00,680,0.94
DRY NOODLES/PASTA,TOMATOES,GROCERY,PRODUCE,2163,0.00862,0.154,0.142,2.54,2303,0.94
BAKING MIXES,PAPER TOWELS,GROCERY,GROCERY,1057,0.00421,0.094,0.104,2.31,1120,0.94
POPCORN,POTATOES,PRODUCE,PRODUCE,593,0.00236,0.151,0.039,2.48,628,0.94
CIGARETTES,HOT DOGS,DRUG GM,MEAT-PCKGD,464,0.00185,0.042,0.042,0.98,496,0.94
SOFT DRINKS,TEAS,GROCERY,GROCERY,1405,0.00560,0.020,0.403,1.41,1511,0.93
BAKED BREAD/BUNS/ROLLS,LAUNDRY ADDITIVES,GROCERY,GROCERY,2073,0.00826,0.034,0.466,1.94,2230,0.93
BREAKFAST SWEETS,MEAT - SHELF STABLE,PASTRY,GROCERY,676,0.00269,0.083,0.049,1.51,726,0.93
TOMATOES,WATER - CARBONATED/FLVRD DRINK,PRODUCE,GROCERY,1943,0.00774,0.127,0.108,1.78,2083,0.93
FLUID MILK PRODUCTS,FRZN VEGETABLE/VEG DSH,GROCERY,GROCERY,6336,0.02525,0.092,0.498,1.80,6817,0.93
CITRUS,CONVENIENT BRKFST/WHLSM SNACKS,PRODUCE,GROCERY,1388,0.00553,0.137,0.099,2.46,1488,0.93
FRZN VEGETABLE/VEG DSH,HOT DOGS,GROCERY,MEAT-PCKGD,1322,0.00527,0.104,0.121,2.39,1422,0.93
COOKIES/CONES,DEODORANTS,GROCERY,DRUG GM,548,0.00218,0.032,0.129,1.89,586,0.93
PAPER TOWELS,SPICES & EXTRACTS,GROCERY,GROCERY,899,0.00358,0.088,0.095,2.34,967,0.93
COLD AND FLU,REFRGRATD DOUGH PRODUCTS,DRUG GM,GROCERY,355,0.00141,0.073,0.025,1.29,381,0.93
FLUID MILK PRODUCTS,HISPANIC,GROCERY,GROCERY,7115,0.02835,0.103,0.499,1.81,7661,0.93
DOG FOODS,SUGARS/SWEETNERS,GROCERY,GROCERY,515,0.00205,0.072,0.050,1.77,556,0.93
CRACKERS/MISC BKD FD,KITCHEN GADGETS,GROCERY,DRUG GM,360,0.00143,0.016,0.189,2.09,386,0.93
CARROTS,HAIR CARE PRODUCTS,PRODUCE,DRUG GM,589,0.00235,0.070,0.074,2.22,632,0.93
REFRGRATD JUICES/DRNKS,TOYS AND GAMES,GROCERY,DRUG GM,301,0.00120,0.012,0.158,1.53,325,0.93
BREAKFAST SWEETS,POTATOES,PASTRY,PRODUCE,740,0.00295,0.091,0.048,1.49,797,0.93
CHICKEN,FD WRAPS/BAGS/TRSH BG,MEAT,GROCERY,1517,0.00604,0.101,0.135,2.25,1632,0.93
BAKED BREAD/BUNS/ROLLS,HISPANIC,GROCERY,GROCERY,6859,0.02733,0.114,0.481,2.00,7368,0.93
POTATOES,SOAP - LIQUID & BAR,PRODUCE,DRUG GM,818,0.00326,0.054,0.140,2.29,877,0.93
CHEESE,GRAPES,GROCERY,PRODUCE,4161,0.01658,0.089,0.412,2.20,4467,0.93
BABY HBC,DRY NOODLES/PASTA,DRUG GM,GROCERY,453,0.00181,0.114,0.032,2.04,485,0.93
CANDY - CHECKLANE,STONE FRUIT,DRUG GM,PRODUCE,582,0.00232,0.025,0.106,1.15,627,0.93
COLD AND FLU,FRUIT - SHELF STABLE,DRUG GM,GROCERY,353,0.00141,0.072,0.027,1.37,378,0.93
CONVENIENT BRKFST/WHLSM SNACKS,MARGARINES,GROCERY,GROCERY,1928,0.00768,0.138,0.142,2.55,2064,0.93
COOKIES/CONES,PET CARE SUPPLIES,GROCERY,GROCERY,316,0.00126,0.018,0.126,1.85,338,0.93
SOAP - LIQUID & BAR,VEGETABLES - SHELF STABLE,DRUG GM,GROCERY,1240,0.00494,0.212,0.055,2.35,1328,0.93
BEEF,BROCCOLI/CAULIFLOWER,MEAT,PRODUCE,1534,0.00611,0.042,0.343,2.35,1654,0.93
HISPANIC,PAPER TOWELS,GROCERY,GROCERY,1378,0.00549,0.097,0.135,2.39,1477,0.93
AIR CARE,REFRGRATD DOUGH PRODUCTS,GROCERY,GROCERY,467,0.00186,0.123,0.033,2.18,501,0.93
REFRGRATD JUICES/DRNKS,SHAVING CARE PRODUCTS,GROCERY,DRUG GM,586,0.00234,0.023,0.178,1.73,628,0.93
APPLES,FROZEN BREAD/DOUGH,PRODUCE,GROCERY,977,0.00389,0.074,0.136,2.58,1047,0.93
EGGS,FROZEN MEAT,GROCERY,MEAT-PCKGD,2163,0.00862,0.078,0.263,2.37,2337,0.93
CORN,WATER - CARBONATED/FLVRD DRINK,PRODUCE,GROCERY,336,0.00134,0.123,0.019,1.71,361,0.93
CANDY - PACKAGED,DELI MEATS,DRUG GM,DELI,2254,0.00898,0.105,0.132,1.54,2421,0.93
ISOTONIC DRINKS,SEAFOOD - SHELF STABLE,GROCERY,GROCERY,381,0.00152,0.071,0.048,2.27,409,0.93
PROCESSED,REFRGRATD JUICES/DRNKS,PRODUCE,GROCERY,1002,0.00399,0.214,0.039,2.07,1079,0.93
FROZEN PIZZA,TEAS,GROCERY,GROCERY,686,0.00273,0.030,0.197,2.13,738,0.93
EGGS,FITNESS&DIET,GROCERY,NUTRITION,307,0.00122,0.011,0.187,1.68,331,0.93
LAUNDRY DETERGENTS,PORK,GROCERY,MEAT,941,0.00375,0.111,0.076,2.26,1014,0.93
ISOTONIC DRINKS,SALAD MIX,GROCERY,PRODUCE,672,0.00268,0.126,0.043,2.03,720,0.93
CHEESE,DRIED FRUIT,GROCERY,NUTRITION,1312,0.00523,0.028,0.435,2.33,1408,0.93
FLUID MILK PRODUCTS,SQUASH,GROCERY,PRODUCE,1096,0.00437,0.016,0.540,1.96,1176,0.93
FRZN VEGETABLE/VEG DSH,SALAD BAR,GROCERY,SALAD BAR,459,0.00183,0.036,0.055,1.08,494,0.93
CONVENIENT BRKFST/WHLSM SNACKS,SEAFOOD - FROZEN,GROCERY,SEAFOOD-PCKGD,1051,0.00419,0.075,0.140,2.51,1132,0.93
BROOMS AND MOPS,FROZEN PIZZA,DRUG GM,GROCERY,559,0.00223,0.184,0.024,1.99,599,0.93
LUNCHMEAT,SNACK NUTS,MEAT-PCKGD,GROCERY,874,0.00348,0.037,0.187,1.98,943,0.93
DRY NOODLES/PASTA,SOAP - LIQUID & BAR,GROCERY,DRUG GM,786,0.00313,0.056,0.134,2.40,843,0.93
DISHWASH DETERGENTS,FROZEN MEAT,GROCERY,MEAT-PCKGD,505,0.00201,0.081,0.062,2.48,541,0.93
COLD CEREAL,SPICES & EXTRACTS,GROCERY,GROCERY,2202,0.00877,0.088,0.233,2.32,2372,0.93
DELI MEATS,PASTA SAUCE,DELI,GROCERY,1966,0.00783,0.115,0.168,2.46,2119,0.93
BAG SNACKS,BATTERIES,GROCERY,DRUG GM,543,0.00216,0.013,0.241,1.44,582,0.93
COFFEE,FRZN MEAT/MEAT DINNERS,GROCERY,GROCERY,1930,0.00769,0.168,0.085,1.86,2072,0.93
DINNER SAUSAGE,WATER - CARBONATED/FLVRD DRINK,MEAT-PCKGD,GROCERY,1257,0.00501,0.127,0.070,1.78,1347,0.93
CHEESE,CITRUS,GROCERY,PRODUCE,4004,0.01595,0.085,0.396,2.12,4296,0.93
COOKIES/CONES,SPICES & EXTRACTS,GROCERY,GROCERY,1437,0.00573,0.084,0.152,2.23,1542,0.93
CHEESE,DISHWASH DETERGENTS,GROCERY,GROCERY,2449,0.00976,0.052,0.393,2.11,2629,0.93
DINNER SAUSAGE,VEGETABLES - ALL OTHERS,MEAT-PCKGD,PRODUCE,1507,0.00600,0.153,0.092,2.35,1620,0.93
CHEESES,LAUNDRY DETERGENTS,DELI,GROCERY,829,0.00330,0.073,0.098,2.17,892,0.93
REFRGRATD DOUGH PRODUCTS,SALD DRSNG/SNDWCH SPRD,GROCERY,GROCERY,2257,0.00899,0.160,0.135,2.39,2418,0.93
REFRGRATD DOUGH PRODUCTS,ROLLS,GROCERY,PASTRY,534,0.00213,0.038,0.105,1.87,576,0.93
BERRIES,COCOA MIXES,PRODUCE,GROCERY,348,0.00139,0.038,0.091,2.51,374,0.93
LAUNDRY DETERGENTS,MARGARINES,GROCERY,GROCERY,1006,0.00401,0.119,0.074,2.20,1084,0.93
BREAD,FLUID MILK PRODUCTS,PASTRY,GROCERY,3507,0.01397,0.441,0.051,1.60,3756,0.93
SOFT DRINKS,VEGETABLES - SHELF STABLE,GROCERY,GROCERY,9296,0.03704,0.130,0.412,1.44,10023,0.93
NEWSPAPER,TOMATOES,DRUG GM,PRODUCE,314,0.00125,0.065,0.021,1.07,336,0.93
BROCCOLI/CAULIFLOWER,ICE CREAM/MILK/SHERBTS,PRODUCE,GROCERY,661,0.00263,0.148,0.033,1.85,708,0.93
BAKED SWEET GOODS,STATIONERY & SCHOOL SUPPLIES,GROCERY,DRUG GM,488,0.00194,0.026,0.105,1.41,527,0.93
BATH TISSUES,SALADS/DIPS,GROCERY,DELI,583,0.00232,0.043,0.097,1.78,626,0.93
CANDY - PACKAGED,MELONS,DRUG GM,PRODUCE,579,0.00231,0.027,0.134,1.56,623,0.93
DRY SAUCES/GRAVY,SALAD MIX,GROCERY,PRODUCE,1013,0.00404,0.156,0.065,2.53,1088,0.93
BROCCOLI/CAULIFLOWER,CANNED JUICES,PRODUCE,GROCERY,869,0.00346,0.194,0.043,2.42,938,0.93
SALD DRSNG/SNDWCH SPRD,WATER - CARBONATED/FLVRD DRINK,GROCERY,GROCERY,2161,0.00861,0.129,0.120,1.80,2323,0.93
LAUNDRY ADDITIVES,TROPICAL FRUIT,GROCERY,PRODUCE,1235,0.00492,0.278,0.038,2.15,1324,0.93
EGGS,POPCORN,GROCERY,PRODUCE,980,0.00391,0.035,0.249,2.25,1050,0.93
PET CARE SUPPLIES,SALAD MIX,GROCERY,PRODUCE,301,0.00120,0.120,0.019,1.94,325,0.93
LUNCHMEAT,TROPICAL FRUIT,MEAT-PCKGD,PRODUCE,6184,0.02464,0.261,0.190,2.02,6668,0.93
HAND/BODY/FACIAL PRODUCTS,SOUP,DRUG GM,GROCERY,559,0.00223,0.197,0.024,2.09,603,0.93
SOUP,VALUE ADDED FRUIT,GROCERY,PRODUCE,1208,0.00481,0.051,0.207,2.20,1303,0.93
BROOMS AND MOPS,FRZN MEAT/MEAT DINNERS,DRUG GM,GROCERY,535,0.00213,0.176,0.024,1.94,573,0.93
BATH TISSUES,VALUE ADDED FRUIT,GROCERY,PRODUCE,634,0.00253,0.047,0.108,2.00,683,0.93
CIGARETTES,FD WRAPS/BAGS/TRSH BG,DRUG GM,GROCERY,467,0.00186,0.043,0.042,0.96,502,0.93
DELI MEATS,FROZEN BREAD/DOUGH,DELI,GROCERY,1141,0.00455,0.067,0.159,2.33,1221,0.93
HAND/BODY/FACIAL PRODUCTS,HISPANIC,DRUG GM,GROCERY,339,0.00135,0.119,0.024,2.10,366,0.93
BLEACH,TOMATOES,GROCERY,PRODUCE,450,0.00179,0.127,0.029,2.09,486,0.93
FRZN VEGETABLE/VEG DSH,PROCESSED,GROCERY,PRODUCE,584,0.00233,0.046,0.124,2.45,630,0.93
CHICKEN,PNT BTR/JELLY/JAMS,MEAT,GROCERY,1510,0.00602,0.100,0.146,2.43,1621,0.93
CANDY - PACKAGED,OLIVES,DRUG GM,GROCERY,387,0.00154,0.018,0.147,1.71,415,0.93
BAKING MIXES,MAKEUP AND TREATMENT,GROCERY,COSMETICS,301,0.00120,0.027,0.077,1.71,324,0.93
AIR CARE,HISPANIC,GROCERY,GROCERY,475,0.00189,0.125,0.033,2.20,513,0.93
HAIR CARE PRODUCTS,SUGARS/SWEETNERS,DRUG GM,GROCERY,640,0.00255,0.081,0.062,1.97,687,0.93
BAKED BREAD/BUNS/ROLLS,BUTTER,GROCERY,GROCERY,2456,0.00979,0.041,0.496,2.07,2634,0.93
FROZEN BREAD/DOUGH,WATER - CARBONATED/FLVRD DRINK,GROCERY,GROCERY,946,0.00377,0.132,0.053,1.84,1022,0.93
HAIR CARE PRODUCTS,STONE FRUIT,DRUG GM,PRODUCE,331,0.00132,0.042,0.060,1.91,357,0.93
PAPER TOWELS,VALUE ADDED FRUIT,GROCERY,PRODUCE,514,0.00205,0.051,0.088,2.17,552,0.93
PREPARED FOOD,SOUP,DELI,GROCERY,516,0.00206,0.110,0.022,1.17,553,0.93
HAIR CARE PRODUCTS,SALD DRSNG/SNDWCH SPRD,DRUG GM,GROCERY,1085,0.00432,0.137,0.065,2.05,1164,0.93
BLEACH,MEAT - SHELF STABLE,GROCERY,GROCERY,439,0.00175,0.124,0.032,2.25,473,0.93
CHICKEN,PICKLE/RELISH/PKLD VEG,MEAT,GROCERY,942,0.00375,0.063,0.153,2.55,1012,0.93
BROCCOLI/CAULIFLOWER,REFRGRATD JUICES/DRNKS,PRODUCE,GROCERY,1003,0.00400,0.224,0.039,2.17,1082,0.93
HAIR CARE PRODUCTS,SALAD MIX,DRUG GM,PRODUCE,998,0.00398,0.126,0.064,2.03,1074,0.93
CHEESES,FRZN NOVELTIES/WTR ICE,DELI,GROCERY,913,0.00364,0.081,0.088,1.96,986,0.93
ONIONS,PAPER TOWELS,PRODUCE,GROCERY,1496,0.00596,0.096,0.147,2.37,1607,0.93
BABY HBC,FLUID MILK PRODUCTS,DRUG GM,GROCERY,1688,0.00673,0.424,0.024,1.54,1807,0.93
BLEACH,FLUID MILK PRODUCTS,GROCERY,GROCERY,1620,0.00646,0.457,0.023,1.66,1750,0.93
CITRUS,PAPER TOWELS,PRODUCE,GROCERY,933,0.00372,0.092,0.092,2.28,1006,0.93
BATTERIES,FROZEN PIZZA,DRUG GM,GROCERY,318,0.00127,0.141,0.014,1.53,342,0.93
BEEF,CAT FOOD,MEAT,GROCERY,1580,0.00630,0.043,0.241,1.65,1691,0.93
BAG SNACKS,YOGURT,GROCERY,GROCERY,5532,0.02204,0.132,0.314,1.88,5938,0.93
CHEESES,DOG FOODS,DELI,GROCERY,580,0.00231,0.051,0.082,1.81,627,0.93
CANDY - PACKAGED,SALADS/DIPS,DRUG GM,DELI,729,0.00290,0.034,0.121,1.41,780,0.93
FROZEN MEAT,POTATOES,MEAT-PCKGD,PRODUCE,1305,0.00520,0.159,0.085,2.61,1407,0.93
BATTERIES,TROPICAL FRUIT,DRUG GM,PRODUCE,466,0.00186,0.207,0.014,1.60,501,0.93
PNT BTR/JELLY/JAMS,VEGETABLES - ALL OTHERS,GROCERY,PRODUCE,1681,0.00670,0.162,0.103,2.49,1798,0.93
CANDY - PACKAGED,SHORTENING/OIL,DRUG GM,GROCERY,1145,0.00456,0.053,0.139,1.62,1227,0.93
CANDY - PACKAGED,SMOKED MEATS,DRUG GM,MEAT,522,0.00208,0.024,0.133,1.55,560,0.93
FRZN NOVELTIES/WTR ICE,SALADS/DIPS,GROCERY,DELI,413,0.00165,0.040,0.069,1.66,446,0.93
LAUNDRY ADDITIVES,MILK BY-PRODUCTS,GROCERY,GROCERY,784,0.00312,0.176,0.040,2.25,844,0.93
FACIAL TISS/DNR NAPKIN,MILK BY-PRODUCTS,GROCERY,GROCERY,1251,0.00498,0.183,0.064,2.33,1350,0.93
FROZEN MEAT,SNACK NUTS,MEAT-PCKGD,GROCERY,354,0.00141,0.043,0.076,2.31,382,0.93
BAG SNACKS,DRY NOODLES/PASTA,GROCERY,GROCERY,4688,0.01868,0.112,0.334,2.00,5065,0.93
DINNER SAUSAGE,FLUID MILK PRODUCTS,MEAT-PCKGD,GROCERY,4880,0.01945,0.495,0.071,1.79,5259,0.93
FRZN MEAT/MEAT DINNERS,PIES,GROCERY,PASTRY,383,0.00153,0.017,0.138,1.52,413,0.93
CITRUS,MOLASSES/SYRUP/PANCAKE MIXS,PRODUCE,GROCERY,467,0.00186,0.046,0.104,2.57,500,0.93
BAKING MIXES,MUSHROOMS,GROCERY,PRODUCE,518,0.00206,0.046,0.109,2.43,559,0.93
DRY NOODLES/PASTA,PAPER HOUSEWARES,GROCERY,GROCERY,1030,0.00410,0.073,0.134,2.40,1107,0.93
BAG SNACKS,DRY MIX DESSERTS,GROCERY,GROCERY,1759,0.00701,0.042,0.323,1.93,1882,0.93
MAGAZINE,SOFT DRINKS,DRUG GM,GROCERY,2372,0.00945,0.328,0.033,1.15,2545,0.93
CITRUS,COOKIES/CONES,PRODUCE,GROCERY,1500,0.00598,0.148,0.088,2.18,1605,0.93
ICE CREAM/MILK/SHERBTS,ROLLS,GROCERY,PASTRY,597,0.00238,0.030,0.117,1.47,644,0.93
BERRIES,CRACKERS/MISC BKD FD,PRODUCE,GROCERY,1958,0.00780,0.215,0.086,2.38,2108,0.93
COOKIES/CONES,EGGS,GROCERY,GROCERY,4019,0.01601,0.235,0.144,2.12,4326,0.93
BREAKFAST SWEETS,CRACKERS/MISC BKD FD,PASTRY,GROCERY,1089,0.00434,0.134,0.048,1.48,1166,0.93
MAKEUP AND TREATMENT,SOUP,COSMETICS,GROCERY,647,0.00258,0.165,0.027,1.75,698,0.93
BEANS - CANNED GLASS & MW,MUSHROOMS,GROCERY,PRODUCE,496,0.00198,0.052,0.105,2.77,531,0.93
FROZEN MEAT,VALUE ADDED FRUIT,MEAT-PCKGD,PRODUCE,442,0.00176,0.054,0.076,2.31,476,0.93
CHEESES,MOLASSES/SYRUP/PANCAKE MIXS,DELI,GROCERY,529,0.00211,0.047,0.117,2.60,570,0.93
GREETING CARDS/WRAP/PARTY SPLY,SALAD MIX,DRUG GM,PRODUCE,676,0.00269,0.089,0.044,1.44,725,0.93
BEEF,PAPER TOWELS,MEAT,GROCERY,3179,0.01267,0.087,0.313,2.14,3415,0.93
COFFEE,HISPANIC,GROCERY,GROCERY,1409,0.00561,0.123,0.099,2.16,1512,0.93
VEGETABLES - ALL OTHERS,WATER - CARBONATED/FLVRD DRINK,PRODUCE,GROCERY,2096,0.00835,0.128,0.117,1.79,2257,0.93
ICE CREAM/MILK/SHERBTS,PAPER HOUSEWARES,GROCERY,GROCERY,1007,0.00401,0.050,0.131,1.64,1081,0.93
ONIONS,YOGURT,PRODUCE,GROCERY,2583,0.01029,0.166,0.147,2.37,2780,0.93
SALADS/DIPS,SEAFOOD - SHELF STABLE,DELI,GROCERY,396,0.00158,0.066,0.050,2.09,428,0.93
PREPARED FOOD,SALAD MIX,DELI,PRODUCE,342,0.00136,0.073,0.022,1.17,366,0.93
COLD CEREAL,GREETING CARDS/WRAP/PARTY SPLY,GROCERY,DRUG GM,1075,0.00428,0.043,0.142,1.41,1160,0.93
DRY NOODLES/PASTA,TROPICAL FRUIT,GROCERY,PRODUCE,4267,0.01700,0.304,0.131,2.35,4585,0.93
FRZN NOVELTIES/WTR ICE,SMOKED MEATS,GROCERY,MEAT,309,0.00123,0.030,0.079,1.91,333,0.93
ICE CREAM/MILK/SHERBTS,VEGETABLES - SHELF STABLE,GROCERY,GROCERY,3232,0.01288,0.161,0.143,1.79,3471,0.93
MARGARINES,VEGETABLES SALAD,GROCERY,PRODUCE,1347,0.00537,0.099,0.126,2.33,1447,0.93
FRZN POTATOES,PAPER HOUSEWARES,GROCERY,GROCERY,550,0.00219,0.068,0.072,2.21,589,0.93
BAKED SWEET GOODS,DRY NOODLES/PASTA,GROCERY,GROCERY,2305,0.00918,0.123,0.164,2.21,2479,0.93
BAKING MIXES,SOFT DRINKS,GROCERY,GROCERY,4463,0.01778,0.396,0.062,1.39,4778,0.93
CHEESES,COLD CEREAL,DELI,GROCERY,2624,0.01046,0.232,0.104,2.32,2808,0.93
BEANS - CANNED GLASS & MW,WATER - CARBONATED/FLVRD DRINK,GROCERY,GROCERY,1298,0.00517,0.137,0.072,1.91,1397,0.93
CAKES,COOKIES/CONES,PASTRY,GROCERY,384,0.00153,0.087,0.022,1.27,414,0.93
BEEF,PNT BTR/JELLY/JAMS,MEAT,GROCERY,3403,0.01356,0.093,0.328,2.25,3641,0.93
DELI MEATS,PLASTIC HOUSEWARES,DELI,DRUG GM,313,0.00125,0.018,0.143,2.10,336,0.93
PASTA SAUCE,TROPICAL FRUIT,GROCERY,PRODUCE,3637,0.01449,0.310,0.112,2.40,3928,0.93
CHEESES,SEAFOOD - SHELF STABLE,DELI,GROCERY,931,0.00371,0.082,0.118,2.62,1006,0.93
BAKING MIXES,TROPICAL FRUIT,GROCERY,PRODUCE,3092,0.01232,0.274,0.095,2.12,3340,0.93
FD WRAPS/BAGS/TRSH BG,PORK,GROCERY,MEAT,1307,0.00521,0.116,0.106,2.36,1408,0.93
FRZN VEGETABLE/VEG DSH,STONE FRUIT,GROCERY,PRODUCE,619,0.00247,0.049,0.113,2.22,665,0.93
FRZN NOVELTIES/WTR ICE,MUSHROOMS,GROCERY,PRODUCE,409,0.00163,0.040,0.086,2.10,438,0.93
BERRIES,DISHWASH DETERGENTS,PRODUCE,GROCERY,519,0.00207,0.057,0.083,2.30,557,0.93
FRZN NOVELTIES/WTR ICE,HOT CEREAL,GROCERY,GROCERY,478,0.00190,0.046,0.085,2.07,513,0.93
DRY MIX DESSERTS,FACIAL TISS/DNR NAPKIN,GROCERY,GROCERY,367,0.00146,0.067,0.054,2.47,393,0.93
BEANS - CANNED GLASS & MW,FLUID MILK PRODUCTS,GROCERY,GROCERY,5026,0.02003,0.529,0.073,1.92,5379,0.93
DRY BN/VEG/POTATO/RICE,VALUE ADDED FRUIT,GROCERY,PRODUCE,730,0.00291,0.055,0.125,2.36,784,0.93
CHEESE,SPRING/SUMMER SEASONAL,GROCERY,DRUG GM,598,0.00238,0.013,0.314,1.68,645,0.93
BEANS - CANNED GLASS & MW,SOAP - LIQUID & BAR,GROCERY,DRUG GM,535,0.00213,0.056,0.091,2.41,573,0.93
APPLES,MISCELLANEOUS,PRODUCE,MEAT-PCKGD,304,0.00121,0.023,0.138,2.62,326,0.93
BEEF,LAUNDRY DETERGENTS,MEAT,GROCERY,2475,0.00986,0.067,0.292,2.00,2665,0.93
BEANS - CANNED GLASS & MW,FROZEN PIZZA,GROCERY,GROCERY,1981,0.00789,0.209,0.086,2.26,2127,0.93
DRY SAUCES/GRAVY,FRZN NOVELTIES/WTR ICE,GROCERY,GROCERY,556,0.00222,0.086,0.054,2.08,598,0.93
BAG SNACKS,ROLLS,GROCERY,PASTRY,1348,0.00537,0.032,0.265,1.59,1456,0.93
FD WRAPS/BAGS/TRSH BG,VALUE ADDED FRUIT,GROCERY,PRODUCE,552,0.00220,0.049,0.094,2.11,597,0.93
CIGARETTES,LUNCHMEAT,DRUG GM,MEAT-PCKGD,1000,0.00398,0.092,0.042,0.97,1076,0.93
CITRUS,SALD DRSNG/SNDWCH SPRD,PRODUCE,GROCERY,1562,0.00622,0.155,0.093,2.31,1687,0.93
CEREAL/BREAKFAST,EGGS,NUTRITION,GROCERY,389,0.00155,0.266,0.014,2.40,417,0.93
PAPER TOWELS,PORK,GROCERY,MEAT,1213,0.00483,0.119,0.098,2.42,1301,0.93
BEEF,PIES,MEAT,PASTRY,651,0.00259,0.018,0.235,1.60,704,0.93
DRY BN/VEG/POTATO/RICE,HOUSEHOLD CLEANG NEEDS,GROCERY,GROCERY,963,0.00384,0.073,0.130,2.47,1036,0.93
FROZEN PIE/DESSERTS,PEPPERS-ALL,GROCERY,PRODUCE,456,0.00182,0.071,0.055,2.17,491,0.93
ANALGESICS,CRACKERS/MISC BKD FD,DRUG GM,GROCERY,580,0.00231,0.137,0.026,1.51,625,0.93
PROCESSED,VEGETABLES - SHELF STABLE,PRODUCE,GROCERY,1103,0.00440,0.235,0.049,2.61,1184,0.93
BAG SNACKS,PREPARED FOOD,GROCERY,DELI,845,0.00337,0.020,0.179,1.07,913,0.93
HOT DOGS,SPICES & EXTRACTS,MEAT-PCKGD,GROCERY,980,0.00391,0.090,0.104,2.38,1056,0.93
KITCHEN GADGETS,MILK BY-PRODUCTS,DRUG GM,GROCERY,301,0.00120,0.158,0.015,2.01,325,0.93
CONDIMENTS/SAUCES,VALUE ADDED VEGETABLES,GROCERY,PRODUCE,370,0.00147,0.021,0.176,2.48,398,0.93
COOKIES/CONES,HAND/BODY/FACIAL PRODUCTS,GROCERY,DRUG GM,379,0.00151,0.022,0.133,1.96,409,0.93
ORGANICS FRUIT & VEGETABLES,REFRGRATD JUICES/DRNKS,PRODUCE,GROCERY,1123,0.00447,0.212,0.043,2.06,1212,0.93
FIRST AID PRODUCTS,FRZN MEAT/MEAT DINNERS,DRUG GM,GROCERY,334,0.00133,0.126,0.015,1.40,359,0.93
PAPER TOWELS,SALAD MIX,GROCERY,PRODUCE,1475,0.00588,0.145,0.095,2.35,1593,0.93
DELI MEATS,HOT DOGS,DELI,MEAT-PCKGD,1668,0.00665,0.097,0.153,2.24,1800,0.93
HOT DOGS,LAUNDRY DETERGENTS,MEAT-PCKGD,GROCERY,813,0.00324,0.074,0.096,2.21,875,0.93
FRZN MEAT/MEAT DINNERS,SUGARS/SWEETNERS,GROCERY,GROCERY,1832,0.00730,0.081,0.178,1.97,1973,0.93
BROOMS AND MOPS,EGGS,DRUG GM,GROCERY,714,0.00285,0.235,0.026,2.12,771,0.93
CARROTS,CONDIMENTS/SAUCES,PRODUCE,GROCERY,1560,0.00622,0.186,0.087,2.61,1679,0.93
CHICKEN,COOKIES/CONES,MEAT,GROCERY,2241,0.00893,0.149,0.131,2.19,2409,0.93
EGGS,WATER - CARBONATED/FLVRD DRINK,GROCERY,GROCERY,3437,0.01370,0.123,0.191,1.72,3696,0.93
MILK BY-PRODUCTS,PORK,GROCERY,MEAT,2299,0.00916,0.117,0.186,2.37,2471,0.93
CARROTS,HEAT/SERVE,PRODUCE,MEAT-PCKGD,448,0.00179,0.053,0.085,2.54,481,0.93
BAKING NEEDS,REFRIGERATED,GROCERY,NUTRITION,389,0.00155,0.037,0.075,1.82,418,0.93
MILK BY-PRODUCTS,PWDR/CRYSTL DRNK MX,GROCERY,GROCERY,1009,0.00402,0.051,0.190,2.42,1080,0.93
COOKIES/CONES,OLIVES,GROCERY,GROCERY,446,0.00178,0.026,0.169,2.48,481,0.93
BAKED BREAD/BUNS/ROLLS,PREPARED FOOD,GROCERY,DELI,1246,0.00496,0.021,0.265,1.10,1340,0.93
CHEESE,ORGANICS FRUIT & VEGETABLES,GROCERY,PRODUCE,2211,0.00881,0.047,0.418,2.24,2367,0.93
BREAKFAST SWEETS,MILK BY-PRODUCTS,PASTRY,GROCERY,931,0.00371,0.114,0.047,1.46,1001,0.93
CONVENIENT BRKFST/WHLSM SNACKS,DINNER SAUSAGE,GROCERY,MEAT-PCKGD,1365,0.00544,0.098,0.138,2.48,1470,0.93
APPLES,SMOKED MEATS,PRODUCE,MEAT,488,0.00194,0.037,0.125,2.37,523,0.93
BAKED SWEET GOODS,SALD DRSNG/SNDWCH SPRD,GROCERY,GROCERY,2584,0.01030,0.138,0.154,2.07,2790,0.93
CHEESE,COFFEE,GROCERY,GROCERY,4213,0.01679,0.090,0.368,1.97,4522,0.93
DEODORANTS,HOT DOGS,DRUG GM,MEAT-PCKGD,369,0.00147,0.087,0.034,1.99,398,0.93
BREAD,SOAP - LIQUID & BAR,PASTRY,DRUG GM,342,0.00136,0.043,0.058,1.84,369,0.93
BERRIES,LAUNDRY ADDITIVES,PRODUCE,GROCERY,373,0.00149,0.041,0.084,2.31,399,0.93
COLD CEREAL,ORGANICS FRUIT & VEGETABLES,GROCERY,PRODUCE,1267,0.00505,0.050,0.240,2.39,1368,0.93
DOMESTIC WINE,POTATOES,GROCERY,PRODUCE,414,0.00165,0.091,0.027,1.50,444,0.93
BABY FOODS,BAKED SWEET GOODS,DRUG GM,GROCERY,495,0.00197,0.117,0.026,1.57,530,0.93
CHEESE,ISOTONIC DRINKS,GROCERY,GROCERY,1847,0.00736,0.039,0.346,1.85,1995,0.93
CARROTS,LUNCHMEAT,PRODUCE,MEAT-PCKGD,1830,0.00729,0.218,0.077,2.31,2000,0.92
HOUSEHOLD CLEANG NEEDS,SALADS/DIPS,GROCERY,DELI,322,0.00128,0.044,0.053,1.82,348,0.92
BAG SNACKS,VEGETABLES - SHELF STABLE,GROCERY,GROCERY,7391,0.02945,0.176,0.327,1.96,8034,0.92
BERRIES,HEAT/SERVE,PRODUCE,MEAT-PCKGD,433,0.00173,0.048,0.082,2.26,473,0.92
BATTERIES,SOUP,DRUG GM,GROCERY,357,0.00142,0.159,0.015,1.69,387,0.92
EYE AND EAR CARE PRODUCTS,FLUID MILK PRODUCTS,DRUG GM,GROCERY,409,0.00163,0.369,0.006,1.34,443,0.92
ONIONS,REFRGRATD DOUGH PRODUCTS,PRODUCE,GROCERY,2073,0.00826,0.133,0.147,2.37,2251,0.92
CITRUS,PORK,PRODUCE,MEAT,1163,0.00463,0.115,0.094,2.33,1270,0.92
BAG SNACKS,VALUE ADDED VEGETABLES,GROCERY,PRODUCE,676,0.00269,0.016,0.322,1.93,736,0.92
DELI MEATS,HISPANIC,DELI,GROCERY,2159,0.00860,0.126,0.151,2.22,2358,0.92
HOT CEREAL,ONIONS,GROCERY,PRODUCE,865,0.00345,0.154,0.056,2.49,940,0.92
BAKING MIXES,MELONS,GROCERY,PRODUCE,428,0.00171,0.038,0.099,2.20,467,0.92
FRZN MEAT/MEAT DINNERS,LAUNDRY ADDITIVES,GROCERY,GROCERY,798,0.00318,0.035,0.179,1.98,864,0.92
FD WRAPS/BAGS/TRSH BG,TOMATOES,GROCERY,PRODUCE,1528,0.00609,0.136,0.100,2.24,1657,0.92
MILK BY-PRODUCTS,POPCORN,GROCERY,PRODUCE,701,0.00279,0.036,0.178,2.27,760,0.92
ICE CREAM/MILK/SHERBTS,SOUP,GROCERY,GROCERY,3211,0.01279,0.160,0.136,1.70,3499,0.92
LUNCHMEAT,VALUE ADDED VEGETABLES,MEAT-PCKGD,PRODUCE,438,0.00175,0.018,0.209,2.21,475,0.92
FRUIT - SHELF STABLE,SOFT DRINKS,GROCERY,GROCERY,5574,0.02221,0.419,0.078,1.47,6051,0.92
CANNED JUICES,HERBS,GROCERY,PRODUCE,582,0.00232,0.029,0.178,2.22,631,0.92
ICE CREAM/MILK/SHERBTS,SOAP - LIQUID & BAR,GROCERY,DRUG GM,754,0.00300,0.038,0.129,1.61,822,0.92
LUNCHMEAT,VEGETABLES SALAD,MEAT-PCKGD,PRODUCE,2119,0.00844,0.089,0.198,2.10,2303,0.92
HOT CEREAL,MILK BY-PRODUCTS,GROCERY,GROCERY,1055,0.00420,0.188,0.054,2.40,1143,0.92
BROOMS AND MOPS,REFRGRATD DOUGH PRODUCTS,DRUG GM,GROCERY,378,0.00151,0.124,0.027,2.21,411,0.92
DRY NOODLES/PASTA,REFRIGERATED,GROCERY,NUTRITION,591,0.00235,0.042,0.114,2.05,646,0.92
FRZN MEAT/MEAT DINNERS,PICKLE/RELISH/PKLD VEG,GROCERY,GROCERY,1224,0.00488,0.054,0.199,2.19,1325,0.92
ANTACIDS,SOFT DRINKS,DRUG GM,GROCERY,544,0.00217,0.311,0.008,1.09,590,0.92
APPLES,CHICKEN/POULTRY,PRODUCE,DELI,383,0.00153,0.029,0.065,1.24,418,0.92
DRY BN/VEG/POTATO/RICE,REFRIGERATED,GROCERY,NUTRITION,564,0.00225,0.043,0.109,2.07,614,0.92
BAKED BREAD/BUNS/ROLLS,WATER,GROCERY,NUTRITION,466,0.00186,0.008,0.328,1.37,506,0.92
CANDY - CHECKLANE,DINNER MXS:DRY,DRUG GM,GROCERY,1460,0.00582,0.063,0.110,1.19,1589,0.92
DRY NOODLES/PASTA,PEARS,GROCERY,PRODUCE,305,0.00122,0.022,0.154,2.76,330,0.92
ICE CREAM/MILK/SHERBTS,SHORTENING/OIL,GROCERY,GROCERY,1144,0.00456,0.057,0.138,1.73,1242,0.92
FRZN MEAT/MEAT DINNERS,HOUSEHOLD CLEANG NEEDS,GROCERY,GROCERY,1277,0.00509,0.056,0.173,1.91,1395,0.92
FROZEN PIZZA,PAPER HOUSEWARES,GROCERY,GROCERY,1377,0.00549,0.060,0.179,1.94,1502,0.92
ORAL HYGIENE PRODUCTS,VEGETABLES - SHELF STABLE,DRUG GM,GROCERY,1478,0.00589,0.190,0.065,2.11,1613,0.92
ICE CREAM/MILK/SHERBTS,SEAFOOD-FRESH,GROCERY,SEAFOOD,464,0.00185,0.023,0.126,1.58,502,0.92
HISPANIC,VALUE ADDED FRUIT,GROCERY,PRODUCE,723,0.00288,0.051,0.124,2.18,789,0.92
SMOKED MEATS,TROPICAL FRUIT,MEAT,PRODUCE,1066,0.00425,0.272,0.033,2.10,1156,0.92
BAKED BREAD/BUNS/ROLLS,HOUSEHOLD CLEANG NEEDS,GROCERY,GROCERY,3290,0.01311,0.055,0.446,1.86,3591,0.92
DRY BN/VEG/POTATO/RICE,ORGANICS FRUIT & VEGETABLES,GROCERY,PRODUCE,738,0.00294,0.056,0.140,2.64,805,0.92
BREAKFAST SWEETS,FROZEN BREAD/DOUGH,PASTRY,GROCERY,342,0.00136,0.042,0.048,1.46,373,0.92
DIAPERS & DISPOSABLES,DRY BN/VEG/POTATO/RICE,DRUG GM,GROCERY,393,0.00157,0.086,0.030,1.63,429,0.92
ONIONS,VALUE ADDED FRUIT,PRODUCE,PRODUCE,795,0.00317,0.051,0.136,2.19,864,0.92
PICKLE/RELISH/PKLD VEG,REFRGRATD JUICES/DRNKS,GROCERY,GROCERY,1365,0.00544,0.222,0.053,2.15,1482,0.92
ICE CREAM/MILK/SHERBTS,SALADS/DIPS,GROCERY,DELI,711,0.00283,0.035,0.118,1.48,775,0.92
DELI MEATS,HAIR CARE PRODUCTS,DELI,DRUG GM,1025,0.00408,0.060,0.129,1.89,1119,0.92
CANDY - CHECKLANE,FD WRAPS/BAGS/TRSH BG,DRUG GM,GROCERY,1179,0.00470,0.051,0.105,1.13,1278,0.92
HISPANIC,STONE FRUIT,GROCERY,PRODUCE,693,0.00276,0.049,0.126,2.23,751,0.92
DEODORANTS,VEGETABLES - SHELF STABLE,DRUG GM,GROCERY,790,0.00315,0.186,0.035,2.06,861,0.92
BABY HBC,COFFEE,DRUG GM,GROCERY,312,0.00124,0.078,0.027,1.72,341,0.92
BAKED SWEET GOODS,PREPARED FOOD,GROCERY,DELI,386,0.00154,0.021,0.082,1.10,418,0.92
CANDY - CHECKLANE,FROZEN BREAD/DOUGH,DRUG GM,GROCERY,770,0.00307,0.033,0.107,1.16,837,0.92
FLUID MILK PRODUCTS,KITCHEN GADGETS,GROCERY,DRUG GM,848,0.00338,0.012,0.445,1.61,924,0.92
FRUIT - SHELF STABLE,GREETING CARDS/WRAP/PARTY SPLY,GROCERY,DRUG GM,609,0.00243,0.046,0.080,1.51,660,0.92
CAT FOOD,FROZEN MEAT,GROCERY,MEAT-PCKGD,389,0.00155,0.059,0.047,1.81,421,0.92
DOG FOODS,SALD DRSNG/SNDWCH SPRD,GROCERY,GROCERY,862,0.00343,0.121,0.051,1.82,941,0.92
FROZEN PIE/DESSERTS,VEGETABLES SALAD,GROCERY,PRODUCE,552,0.00220,0.086,0.052,2.01,598,0.92
ORGANICS FRUIT & VEGETABLES,VEGETABLES - SHELF STABLE,PRODUCE,GROCERY,1223,0.00487,0.231,0.054,2.57,1328,0.92
DOG FOODS,SALAD MIX,GROCERY,PRODUCE,803,0.00320,0.113,0.052,1.83,870,0.92
BABY HBC,DINNER MXS:DRY,DRUG GM,GROCERY,442,0.00176,0.111,0.033,2.10,478,0.92
AIR CARE,DRY BN/VEG/POTATO/RICE,GROCERY,GROCERY,473,0.00188,0.124,0.036,2.35,514,0.92
BROOMS AND MOPS,DELI MEATS,DRUG GM,DELI,431,0.00172,0.142,0.025,2.08,470,0.92
SNACK NUTS,SUGARS/SWEETNERS,GROCERY,GROCERY,401,0.00160,0.086,0.039,2.09,434,0.92
BABY HBC,SOFT DRINKS,DRUG GM,GROCERY,1413,0.00563,0.355,0.020,1.25,1537,0.92
ANALGESICS,REFRGRATD JUICES/DRNKS,DRUG GM,GROCERY,592,0.00236,0.140,0.023,1.35,642,0.92
BATH TISSUES,CHICKEN,GROCERY,MEAT,1707,0.00680,0.125,0.113,2.09,1861,0.92
DINNER MXS:DRY,FEMININE HYGIENE,GROCERY,DRUG GM,393,0.00157,0.030,0.092,1.73,428,0.92
FLUID MILK PRODUCTS,MISCELLANEOUS,GROCERY,MEAT-PCKGD,1117,0.00445,0.016,0.507,1.84,1218,0.92
BUTTER,DINNER SAUSAGE,GROCERY,MEAT-PCKGD,470,0.00187,0.095,0.048,2.42,510,0.92
ANALGESICS,REFRGRATD DOUGH PRODUCTS,DRUG GM,GROCERY,354,0.00141,0.083,0.025,1.48,386,0.92
GREETING CARDS/WRAP/PARTY SPLY,TOMATOES,DRUG GM,PRODUCE,646,0.00257,0.085,0.042,1.40,706,0.92
CAT FOOD,POTATOES,GROCERY,PRODUCE,707,0.00282,0.108,0.046,1.77,768,0.92
CARROTS,DINNER SAUSAGE,PRODUCE,MEAT-PCKGD,837,0.00334,0.100,0.085,2.54,911,0.92
BAKED BREAD/BUNS/ROLLS,HAIR CARE PRODUCTS,GROCERY,DRUG GM,3272,0.01304,0.054,0.412,1.72,3559,0.92
BEERS/ALES,LUNCHMEAT,GROCERY,MEAT-PCKGD,1854,0.00739,0.120,0.078,1.27,2020,0.92
FRZN NOVELTIES/WTR ICE,VEGETABLES SALAD,GROCERY,PRODUCE,847,0.00338,0.082,0.079,1.92,925,0.92
BAKING NEEDS,BREAKFAST SAUSAGE/SANDWICHES,GROCERY,MEAT-PCKGD,988,0.00394,0.095,0.090,2.17,1077,0.92
CONVENIENT BRKFST/WHLSM SNACKS,MELONS,GROCERY,PRODUCE,586,0.00234,0.042,0.136,2.43,635,0.92
EGGS,FRZN MEAT/MEAT DINNERS,GROCERY,GROCERY,4858,0.01936,0.174,0.214,1.92,5296,0.92
CHEESE,WATER - CARBONATED/FLVRD DRINK,GROCERY,GROCERY,5589,0.02227,0.119,0.311,1.67,6043,0.92
DRY NOODLES/PASTA,HOUSEHOLD CLEANG NEEDS,GROCERY,GROCERY,1000,0.00398,0.071,0.135,2.42,1083,0.92
GRAPES,SOUP,PRODUCE,GROCERY,2279,0.00908,0.225,0.097,2.40,2489,0.92
FLUID MILK PRODUCTS,PICKLE/RELISH/PKLD VEG,GROCERY,GROCERY,3218,0.01282,0.047,0.523,1.90,3514,0.92
DOG FOODS,LUNCHMEAT,GROCERY,MEAT-PCKGD,1125,0.00448,0.158,0.047,1.68,1225,0.92
BAKED BREAD/BUNS/ROLLS,FRZN JCE CONC/DRNKS,GROCERY,GROCERY,835,0.00333,0.014,0.440,1.83,912,0.92
FRUIT - SHELF STABLE,ORGANICS FRUIT & VEGETABLES,GROCERY,PRODUCE,764,0.00304,0.057,0.145,2.73,829,0.92
REFRGRATD JUICES/DRNKS,SOFT DRINKS,GROCERY,GROCERY,9470,0.03774,0.365,0.132,1.28,10342,0.92
BEEF,TURKEY,MEAT,MEAT,872,0.00347,0.024,0.313,2.14,943,0.92
DELI MEATS,DINNER MXS:DRY,DELI,GROCERY,2247,0.00895,0.131,0.169,2.48,2441,0.92
COLD CEREAL,TURKEY,GROCERY,MEAT,640,0.00255,0.025,0.229,2.29,698,0.92
DRY NOODLES/PASTA,HAIR CARE PRODUCTS,GROCERY,DRUG GM,955,0.00381,0.068,0.120,2.16,1040,0.92
DOG FOODS,GRAPES,GROCERY,PRODUCE,523,0.00208,0.074,0.052,1.83,572,0.92
HOUSEHOLD CLEANG NEEDS,ICE CREAM/MILK/SHERBTS,GROCERY,GROCERY,954,0.00380,0.129,0.048,1.62,1040,0.92
FROZEN PIZZA,ORAL HYGIENE PRODUCTS,GROCERY,DRUG GM,1298,0.00517,0.056,0.167,1.81,1405,0.92
REFRGRATD JUICES/DRNKS,SALD DRSNG/SNDWCH SPRD,GROCERY,GROCERY,3445,0.01373,0.133,0.206,1.99,3763,0.92
GREETING CARDS/WRAP/PARTY SPLY,SOUP,DRUG GM,GROCERY,1009,0.00402,0.133,0.043,1.42,1102,0.92
DEODORANTS,SUGARS/SWEETNERS,DRUG GM,GROCERY,332,0.00132,0.078,0.032,1.91,361,0.92
HOT DOGS,WATER - CARBONATED/FLVRD DRINK,MEAT-PCKGD,GROCERY,1397,0.00557,0.128,0.078,1.79,1514,0.92
SALD DRSNG/SNDWCH SPRD,VALUE ADDED FRUIT,GROCERY,PRODUCE,855,0.00341,0.051,0.146,2.19,926,0.92
BAG SNACKS,SOAP - LIQUID & BAR,GROCERY,DRUG GM,1740,0.00693,0.041,0.297,1.77,1887,0.92
FLUID MILK PRODUCTS,SALD DRSNG/SNDWCH SPRD,GROCERY,GROCERY,8262,0.03292,0.119,0.493,1.79,9022,0.92
FLUID MILK PRODUCTS,SEAFOOD - FROZEN,GROCERY,SEAFOOD-PCKGD,3659,0.01458,0.053,0.487,1.77,3982,0.92
DRY NOODLES/PASTA,FROZEN PIE/DESSERTS,GROCERY,GROCERY,778,0.00310,0.056,0.121,2.17,846,0.92
CHICKEN,VALUE ADDED FRUIT,MEAT,PRODUCE,749,0.00298,0.050,0.128,2.14,812,0.92
LUNCHMEAT,TOMATOES,MEAT-PCKGD,PRODUCE,3047,0.01214,0.129,0.200,2.11,3308,0.92
CHICKEN,DEODORANTS,MEAT,DRUG GM,494,0.00197,0.033,0.116,1.94,536,0.92
DRY NOODLES/PASTA,SOFT DRINKS,GROCERY,GROCERY,5780,0.02303,0.412,0.081,1.45,6272,0.92
COOKIES/CONES,ELECTRICAL SUPPPLIES,GROCERY,DRUG GM,347,0.00138,0.020,0.131,1.92,379,0.92
BEEF,BLEACH,MEAT,GROCERY,1005,0.00400,0.027,0.283,1.94,1089,0.92
STATIONERY & SCHOOL SUPPLIES,TROPICAL FRUIT,DRUG GM,PRODUCE,879,0.00350,0.190,0.027,1.47,954,0.92
BAKED SWEET GOODS,SHORTENING/OIL,GROCERY,GROCERY,1281,0.00510,0.069,0.155,2.08,1400,0.92
DRY NOODLES/PASTA,FEMININE HYGIENE,GROCERY,DRUG GM,400,0.00159,0.029,0.093,1.67,436,0.92
CANDY - PACKAGED,FLUID MILK PRODUCTS,DRUG GM,GROCERY,7910,0.03152,0.368,0.114,1.33,8634,0.92
BAKED SWEET GOODS,MAGAZINE,GROCERY,DRUG GM,757,0.00302,0.041,0.105,1.41,821,0.92
GRAPES,PAPER HOUSEWARES,PRODUCE,GROCERY,689,0.00275,0.068,0.090,2.23,751,0.92
CHEESES,HOT CEREAL,DELI,GROCERY,613,0.00244,0.054,0.109,2.43,669,0.92
PICKLE/RELISH/PKLD VEG,WATER - CARBONATED/FLVRD DRINK,GROCERY,GROCERY,843,0.00336,0.137,0.047,1.91,912,0.92
HERBS,WATER - CARBONATED/FLVRD DRINK,PRODUCE,GROCERY,421,0.00168,0.129,0.023,1.80,455,0.92
CARROTS,SUGARS/SWEETNERS,PRODUCE,GROCERY,856,0.00341,0.102,0.083,2.49,928,0.92
BEEF,ISOTONIC DRINKS,MEAT,GROCERY,1436,0.00572,0.039,0.269,1.84,1557,0.92
FRZN POTATOES,VEGETABLES SALAD,GROCERY,PRODUCE,786,0.00313,0.097,0.073,2.27,854,0.92
FLUID MILK PRODUCTS,SYRUPS/TOPPINGS,GROCERY,GROCERY,472,0.00188,0.007,0.444,1.61,515,0.92
BEEF,GRAPES,MEAT,PRODUCE,3196,0.01274,0.087,0.316,2.16,3483,0.92
SOFT DRINKS,STATIONERY & SCHOOL SUPPLIES,GROCERY,DRUG GM,1456,0.00580,0.020,0.314,1.10,1591,0.92
BAKING MIXES,DEODORANTS,GROCERY,DRUG GM,367,0.00146,0.033,0.086,1.92,399,0.92
BERRIES,CANDY - CHECKLANE,PRODUCE,DRUG GM,970,0.00387,0.106,0.042,1.15,1059,0.92
FRZN NOVELTIES/WTR ICE,SOUP,GROCERY,GROCERY,1923,0.00766,0.186,0.082,1.98,2086,0.92
COLD CEREAL,KITCHEN GADGETS,GROCERY,DRUG GM,384,0.00153,0.015,0.201,2.01,418,0.92
AIR CARE,LUNCHMEAT,GROCERY,MEAT-PCKGD,707,0.00282,0.186,0.030,1.97,766,0.92
CONDIMENTS/SAUCES,SOAP - LIQUID & BAR,GROCERY,DRUG GM,919,0.00366,0.051,0.157,2.20,995,0.92
FLUID MILK PRODUCTS,VEGETABLES - ALL OTHERS,GROCERY,PRODUCE,8116,0.03234,0.117,0.497,1.80,8798,0.92
COOKIES/CONES,MAKEUP AND TREATMENT,GROCERY,COSMETICS,442,0.00176,0.026,0.113,1.65,478,0.92
SALAD BAR,TOMATOES,SALAD BAR,PRODUCE,548,0.00218,0.065,0.036,1.07,597,0.92
CHICKEN/POULTRY,TOMATOES,DELI,PRODUCE,437,0.00174,0.074,0.029,1.22,477,0.92
BAKED BREAD/BUNS/ROLLS,CITRUS,GROCERY,PRODUCE,4678,0.01864,0.078,0.463,1.93,5092,0.92
BEANS - CANNED GLASS & MW,GRAPES,GROCERY,PRODUCE,997,0.00397,0.105,0.099,2.61,1079,0.92
CHEESES,POTATOES,DELI,PRODUCE,1655,0.00659,0.146,0.108,2.40,1794,0.92
BAKING MIXES,BREAD,GROCERY,PASTRY,670,0.00267,0.059,0.084,1.87,732,0.92
BAKED BREAD/BUNS/ROLLS,CIGARETTES,GROCERY,DRUG GM,2552,0.01017,0.042,0.234,0.97,2764,0.92
DRY SAUCES/GRAVY,VEGETABLES SALAD,GROCERY,PRODUCE,666,0.00265,0.103,0.062,2.41,727,0.92
BAG SNACKS,PIES,GROCERY,PASTRY,678,0.00270,0.016,0.244,1.46,736,0.92
FROZEN PIE/DESSERTS,FROZEN PIZZA,GROCERY,GROCERY,1073,0.00428,0.167,0.046,1.81,1169,0.92
BEEF,CONVENIENT BRKFST/WHLSM SNACKS,MEAT,GROCERY,4621,0.01841,0.126,0.330,2.26,5007,0.92
CAT LITTER,REFRGRATD DOUGH PRODUCTS,GROCERY,GROCERY,327,0.00130,0.111,0.023,1.97,354,0.92
BEERS/ALES,VEGETABLES - ALL OTHERS,GROCERY,PRODUCE,1330,0.00530,0.086,0.081,1.32,1445,0.92
BAKING NEEDS,YOGURT,GROCERY,GROCERY,1555,0.00620,0.150,0.088,2.13,1688,0.92
BABY HBC,BAG SNACKS,DRUG GM,GROCERY,1045,0.00416,0.263,0.025,1.57,1139,0.92
DELI MEATS,VEGETABLES - SHELF STABLE,DELI,GROCERY,3575,0.01425,0.209,0.158,2.32,3898,0.92
BREAD,HOT CEREAL,PASTRY,GROCERY,358,0.00143,0.045,0.064,2.02,388,0.92
LAXATIVES,SOFT DRINKS,DRUG GM,GROCERY,436,0.00174,0.318,0.006,1.11,475,0.92
CAT LITTER,VEGETABLES - SHELF STABLE,GROCERY,GROCERY,549,0.00219,0.186,0.024,2.07,596,0.92
EGGS,NUTS,GROCERY,PRODUCE,468,0.00186,0.017,0.255,2.30,508,0.92
CANDY - PACKAGED,HOT DOGS,DRUG GM,MEAT-PCKGD,1487,0.00593,0.069,0.136,1.59,1608,0.92
FD WRAPS/BAGS/TRSH BG,HOT DOGS,GROCERY,MEAT-PCKGD,1118,0.00445,0.100,0.102,2.29,1214,0.92
REFRGRATD DOUGH PRODUCTS,SALAD MIX,GROCERY,PRODUCE,2057,0.00820,0.146,0.133,2.36,2230,0.92
DELI MEATS,SEAFOOD - FROZEN,DELI,SEAFOOD-PCKGD,1117,0.00445,0.065,0.149,2.18,1218,0.92
BACON,HOUSEHOLD CLEANG NEEDS,MEAT-PCKGD,GROCERY,750,0.00299,0.069,0.102,2.35,812,0.92
LUNCHMEAT,MAGAZINE,MEAT-PCKGD,DRUG GM,986,0.00393,0.042,0.136,1.45,1067,0.92
BROCCOLI/CAULIFLOWER,HAIR CARE PRODUCTS,PRODUCE,DRUG GM,312,0.00124,0.070,0.039,2.21,337,0.92
CHICKEN,FRZN BREAKFAST FOODS,MEAT,GROCERY,1058,0.00422,0.070,0.145,2.42,1151,0.92
DRY BN/VEG/POTATO/RICE,FROZEN PIE/DESSERTS,GROCERY,GROCERY,736,0.00293,0.056,0.115,2.17,804,0.92
BUTTER,MARGARINES,GROCERY,GROCERY,660,0.00263,0.133,0.049,2.47,715,0.92
ICE CREAM/MILK/SHERBTS,VEGETABLES - ALL OTHERS,GROCERY,PRODUCE,2236,0.00891,0.111,0.137,1.71,2426,0.92
BREAD,FD WRAPS/BAGS/TRSH BG,PASTRY,GROCERY,670,0.00267,0.084,0.060,1.88,727,0.92
CARROTS,MARGARINES,PRODUCE,GROCERY,1171,0.00467,0.139,0.086,2.58,1278,0.92
CITRUS,LAUNDRY DETERGENTS,PRODUCE,GROCERY,723,0.00288,0.072,0.085,2.12,784,0.92
FRZN MEAT/MEAT DINNERS,SALADS/DIPS,GROCERY,DELI,920,0.00367,0.040,0.153,1.69,1001,0.92
CHICKEN,FRZN NOVELTIES/WTR ICE,MEAT,GROCERY,1194,0.00476,0.079,0.115,1.93,1301,0.92
BAG SNACKS,GRAPES,GROCERY,PRODUCE,3219,0.01283,0.077,0.318,1.90,3490,0.92
BROCCOLI/CAULIFLOWER,LAUNDRY DETERGENTS,PRODUCE,GROCERY,359,0.00143,0.080,0.042,2.38,392,0.92
PNT BTR/JELLY/JAMS,SALADS/DIPS,GROCERY,DELI,490,0.00195,0.047,0.081,1.97,531,0.92
SALD DRSNG/SNDWCH SPRD,WAREHOUSE SNACKS,GROCERY,GROCERY,883,0.00352,0.053,0.135,2.02,957,0.92
COFFEE,TOMATOES,GROCERY,PRODUCE,1444,0.00575,0.126,0.095,2.07,1576,0.92
BEEF,WAREHOUSE SNACKS,MEAT,GROCERY,1775,0.00707,0.048,0.271,1.86,1920,0.92
BUTTER,WATER - CARBONATED/FLVRD DRINK,GROCERY,GROCERY,650,0.00259,0.131,0.036,1.84,705,0.92
BATH TISSUES,SALD DRSNG/SNDWCH SPRD,GROCERY,GROCERY,1958,0.00780,0.144,0.117,2.15,2125,0.92
CANDY - PACKAGED,YOGURT,DRUG GM,GROCERY,2347,0.00935,0.109,0.133,1.56,2556,0.92
DRY MIX DESSERTS,ONIONS,GROCERY,PRODUCE,815,0.00325,0.150,0.052,2.41,888,0.92
FACIAL TISS/DNR NAPKIN,FROZEN PIE/DESSERTS,GROCERY,GROCERY,359,0.00143,0.052,0.056,2.05,392,0.92
BABY HBC,SOUP,DRUG GM,GROCERY,710,0.00283,0.179,0.030,1.90,771,0.92
MEAT - MISC,MUSHROOMS,MEAT-PCKGD,PRODUCE,409,0.00163,0.049,0.086,2.57,446,0.92
DRY SAUCES/GRAVY,REFRGRATD JUICES/DRNKS,GROCERY,GROCERY,1400,0.00558,0.216,0.054,2.09,1514,0.92
FRZN JCE CONC/DRNKS,LUNCHMEAT,GROCERY,MEAT-PCKGD,356,0.00142,0.188,0.015,1.99,387,0.92
BROOMS AND MOPS,MARGARINES,DRUG GM,GROCERY,366,0.00146,0.120,0.027,2.23,396,0.92
BAG SNACKS,HOUSEHOLD CLEANG NEEDS,GROCERY,GROCERY,2203,0.00878,0.052,0.298,1.78,2394,0.92
MILK BY-PRODUCTS,NEWSPAPER,GROCERY,DRUG GM,397,0.00158,0.020,0.082,1.05,432,0.92
CHICKEN/POULTRY,DRY BN/VEG/POTATO/RICE,DELI,GROCERY,392,0.00156,0.067,0.030,1.26,426,0.92
DELI MEATS,MAKEUP AND TREATMENT,DELI,COSMETICS,440,0.00175,0.026,0.112,1.64,481,0.92
COLD CEREAL,FRZN VEGETABLE/VEG DSH,GROCERY,GROCERY,2950,0.01175,0.117,0.232,2.31,3196,0.92
PEPPERS-ALL,WATER - CARBONATED/FLVRD DRINK,PRODUCE,GROCERY,1097,0.00437,0.133,0.061,1.86,1190,0.92
CANNED JUICES,SALAD BAR,GROCERY,SALAD BAR,703,0.00280,0.035,0.084,1.04,763,0.92
APPLES,DOMESTIC WINE,PRODUCE,GROCERY,353,0.00141,0.027,0.078,1.48,384,0.92
CAT FOOD,COLD CEREAL,GROCERY,GROCERY,1121,0.00447,0.171,0.045,1.71,1220,0.92
PORK,SNACK NUTS,MEAT,GROCERY,513,0.00204,0.041,0.110,2.23,555,0.92
NEWSPAPER,VEGETABLES - ALL OTHERS,DRUG GM,PRODUCE,331,0.00132,0.069,0.020,1.06,358,0.92
BREAKFAST SAUSAGE/SANDWICHES,SALAD MIX,MEAT-PCKGD,PRODUCE,1612,0.00642,0.147,0.104,2.38,1758,0.92
DIAPERS & DISPOSABLES,SOUP,DRUG GM,GROCERY,662,0.00264,0.145,0.028,1.54,719,0.92
FRZN MEAT/MEAT DINNERS,STONE FRUIT,GROCERY,PRODUCE,945,0.00377,0.042,0.172,1.90,1030,0.92
NEWSPAPER,VEGETABLES - SHELF STABLE,DRUG GM,GROCERY,454,0.00181,0.094,0.020,1.05,495,0.92
HOUSEHOLD CLEANG NEEDS,VALUE ADDED FRUIT,GROCERY,PRODUCE,352,0.00140,0.048,0.060,2.05,383,0.92
NEWSPAPER,YOGURT,DRUG GM,GROCERY,352,0.00140,0.073,0.020,1.04,383,0.92
BREAD,SEAFOOD - SHELF STABLE,PASTRY,GROCERY,531,0.00212,0.067,0.067,2.12,575,0.92
BREAKFAST SWEETS,WATER - CARBONATED/FLVRD DRINK,PASTRY,GROCERY,718,0.00286,0.088,0.040,1.23,781,0.92
CIGARETTES,SOUP,DRUG GM,GROCERY,979,0.00390,0.090,0.042,0.95,1059,0.92
CHICKEN,DISHWASH DETERGENTS,MEAT,GROCERY,836,0.00333,0.056,0.134,2.24,909,0.92
APPLES,BLEACH,PRODUCE,GROCERY,405,0.00161,0.031,0.114,2.17,441,0.92
COOKIES,REFRGRATD JUICES/DRNKS,PASTRY,GROCERY,573,0.00228,0.155,0.022,1.50,622,0.92
BREAKFAST SAUSAGE/SANDWICHES,CANDY - CHECKLANE,MEAT-PCKGD,DRUG GM,1179,0.00470,0.107,0.051,1.16,1278,0.92
EGGS,VITAMINS,GROCERY,DRUG GM,396,0.00158,0.014,0.199,1.79,430,0.92
LUNCHMEAT,POTATOES,MEAT-PCKGD,PRODUCE,3148,0.01254,0.133,0.206,2.18,3439,0.92
BAKING NEEDS,LAUNDRY DETERGENTS,GROCERY,GROCERY,701,0.00279,0.067,0.083,2.00,764,0.92
CHEESE,TROPICAL FRUIT,GROCERY,PRODUCE,12233,0.04874,0.261,0.377,2.02,13294,0.92
FROZEN BREAD/DOUGH,YOGURT,GROCERY,GROCERY,1213,0.00483,0.169,0.069,2.41,1325,0.92
FD WRAPS/BAGS/TRSH BG,REFRGRATD JUICES/DRNKS,GROCERY,GROCERY,2241,0.00893,0.200,0.086,1.93,2429,0.92
CHEESE,DEODORANTS,GROCERY,DRUG GM,1446,0.00576,0.031,0.340,1.82,1564,0.92
CAKES,REFRGRATD DOUGH PRODUCTS,PASTRY,GROCERY,321,0.00128,0.072,0.023,1.29,350,0.92
OLIVES,PORK,GROCERY,MEAT,355,0.00141,0.134,0.029,2.73,385,0.92
PAPER HOUSEWARES,SEAFOOD - SHELF STABLE,GROCERY,GROCERY,593,0.00236,0.077,0.075,2.46,648,0.92
CAKES,REFRGRATD JUICES/DRNKS,PASTRY,GROCERY,560,0.00223,0.126,0.022,1.22,607,0.92
DELI MEATS,SEAFOOD-FRESH,DELI,SEAFOOD,494,0.00197,0.029,0.134,1.97,539,0.92
DINNER SAUSAGE,MISC. DAIRY,MEAT-PCKGD,GROCERY,711,0.00283,0.072,0.097,2.47,771,0.92
BAG SNACKS,ORAL HYGIENE PRODUCTS,GROCERY,DRUG GM,2153,0.00858,0.051,0.276,1.65,2343,0.92
LAUNDRY ADDITIVES,SALD DRSNG/SNDWCH SPRD,GROCERY,GROCERY,688,0.00274,0.155,0.041,2.32,745,0.92
BROOMS AND MOPS,CHICKEN,DRUG GM,MEAT,398,0.00159,0.131,0.026,2.18,430,0.92
DINNER MXS:DRY,HOUSEHOLD CLEANG NEEDS,GROCERY,GROCERY,989,0.00394,0.074,0.134,2.53,1080,0.92
CHRISTMAS  SEASONAL,SOFT DRINKS,DRUG GM,GROCERY,627,0.00250,0.331,0.009,1.16,678,0.92
HOUSEHOLD CLEANG NEEDS,SOFT DRINKS,GROCERY,GROCERY,2828,0.01127,0.383,0.040,1.34,3065,0.92
LAUNDRY ADDITIVES,SALAD MIX,GROCERY,PRODUCE,634,0.00253,0.143,0.041,2.30,687,0.92
BABY FOODS,PORK,DRUG GM,MEAT,366,0.00146,0.087,0.030,1.76,397,0.92
BLEACH,HISPANIC,GROCERY,GROCERY,426,0.00170,0.120,0.030,2.12,465,0.92
SEAFOOD - FROZEN,SOFT DRINKS,SEAFOOD-PCKGD,GROCERY,2953,0.01177,0.393,0.041,1.38,3220,0.92
CITRUS,ICE CREAM/MILK/SHERBTS,PRODUCE,GROCERY,1353,0.00539,0.134,0.067,1.67,1467,0.92
BAG SNACKS,SALAD MIX,GROCERY,PRODUCE,4904,0.01954,0.117,0.316,1.89,5319,0.92
HAIR CARE PRODUCTS,REFRGRATD JUICES/DRNKS,DRUG GM,GROCERY,1425,0.00568,0.180,0.055,1.74,1542,0.92
FROZEN PIZZA,HAND/BODY/FACIAL PRODUCTS,GROCERY,DRUG GM,480,0.00191,0.021,0.169,1.83,523,0.92
APPLES,SHORTENING/OIL,PRODUCE,GROCERY,1089,0.00434,0.082,0.132,2.50,1187,0.92
PICKLE/RELISH/PKLD VEG,STONE FRUIT,GROCERY,PRODUCE,321,0.00128,0.052,0.059,2.39,350,0.92
BEANS - CANNED GLASS & MW,SOFT DRINKS,GROCERY,GROCERY,3909,0.01558,0.412,0.055,1.44,4266,0.92
BEANS - CANNED GLASS & MW,ORGANICS FRUIT & VEGETABLES,GROCERY,PRODUCE,528,0.00210,0.056,0.100,2.64,574,0.92
BABY HBC,CHICKEN,DRUG GM,MEAT,442,0.00176,0.111,0.029,1.85,480,0.92
APPLES,BATH TISSUES,PRODUCE,GROCERY,1574,0.00627,0.119,0.116,2.20,1720,0.92
BAG SNACKS,DISHWASH DETERGENTS,GROCERY,GROCERY,1892,0.00754,0.045,0.304,1.82,2067,0.92
MEAT - MISC,WATER - CARBONATED/FLVRD DRINK,MEAT-PCKGD,GROCERY,1090,0.00434,0.129,0.061,1.81,1190,0.92
PNT BTR/JELLY/JAMS,STATIONERY & SCHOOL SUPPLIES,GROCERY,DRUG GM,300,0.00120,0.029,0.065,1.57,326,0.92
DELI MEATS,FRZN POTATOES,DELI,GROCERY,1206,0.00481,0.070,0.149,2.18,1317,0.92
BAG SNACKS,FACIAL TISS/DNR NAPKIN,GROCERY,GROCERY,2162,0.00861,0.052,0.316,1.89,2356,0.92
CANNED JUICES,GREETING CARDS/WRAP/PARTY SPLY,GROCERY,DRUG GM,826,0.00329,0.041,0.109,1.35,901,0.92
BEEF,SALADS/DIPS,MEAT,DELI,1563,0.00623,0.043,0.260,1.78,1708,0.92
MEAT - MISC,VEGETABLES - ALL OTHERS,MEAT-PCKGD,PRODUCE,1310,0.00522,0.156,0.080,2.39,1447,0.91
CHICKEN/POULTRY,WATER - CARBONATED/FLVRD DRINK,DELI,GROCERY,450,0.00179,0.077,0.025,1.07,495,0.91
CHICKEN/POULTRY,VEGETABLES - SHELF STABLE,DELI,GROCERY,658,0.00262,0.112,0.029,1.24,719,0.91
COCOA MIXES,SALAD MIX,GROCERY,PRODUCE,586,0.00234,0.153,0.038,2.48,644,0.91
COFFEE,LUNCHMEAT,GROCERY,MEAT-PCKGD,2076,0.00827,0.181,0.088,1.92,2272,0.91
COFFEE,REFRGRATD JUICES/DRNKS,GROCERY,GROCERY,2124,0.00846,0.185,0.082,1.79,2332,0.91
CHICKEN,LAUNDRY DETERGENTS,MEAT,GROCERY,1076,0.00429,0.072,0.127,2.12,1177,0.91
CHICKEN,CONVENIENT BRKFST/WHLSM SNACKS,MEAT,GROCERY,2034,0.00810,0.135,0.145,2.43,2236,0.91
CHICKEN,COCOA MIXES,MEAT,GROCERY,559,0.00223,0.037,0.146,2.44,611,0.91
CHEESES,SOFT DRINKS,DELI,GROCERY,4456,0.01776,0.394,0.062,1.38,4882,0.91
COLD CEREAL,MAKEUP AND TREATMENT,GROCERY,COSMETICS,667,0.00266,0.027,0.170,1.70,729,0.91
CHEESES,ICE CREAM/MILK/SHERBTS,DELI,GROCERY,1517,0.00604,0.134,0.076,1.68,1665,0.91
COLD CEREAL,POTATOES,GROCERY,PRODUCE,3587,0.01429,0.143,0.235,2.34,3957,0.91
CHEESES,FRUIT - SHELF STABLE,DELI,GROCERY,1541,0.00614,0.136,0.116,2.57,1688,0.91
COLD CEREAL,SQUASH,GROCERY,PRODUCE,519,0.00207,0.021,0.256,2.55,572,0.91
CONDIMENTS/SAUCES,FLUID MILK PRODUCTS,GROCERY,GROCERY,8725,0.03477,0.489,0.126,1.77,9549,0.91
CONDIMENTS/SAUCES,HAIR CARE PRODUCTS,GROCERY,DRUG GM,1128,0.00449,0.063,0.142,2.00,1234,0.91
CHEESE,SOAP - LIQUID & BAR,GROCERY,DRUG GM,2169,0.00864,0.046,0.370,1.98,2389,0.91
CHEESE,SEAFOOD-FRESH,GROCERY,SEAFOOD,1317,0.00525,0.028,0.359,1.92,1444,0.91
CHEESE,PAPER TOWELS,GROCERY,GROCERY,4006,0.01596,0.085,0.394,2.11,4378,0.91
CHEESE,FROZEN,GROCERY,NUTRITION,598,0.00238,0.013,0.387,2.07,654,0.91
CHEESE,DOG FOODS,GROCERY,GROCERY,2232,0.00889,0.048,0.314,1.68,2440,0.91
COOKIES,HISPANIC,PASTRY,GROCERY,352,0.00140,0.095,0.025,1.68,385,0.91
COOKIES,POTATOES,PASTRY,PRODUCE,381,0.00152,0.103,0.025,1.69,420,0.91
CHARCOAL AND LIGHTER FLUID,CHEESE,DRUG GM,GROCERY,548,0.00218,0.278,0.012,1.49,605,0.91
COOKIES/CONES,FRZN VEGETABLE/VEG DSH,GROCERY,GROCERY,1884,0.00751,0.110,0.148,2.17,2077,0.91
COOKIES/CONES,POTATOES,GROCERY,PRODUCE,2345,0.00934,0.137,0.153,2.25,2570,0.91
COOKIES/CONES,SHAVING CARE PRODUCTS,GROCERY,DRUG GM,413,0.00165,0.024,0.126,1.84,454,0.91
CORN,FLUID MILK PRODUCTS,PRODUCE,GROCERY,1286,0.00512,0.470,0.019,1.70,1415,0.91
CAT FOOD,VEGETABLES - SHELF STABLE,GROCERY,GROCERY,1051,0.00419,0.160,0.047,1.78,1155,0.91
CRACKERS/MISC BKD FD,FLOUR & MEALS,GROCERY,GROCERY,646,0.00257,0.028,0.206,2.28,712,0.91
CAT FOOD,FRZN POTATOES,GROCERY,GROCERY,361,0.00144,0.055,0.045,1.70,396,0.91
CAT FOOD,COOKIES/CONES,GROCERY,GROCERY,732,0.00292,0.112,0.043,1.64,800,0.91
CARROTS,PAPER TOWELS,PRODUCE,GROCERY,859,0.00342,0.102,0.084,2.52,945,0.91
CARROTS,MEAT - SHELF STABLE,PRODUCE,GROCERY,1265,0.00504,0.151,0.092,2.74,1394,0.91
DELI MEATS,DOMESTIC WINE,DELI,GROCERY,435,0.00173,0.025,0.096,1.41,476,0.91
DELI MEATS,HOT CEREAL,DELI,GROCERY,869,0.00346,0.051,0.155,2.27,960,0.91
DELI MEATS,ICE CREAM/MILK/SHERBTS,DELI,GROCERY,2221,0.00885,0.130,0.111,1.62,2433,0.91
DELI MEATS,MEAT - MISC,DELI,MEAT-PCKGD,1293,0.00515,0.076,0.154,2.25,1421,0.91
CARROTS,FRZN MEAT/MEAT DINNERS,PRODUCE,GROCERY,1650,0.00657,0.196,0.073,2.17,1812,0.91
DELI MEATS,REFRIGERATED,DELI,NUTRITION,641,0.00255,0.037,0.124,1.82,704,0.91
DELI MEATS,SQUASH,DELI,PRODUCE,337,0.00134,0.020,0.166,2.44,371,0.91
CARROTS,DOG FOODS,PRODUCE,GROCERY,461,0.00184,0.055,0.065,1.94,506,0.91
CARROTS,DEODORANTS,PRODUCE,DRUG GM,302,0.00120,0.036,0.071,2.12,331,0.91
DEODORANTS,GRAPES,DRUG GM,PRODUCE,337,0.00134,0.079,0.033,1.97,371,0.91
DEODORANTS,LUNCHMEAT,DRUG GM,MEAT-PCKGD,716,0.00285,0.168,0.030,1.78,786,0.91
CANNED JUICES,VEGETABLES - ALL OTHERS,GROCERY,PRODUCE,2827,0.01126,0.140,0.173,2.15,3119,0.91
CANNED JUICES,STONE FRUIT,GROCERY,PRODUCE,897,0.00357,0.044,0.164,2.04,981,0.91
DEODORANTS,REFRGRATD DOUGH PRODUCTS,DRUG GM,GROCERY,465,0.00185,0.109,0.033,1.94,511,0.91
CANNED JUICES,PORK,GROCERY,MEAT,2203,0.00878,0.109,0.178,2.22,2427,0.91
CANNED JUICES,PEPPERS-ALL,GROCERY,PRODUCE,1507,0.00600,0.075,0.183,2.28,1663,0.91
CANNED JUICES,MILK BY-PRODUCTS,GROCERY,GROCERY,3335,0.01329,0.165,0.169,2.11,3653,0.91
DINNER MXS:DRY,SHAVING CARE PRODUCTS,GROCERY,DRUG GM,380,0.00151,0.029,0.116,2.18,418,0.91
CANDY - PACKAGED,TROPICAL FRUIT,DRUG GM,PRODUCE,4137,0.01648,0.192,0.127,1.49,4565,0.91
CANDY - PACKAGED,SPICES & EXTRACTS,DRUG GM,GROCERY,1265,0.00504,0.059,0.134,1.56,1383,0.91
DINNER SAUSAGE,FD WRAPS/BAGS/TRSH BG,MEAT-PCKGD,GROCERY,980,0.00391,0.099,0.087,2.22,1074,0.91
DINNER SAUSAGE,ISOTONIC DRINKS,MEAT-PCKGD,GROCERY,412,0.00164,0.042,0.077,1.96,450,0.91
CANDY - PACKAGED,PROCESSED,DRUG GM,PRODUCE,636,0.00253,0.030,0.136,1.58,702,0.91
CANDY - PACKAGED,MISCELLANEOUS,DRUG GM,MEAT-PCKGD,302,0.00120,0.014,0.137,1.60,332,0.91
DISHWASH DETERGENTS,ONIONS,GROCERY,PRODUCE,882,0.00351,0.142,0.057,2.29,967,0.91
CANDY - PACKAGED,CITRUS,DRUG GM,PRODUCE,1321,0.00526,0.061,0.131,1.52,1455,0.91
DOG FOODS,FROZEN MEAT,GROCERY,MEAT-PCKGD,437,0.00174,0.061,0.053,1.88,482,0.91
CANDY - PACKAGED,CHEESE,DRUG GM,GROCERY,5925,0.02361,0.276,0.126,1.48,6537,0.91
DOMESTIC WINE,REFRGRATD JUICES/DRNKS,GROCERY,GROCERY,622,0.00248,0.137,0.024,1.33,683,0.91
CANDY - CHECKLANE,MOLASSES/SYRUP/PANCAKE MIXS,DRUG GM,GROCERY,488,0.00194,0.021,0.108,1.17,536,0.91
CANDY - CHECKLANE,HISPANIC,DRUG GM,GROCERY,1503,0.00599,0.065,0.105,1.14,1652,0.91
DRY BN/VEG/POTATO/RICE,GRAPES,GROCERY,PRODUCE,1383,0.00551,0.104,0.137,2.59,1512,0.91
CAKES,SALAD MIX,PASTRY,PRODUCE,354,0.00141,0.080,0.023,1.29,389,0.91
BUTTER,SALD DRSNG/SNDWCH SPRD,GROCERY,GROCERY,804,0.00320,0.162,0.048,2.43,887,0.91
BUTTER,HAIR CARE PRODUCTS,GROCERY,DRUG GM,324,0.00129,0.065,0.041,2.07,355,0.91
BUTTER,DRY BN/VEG/POTATO/RICE,GROCERY,GROCERY,694,0.00277,0.140,0.052,2.65,764,0.91
DRY NOODLES/PASTA,ORAL HYGIENE PRODUCTS,GROCERY,DRUG GM,933,0.00372,0.067,0.120,2.14,1022,0.91
BROOMS AND MOPS,POTATOES,DRUG GM,PRODUCE,417,0.00166,0.137,0.027,2.25,460,0.91
BROOMS AND MOPS,ICE CREAM/MILK/SHERBTS,DRUG GM,GROCERY,392,0.00156,0.129,0.020,1.61,429,0.91
BROOMS AND MOPS,FLUID MILK PRODUCTS,DRUG GM,GROCERY,1413,0.00563,0.465,0.020,1.69,1547,0.91
DRY SAUCES/GRAVY,HOUSEHOLD CLEANG NEEDS,GROCERY,GROCERY,448,0.00179,0.069,0.061,2.35,493,0.91
DRY SAUCES/GRAVY,MUSHROOMS,GROCERY,PRODUCE,322,0.00128,0.050,0.068,2.63,354,0.91
BROCCOLI/CAULIFLOWER,PNT BTR/JELLY/JAMS,PRODUCE,GROCERY,497,0.00198,0.111,0.048,2.69,546,0.91
DRY SAUCES/GRAVY,WAREHOUSE SNACKS,GROCERY,GROCERY,354,0.00141,0.055,0.054,2.09,388,0.91
EGGS,ELECTRICAL SUPPPLIES,GROCERY,DRUG GM,568,0.00226,0.020,0.214,1.93,624,0.91
EGGS,LAUNDRY ADDITIVES,GROCERY,GROCERY,1067,0.00425,0.038,0.240,2.16,1166,0.91
BROCCOLI/CAULIFLOWER,CONVENIENT BRKFST/WHLSM SNACKS,PRODUCE,GROCERY,684,0.00273,0.153,0.049,2.75,756,0.91
BREAKFAST SWEETS,VEGETABLES SALAD,PASTRY,PRODUCE,497,0.00198,0.061,0.046,1.43,547,0.91
EGGS,REFRIGERATED,GROCERY,NUTRITION,1053,0.00420,0.038,0.204,1.84,1156,0.91
ELECTRICAL SUPPPLIES,SOFT DRINKS,DRUG GM,GROCERY,964,0.00384,0.364,0.013,1.28,1058,0.91
ELECTRICAL SUPPPLIES,VEGETABLES - SHELF STABLE,DRUG GM,GROCERY,509,0.00203,0.192,0.023,2.13,558,0.91
BREAKFAST SWEETS,FROZEN PIZZA,PASTRY,GROCERY,995,0.00396,0.122,0.043,1.32,1099,0.91
BREAKFAST SWEETS,CONVENIENT BRKFST/WHLSM SNACKS,PASTRY,GROCERY,671,0.00267,0.082,0.048,1.48,736,0.91
BREAKFAST SWEETS,CITRUS,PASTRY,PRODUCE,468,0.00186,0.057,0.046,1.43,512,0.91
FD WRAPS/BAGS/TRSH BG,FRZN MEAT/MEAT DINNERS,GROCERY,GROCERY,1966,0.00783,0.175,0.086,1.93,2164,0.91
FD WRAPS/BAGS/TRSH BG,FRZN NOVELTIES/WTR ICE,GROCERY,GROCERY,872,0.00347,0.078,0.084,1.88,957,0.91
BREAKFAST SWEETS,CANDY - CHECKLANE,PASTRY,DRUG GM,744,0.00296,0.091,0.032,0.99,820,0.91
FD WRAPS/BAGS/TRSH BG,SEAFOOD-FRESH,GROCERY,SEAFOOD,326,0.00130,0.029,0.089,1.98,360,0.91
BREAKFAST SAUSAGE/SANDWICHES,ISOTONIC DRINKS,MEAT-PCKGD,GROCERY,468,0.00186,0.043,0.088,2.00,513,0.91
FEMININE HYGIENE,FRZN VEGETABLE/VEG DSH,DRUG GM,GROCERY,341,0.00136,0.079,0.027,1.56,376,0.91
FEMININE HYGIENE,MILK BY-PRODUCTS,DRUG GM,GROCERY,517,0.00206,0.120,0.026,1.53,570,0.91
FEMININE HYGIENE,PASTA SAUCE,DRUG GM,GROCERY,340,0.00135,0.079,0.029,1.70,373,0.91
FIRST AID PRODUCTS,FLUID MILK PRODUCTS,DRUG GM,GROCERY,928,0.00370,0.351,0.013,1.27,1024,0.91
BREAKFAST SAUSAGE/SANDWICHES,CHEESES,MEAT-PCKGD,DELI,1146,0.00457,0.104,0.101,2.32,1262,0.91
BREAKFAST SAUSAGE/SANDWICHES,CAT FOOD,MEAT-PCKGD,GROCERY,495,0.00197,0.045,0.076,1.73,544,0.91
FLUID MILK PRODUCTS,FRZN FRUITS,GROCERY,GROCERY,515,0.00205,0.007,0.469,1.70,566,0.91
BREAD,PNT BTR/JELLY/JAMS,PASTRY,GROCERY,647,0.00258,0.081,0.062,1.97,713,0.91
FLUID MILK PRODUCTS,SPICES & EXTRACTS,GROCERY,GROCERY,4605,0.01835,0.067,0.487,1.77,5056,0.91
FROZEN BREAD/DOUGH,PEPPERS-ALL,GROCERY,PRODUCE,607,0.00242,0.084,0.074,2.58,670,0.91
BLEACH,TROPICAL FRUIT,GROCERY,PRODUCE,889,0.00354,0.251,0.027,1.94,979,0.91
BLEACH,SALD DRSNG/SNDWCH SPRD,GROCERY,GROCERY,496,0.00198,0.140,0.030,2.10,545,0.91
FROZEN BREAD/DOUGH,TOMATOES,GROCERY,PRODUCE,1038,0.00414,0.144,0.068,2.37,1137,0.91
BLEACH,LUNCHMEAT,GROCERY,MEAT-PCKGD,639,0.00255,0.180,0.027,1.91,701,0.91
FROZEN MEAT,SPICES & EXTRACTS,MEAT-PCKGD,GROCERY,762,0.00304,0.093,0.081,2.46,842,0.91
BERRIES,SEAFOOD - SHELF STABLE,PRODUCE,GROCERY,738,0.00294,0.081,0.094,2.58,814,0.91
AIR CARE,MARGARINES,GROCERY,GROCERY,437,0.00174,0.115,0.032,2.13,482,0.91
FROZEN PIE/DESSERTS,SOFT DRINKS,GROCERY,GROCERY,2361,0.00941,0.367,0.033,1.29,2596,0.91
FROZEN PIE/DESSERTS,YOGURT,GROCERY,GROCERY,895,0.00357,0.139,0.051,1.99,987,0.91
BERRIES,CONDIMENTS/SAUCES,PRODUCE,GROCERY,1497,0.00597,0.164,0.084,2.31,1645,0.91
BERRIES,CHEESE,PRODUCE,GROCERY,3609,0.01438,0.396,0.077,2.12,3959,0.91
BEERS/ALES,REFRGRATD JUICES/DRNKS,GROCERY,GROCERY,1950,0.00777,0.126,0.075,1.22,2145,0.91
FRUIT - SHELF STABLE,SALADS/DIPS,GROCERY,DELI,654,0.00261,0.049,0.109,2.05,720,0.91
BEERS/ALES,MISC. DAIRY,GROCERY,GROCERY,602,0.00240,0.039,0.082,1.33,660,0.91
FRZN MEAT/MEAT DINNERS,PAPER HOUSEWARES,GROCERY,GROCERY,1314,0.00524,0.058,0.171,1.89,1439,0.91
FRZN MEAT/MEAT DINNERS,SHORTENING/OIL,GROCERY,GROCERY,1527,0.00608,0.067,0.185,2.04,1682,0.91
FRZN NOVELTIES/WTR ICE,GREETING CARDS/WRAP/PARTY SPLY,GROCERY,DRUG GM,396,0.00158,0.038,0.052,1.27,434,0.91
FRZN NOVELTIES/WTR ICE,SALAD BAR,GROCERY,SALAD BAR,350,0.00139,0.034,0.042,1.01,383,0.91
BEEF,HOT CEREAL,MEAT,GROCERY,1811,0.00722,0.049,0.323,2.21,1983,0.91
BEEF,HERBS,MEAT,PRODUCE,1026,0.00409,0.028,0.315,2.15,1124,0.91
BEEF,HAIR CARE PRODUCTS,MEAT,DRUG GM,2127,0.00848,0.058,0.268,1.83,2326,0.91
BEEF,COOKIES,MEAT,PASTRY,848,0.00338,0.023,0.230,1.57,927,0.91
FRZN VEGETABLE/VEG DSH,ORAL HYGIENE PRODUCTS,GROCERY,DRUG GM,787,0.00314,0.062,0.101,1.99,865,0.91
BEEF,CAKES,MEAT,PASTRY,806,0.00321,0.022,0.182,1.24,887,0.91
BEEF,BUTTER,MEAT,GROCERY,1590,0.00634,0.043,0.321,2.20,1745,0.91
BEEF,BREAKFAST SWEETS,MEAT,PASTRY,1645,0.00655,0.045,0.202,1.38,1805,0.91
GRAPES,LAUNDRY ADDITIVES,PRODUCE,GROCERY,414,0.00165,0.041,0.093,2.31,453,0.91
GRAPES,SOAP - LIQUID & BAR,PRODUCE,DRUG GM,521,0.00208,0.052,0.089,2.21,571,0.91
HAIR CARE ACCESSORIES,SOFT DRINKS,DRUG GM,GROCERY,403,0.00161,0.338,0.006,1.18,443,0.91
BEANS - CANNED GLASS & MW,BERRIES,GROCERY,PRODUCE,866,0.00345,0.091,0.095,2.51,949,0.91
HAIR CARE PRODUCTS,LUNCHMEAT,DRUG GM,MEAT-PCKGD,1358,0.00541,0.171,0.057,1.81,1498,0.91
HAIR CARE PRODUCTS,PORK,DRUG GM,MEAT,800,0.00319,0.101,0.065,2.05,876,0.91
HAIR CARE PRODUCTS,PROCESSED,DRUG GM,PRODUCE,306,0.00122,0.039,0.065,2.06,335,0.91
BATTERIES,FLUID MILK PRODUCTS,DRUG GM,GROCERY,842,0.00336,0.374,0.012,1.36,927,0.91
HEAT/SERVE,VEGETABLES SALAD,MEAT-PCKGD,PRODUCE,496,0.00198,0.094,0.046,2.20,546,0.91
BATH TISSUES,MEAT - MISC,GROCERY,MEAT-PCKGD,995,0.00396,0.073,0.118,2.18,1094,0.91
HERBS,PAPER TOWELS,PRODUCE,GROCERY,309,0.00123,0.095,0.030,2.34,339,0.91
BATH TISSUES,ICE CREAM/MILK/SHERBTS,GROCERY,GROCERY,1714,0.00683,0.126,0.085,1.57,1875,0.91
HISPANIC,MAGAZINE,GROCERY,DRUG GM,611,0.00243,0.043,0.085,1.49,673,0.91
HISPANIC,MAKEUP AND TREATMENT,GROCERY,COSMETICS,385,0.00153,0.027,0.098,1.73,422,0.91
HISPANIC,MARGARINES,GROCERY,GROCERY,1813,0.00722,0.127,0.134,2.36,1994,0.91
BATH TISSUES,DRIED FRUIT,GROCERY,NUTRITION,373,0.00149,0.027,0.124,2.28,411,0.91
BATH TISSUES,DELI MEATS,GROCERY,DELI,1853,0.00738,0.136,0.108,2.00,2037,0.91
BATH TISSUES,CHEESE,GROCERY,GROCERY,4920,0.01960,0.361,0.105,1.94,5425,0.91
BATH TISSUES,BUTTER,GROCERY,GROCERY,589,0.00235,0.043,0.119,2.19,649,0.91
BATH TISSUES,BREAKFAST SAUSAGE/SANDWICHES,GROCERY,MEAT-PCKGD,1269,0.00506,0.093,0.116,2.13,1396,0.91
BAKING NEEDS,TOMATOES,GROCERY,PRODUCE,1325,0.00528,0.128,0.087,2.10,1461,0.91
BAKING NEEDS,PAPER TOWELS,GROCERY,GROCERY,885,0.00353,0.085,0.087,2.10,978,0.91
BAKING NEEDS,DEODORANTS,GROCERY,DRUG GM,318,0.00127,0.031,0.075,1.81,350,0.91
HOUSEHOLD CLEANG NEEDS,MEAT - SHELF STABLE,GROCERY,GROCERY,957,0.00381,0.130,0.069,2.36,1054,0.91
HOUSEHOLD CLEANG NEEDS,MILK BY-PRODUCTS,GROCERY,GROCERY,1241,0.00495,0.168,0.063,2.14,1361,0.91
BAKING NEEDS,BATH TISSUES,GROCERY,GROCERY,1098,0.00438,0.106,0.081,1.95,1210,0.91
HOUSEHOLD CLEANG NEEDS,PICKLE/RELISH/PKLD VEG,GROCERY,GROCERY,440,0.00175,0.060,0.071,2.43,482,0.91
BAKING MIXES,SALAD MIX,GROCERY,PRODUCE,1571,0.00626,0.139,0.101,2.25,1731,0.91
BAKING MIXES,ROLLS,GROCERY,PASTRY,410,0.00163,0.036,0.081,1.79,450,0.91
ICE CREAM/MILK/SHERBTS,TOMATOES,GROCERY,PRODUCE,2052,0.00818,0.102,0.134,1.68,2246,0.91
BAKING MIXES,FRZN MEAT/MEAT DINNERS,GROCERY,GROCERY,1983,0.00790,0.176,0.087,1.94,2178,0.91
BAKING MIXES,CITRUS,GROCERY,PRODUCE,995,0.00396,0.088,0.098,2.19,1093,0.91
LAUNDRY DETERGENTS,SALD DRSNG/SNDWCH SPRD,GROCERY,GROCERY,1226,0.00489,0.145,0.073,2.17,1345,0.91
LAUNDRY DETERGENTS,VEGETABLES SALAD,GROCERY,PRODUCE,758,0.00302,0.090,0.071,2.10,832,0.91
LUNCHMEAT,PAPER HOUSEWARES,MEAT-PCKGD,GROCERY,1438,0.00573,0.061,0.187,1.98,1579,0.91
LUNCHMEAT,SOAP - LIQUID & BAR,MEAT-PCKGD,DRUG GM,1089,0.00434,0.046,0.186,1.97,1200,0.91
BAKED SWEET GOODS,SALADS/DIPS,GROCERY,DELI,758,0.00302,0.041,0.126,1.69,836,0.91
BAKED SWEET GOODS,SALAD BAR,GROCERY,SALAD BAR,643,0.00256,0.034,0.077,1.03,705,0.91
MARGARINES,MISC. DAIRY,GROCERY,GROCERY,990,0.00394,0.073,0.135,2.50,1082,0.91
MARGARINES,ORAL HYGIENE PRODUCTS,GROCERY,DRUG GM,840,0.00335,0.062,0.108,2.00,923,0.91
BAKED SWEET GOODS,FEMININE HYGIENE,GROCERY,DRUG GM,455,0.00181,0.024,0.106,1.42,502,0.91
MARGARINES,WATER - CARBONATED/FLVRD DRINK,GROCERY,GROCERY,1709,0.00681,0.126,0.095,1.76,1874,0.91
BAKED SWEET GOODS,DEODORANTS,GROCERY,DRUG GM,549,0.00219,0.029,0.129,1.74,600,0.91
MEAT - MISC,SOAP - LIQUID & BAR,MEAT-PCKGD,DRUG GM,439,0.00175,0.052,0.075,2.23,484,0.91
MEAT - SHELF STABLE,SALADS/DIPS,GROCERY,DELI,654,0.00261,0.047,0.109,1.98,718,0.91
MEAT - SHELF STABLE,SOAP - LIQUID & BAR,GROCERY,DRUG GM,746,0.00297,0.054,0.127,2.32,820,0.91
BAKED BREAD/BUNS/ROLLS,TURKEY,GROCERY,MEAT,1295,0.00516,0.021,0.464,1.93,1428,0.91
MEAT - SHELF STABLE,YOGURT,GROCERY,GROCERY,2366,0.00943,0.171,0.134,2.45,2601,0.91
MELONS,PNT BTR/JELLY/JAMS,PRODUCE,GROCERY,418,0.00167,0.097,0.040,2.34,461,0.91
BAKED BREAD/BUNS/ROLLS,SHAVING CARE PRODUCTS,GROCERY,DRUG GM,1315,0.00524,0.022,0.400,1.67,1450,0.91
BAKED BREAD/BUNS/ROLLS,PROCESSED,GROCERY,PRODUCE,2256,0.00899,0.037,0.481,2.00,2484,0.91
BAKED BREAD/BUNS/ROLLS,PET CARE SUPPLIES,GROCERY,GROCERY,987,0.00393,0.016,0.393,1.64,1086,0.91
BAKED BREAD/BUNS/ROLLS,PEARS,GROCERY,PRODUCE,987,0.00393,0.016,0.499,2.08,1079,0.91
BAKED BREAD/BUNS/ROLLS,OLIVES,GROCERY,GROCERY,1346,0.00536,0.022,0.510,2.12,1484,0.91
MISC. DAIRY,POTATOES,GROCERY,PRODUCE,1149,0.00458,0.157,0.075,2.57,1260,0.91
BAKED BREAD/BUNS/ROLLS,DIETARY AID PRODUCTS,GROCERY,DRUG GM,712,0.00284,0.012,0.399,1.66,780,0.91
NEWSPAPER,SALD DRSNG/SNDWCH SPRD,DRUG GM,GROCERY,332,0.00132,0.069,0.020,1.03,367,0.91
NEWSPAPER,SOFT DRINKS,DRUG GM,GROCERY,1296,0.00516,0.269,0.018,0.94,1430,0.91
BAKED BREAD/BUNS/ROLLS,CAT LITTER,GROCERY,GROCERY,1187,0.00473,0.020,0.402,1.68,1308,0.91
BAKED BREAD/BUNS/ROLLS,CANDY - PACKAGED,GROCERY,DRUG GM,7262,0.02894,0.121,0.338,1.41,8004,0.91
BAKED BREAD/BUNS/ROLLS,BROCCOLI/CAULIFLOWER,GROCERY,PRODUCE,2250,0.00897,0.037,0.503,2.10,2482,0.91
OLIVES,YOGURT,GROCERY,GROCERY,474,0.00189,0.179,0.027,2.56,523,0.91
BAG SNACKS,WATER,GROCERY,NUTRITION,309,0.00123,0.007,0.217,1.30,341,0.91
ONIONS,PNT BTR/JELLY/JAMS,PRODUCE,GROCERY,1574,0.00627,0.101,0.152,2.45,1726,0.91
BAG SNACKS,SNACKS,GROCERY,DELI,366,0.00146,0.009,0.289,1.73,400,0.91
ORAL HYGIENE PRODUCTS,PWDR/CRYSTL DRNK MX,DRUG GM,GROCERY,342,0.00136,0.044,0.064,2.07,377,0.91
ORAL HYGIENE PRODUCTS,SALD DRSNG/SNDWCH SPRD,DRUG GM,GROCERY,1047,0.00417,0.134,0.062,2.01,1145,0.91
BAG SNACKS,SEAFOOD - FROZEN,GROCERY,SEAFOOD-PCKGD,2303,0.00918,0.055,0.306,1.83,2536,0.91
ORAL HYGIENE PRODUCTS,SPICES & EXTRACTS,DRUG GM,GROCERY,585,0.00233,0.075,0.062,1.99,642,0.91
BAG SNACKS,ONIONS,GROCERY,PRODUCE,4905,0.01954,0.117,0.315,1.89,5363,0.91
PAPER HOUSEWARES,PASTA SAUCE,GROCERY,GROCERY,870,0.00347,0.113,0.074,2.42,953,0.91
PAPER HOUSEWARES,SALAD MIX,GROCERY,PRODUCE,1032,0.00411,0.134,0.067,2.17,1139,0.91
BAG SNACKS,HOT CEREAL,GROCERY,GROCERY,1793,0.00714,0.043,0.320,1.91,1979,0.91
PAPER TOWELS,REFRIGERATED,GROCERY,NUTRITION,394,0.00157,0.039,0.076,1.88,435,0.91
PAPER TOWELS,SEAFOOD - FROZEN,GROCERY,SEAFOOD-PCKGD,696,0.00277,0.068,0.093,2.28,762,0.91
PAPER TOWELS,SNACK NUTS,GROCERY,GROCERY,400,0.00159,0.039,0.086,2.11,440,0.91
BAG SNACKS,FEMININE HYGIENE,GROCERY,DRUG GM,969,0.00386,0.023,0.226,1.35,1067,0.91
BAG SNACKS,DIAPERS & DISPOSABLES,GROCERY,DRUG GM,999,0.00398,0.024,0.219,1.31,1095,0.91
PICKLE/RELISH/PKLD VEG,TROPICAL FRUIT,GROCERY,PRODUCE,1861,0.00742,0.302,0.057,2.34,2042,0.91
BACON,ORAL HYGIENE PRODUCTS,MEAT-PCKGD,DRUG GM,701,0.00279,0.065,0.090,2.08,770,0.91
PNT BTR/JELLY/JAMS,SEAFOOD - FROZEN,GROCERY,SEAFOOD-PCKGD,750,0.00299,0.072,0.100,2.42,820,0.91
BACON,HAIR CARE PRODUCTS,MEAT-PCKGD,DRUG GM,717,0.00286,0.066,0.090,2.09,784,0.91
BACON,CARROTS,MEAT-PCKGD,PRODUCE,980,0.00391,0.090,0.117,2.70,1076,0.91
PORK,TROPICAL FRUIT,MEAT,PRODUCE,3524,0.01404,0.285,0.109,2.20,3867,0.91
PORK,VALUE ADDED FRUIT,MEAT,PRODUCE,631,0.00251,0.051,0.108,2.19,695,0.91
POTATOES,SNACK NUTS,PRODUCE,GROCERY,627,0.00250,0.041,0.134,2.20,688,0.91
BABY HBC,REFRGRATD JUICES/DRNKS,DRUG GM,GROCERY,666,0.00265,0.167,0.026,1.62,735,0.91
REFRGRATD JUICES/DRNKS,SALAD BAR,GROCERY,SALAD BAR,882,0.00351,0.034,0.105,1.02,972,0.91
REFRGRATD JUICES/DRNKS,SALADS/DIPS,GROCERY,DELI,1039,0.00414,0.040,0.173,1.67,1137,0.91
REFRGRATD JUICES/DRNKS,SPICES & EXTRACTS,GROCERY,GROCERY,1921,0.00765,0.074,0.203,1.97,2108,0.91
REFRGRATD JUICES/DRNKS,TEAS,GROCERY,GROCERY,719,0.00286,0.028,0.206,2.00,787,0.91
REFRGRATD JUICES/DRNKS,TOMATOES,GROCERY,PRODUCE,3071,0.01224,0.118,0.201,1.95,3380,0.91
ROLLS,SALD DRSNG/SNDWCH SPRD,PASTRY,GROCERY,630,0.00251,0.124,0.038,1.86,691,0.91
ROLLS,VEGETABLES - SHELF STABLE,PASTRY,GROCERY,876,0.00349,0.172,0.039,1.92,965,0.91
SALAD BAR,VEGETABLES SALAD,SALAD BAR,PRODUCE,382,0.00152,0.045,0.036,1.07,418,0.91
SALADS/DIPS,SEAFOOD - FROZEN,DELI,SEAFOOD-PCKGD,337,0.00134,0.056,0.045,1.87,370,0.91
SALD DRSNG/SNDWCH SPRD,TROPICAL FRUIT,GROCERY,PRODUCE,4707,0.01876,0.281,0.145,2.17,5155,0.91
VEGETABLES SALAD,WATER - CARBONATED/FLVRD DRINK,PRODUCE,GROCERY,1315,0.00524,0.123,0.073,1.72,1452,0.91
APPLES,COLD AND FLU,PRODUCE,DRUG GM,332,0.00132,0.025,0.068,1.29,364,0.91
SEAFOOD - SHELF STABLE,VALUE ADDED FRUIT,GROCERY,PRODUCE,435,0.00173,0.055,0.074,2.37,481,0.91
ANALGESICS,TROPICAL FRUIT,DRUG GM,PRODUCE,775,0.00309,0.183,0.024,1.41,852,0.91
SNACK NUTS,VEGETABLES SALAD,GROCERY,PRODUCE,414,0.00165,0.089,0.039,2.07,456,0.91
SOAP - LIQUID & BAR,SPICES & EXTRACTS,DRUG GM,GROCERY,478,0.00190,0.082,0.051,2.16,526,0.91
ANALGESICS,MARGARINES,DRUG GM,GROCERY,338,0.00135,0.080,0.025,1.48,373,0.91
SOFT DRINKS,SWEET GOODS & SNACKS,GROCERY,PASTRY,540,0.00215,0.008,0.338,1.18,596,0.91
SOUP,TOMATOES,GROCERY,PRODUCE,3319,0.01323,0.141,0.217,2.32,3628,0.91
CITRUS,HEAT/SERVE,PRODUCE,MEAT-PCKGD,465,0.00185,0.046,0.088,2.19,513,0.91
CITRUS,CONDIMENTS/SAUCES,PRODUCE,GROCERY,1626,0.00648,0.161,0.091,2.26,1785,0.91
CIGARETTES,SUGARS/SWEETNERS,DRUG GM,GROCERY,421,0.00168,0.039,0.041,0.94,464,0.91
CIGARETTES,MEAT - MISC,DRUG GM,MEAT-PCKGD,346,0.00138,0.032,0.041,0.94,379,0.91
FLUID MILK PRODUCTS,MUSHROOMS,GROCERY,PRODUCE,2397,0.00955,0.035,0.506,1.84,2652,0.90
MAKEUP AND TREATMENT,TOMATOES,COSMETICS,PRODUCE,397,0.00158,0.101,0.026,1.66,443,0.90
FLUID MILK PRODUCTS,ORGANICS FRUIT & VEGETABLES,GROCERY,PRODUCE,2618,0.01043,0.038,0.495,1.80,2898,0.90
APPLES,MARGARINES,PRODUCE,GROCERY,1695,0.00675,0.128,0.125,2.38,1894,0.90
DOMESTIC WINE,YOGURT,GROCERY,GROCERY,452,0.00180,0.100,0.026,1.42,500,0.90
BAKED BREAD/BUNS/ROLLS,DRIED FRUIT,GROCERY,NUTRITION,1490,0.00594,0.025,0.495,2.06,1649,0.90
BLEACH,CANDY - CHECKLANE,GROCERY,DRUG GM,359,0.00143,0.101,0.015,1.09,397,0.90
HAIR CARE PRODUCTS,HOT DOGS,DRUG GM,MEAT-PCKGD,682,0.00272,0.086,0.062,1.98,758,0.90
FLUID MILK PRODUCTS,PEPPERS-ALL,GROCERY,PRODUCE,4146,0.01652,0.060,0.504,1.83,4607,0.90
FLUID MILK PRODUCTS,PLASTIC HOUSEWARES,GROCERY,DRUG GM,1002,0.00399,0.014,0.459,1.66,1114,0.90
BAKED SWEET GOODS,EGGS,GROCERY,GROCERY,3993,0.01591,0.214,0.143,1.93,4420,0.90
FROZEN MEAT,SALADS/DIPS,MEAT-PCKGD,DELI,385,0.00153,0.047,0.064,1.96,427,0.90
CHICKEN,SOFT DRINKS,MEAT,GROCERY,5784,0.02305,0.384,0.081,1.35,6440,0.90
CANDY - CHECKLANE,FRUIT - SHELF STABLE,DRUG GM,GROCERY,1420,0.00566,0.061,0.107,1.15,1586,0.90
FLUID MILK PRODUCTS,PROCESSED,GROCERY,PRODUCE,2320,0.00924,0.034,0.494,1.79,2578,0.90
CHICKEN,SHAVING CARE PRODUCTS,MEAT,DRUG GM,373,0.00149,0.025,0.114,1.89,415,0.90
FLUID MILK PRODUCTS,STATIONERY & SCHOOL SUPPLIES,GROCERY,DRUG GM,1628,0.00649,0.024,0.351,1.27,1802,0.90
MEAT - SHELF STABLE,SALAD MIX,GROCERY,PRODUCE,2095,0.00835,0.152,0.135,2.46,2327,0.90
FLUID MILK PRODUCTS,TOMATOES,GROCERY,PRODUCE,7341,0.02925,0.106,0.481,1.74,8160,0.90
HAIR CARE PRODUCTS,MILK BY-PRODUCTS,DRUG GM,GROCERY,1187,0.00473,0.150,0.060,1.91,1325,0.90
FLUID MILK PRODUCTS,UNKNOWN,GROCERY,FROZEN GROCERY,522,0.00208,0.008,0.492,1.79,578,0.90
COOKIES/CONES,CORN,GROCERY,PRODUCE,380,0.00151,0.022,0.139,2.04,423,0.90
SALAD MIX,SHORTENING/OIL,PRODUCE,GROCERY,1208,0.00481,0.078,0.146,2.37,1347,0.90
BABY HBC,DELI MEATS,DRUG GM,DELI,474,0.00189,0.119,0.028,1.75,529,0.90
DISHWASH DETERGENTS,MEAT - SHELF STABLE,GROCERY,GROCERY,817,0.00326,0.131,0.059,2.39,911,0.90
BEEF,DRY MIX DESSERTS,MEAT,GROCERY,1696,0.00676,0.046,0.311,2.13,1879,0.90
FRZN POTATOES,SALAD MIX,GROCERY,PRODUCE,1144,0.00456,0.141,0.074,2.28,1272,0.90
DISHWASH DETERGENTS,FRZN POTATOES,GROCERY,GROCERY,448,0.00179,0.072,0.055,2.23,496,0.90
COOKIES,FRUIT - SHELF STABLE,PASTRY,GROCERY,347,0.00138,0.094,0.026,1.77,386,0.90
COOKIES,DRY NOODLES/PASTA,PASTRY,GROCERY,356,0.00142,0.096,0.025,1.73,397,0.90
CIGARETTES,FRZN MEAT/MEAT DINNERS,DRUG GM,GROCERY,916,0.00365,0.084,0.040,0.93,1022,0.90
DISHWASH DETERGENTS,FRZN MEAT/MEAT DINNERS,GROCERY,GROCERY,1086,0.00433,0.174,0.048,1.92,1206,0.90
BAKED BREAD/BUNS/ROLLS,CAKES,GROCERY,PASTRY,1286,0.00512,0.021,0.290,1.21,1422,0.90
PWDR/CRYSTL DRNK MX,SALAD MIX,GROCERY,PRODUCE,795,0.00317,0.149,0.051,2.42,881,0.90
BATH TISSUES,MELONS,GROCERY,PRODUCE,478,0.00190,0.035,0.111,2.04,530,0.90
CHEESE,DOMESTIC WINE,GROCERY,GROCERY,1160,0.00462,0.025,0.256,1.37,1293,0.90
BABY FOODS,MARGARINES,DRUG GM,GROCERY,385,0.00153,0.091,0.028,1.69,426,0.90
MELONS,PASTA SAUCE,PRODUCE,GROCERY,497,0.00198,0.115,0.042,2.46,555,0.90
BAKED BREAD/BUNS/ROLLS,BROOMS AND MOPS,GROCERY,DRUG GM,1328,0.00529,0.022,0.437,1.82,1478,0.90
BABY FOODS,LUNCHMEAT,DRUG GM,MEAT-PCKGD,618,0.00246,0.146,0.026,1.55,690,0.90
OLIVES,REFRGRATD JUICES/DRNKS,GROCERY,GROCERY,582,0.00232,0.220,0.022,2.13,647,0.90
HEAT/SERVE,SHORTENING/OIL,MEAT-PCKGD,GROCERY,400,0.00159,0.076,0.048,2.30,444,0.90
CANDY - CHECKLANE,DOG FOODS,DRUG GM,GROCERY,674,0.00269,0.029,0.095,1.02,745,0.90
REFRGRATD DOUGH PRODUCTS,WATER - CARBONATED/FLVRD DRINK,GROCERY,GROCERY,1743,0.00695,0.123,0.097,1.73,1941,0.90
HEAT/SERVE,PEPPERS-ALL,MEAT-PCKGD,PRODUCE,411,0.00164,0.078,0.050,2.38,456,0.90
DRY BN/VEG/POTATO/RICE,PAPER HOUSEWARES,GROCERY,GROCERY,948,0.00378,0.071,0.123,2.33,1057,0.90
CONVENIENT BRKFST/WHLSM SNACKS,OLIVES,GROCERY,GROCERY,409,0.00163,0.029,0.155,2.78,455,0.90
BATTERIES,CHEESE,DRUG GM,GROCERY,646,0.00257,0.287,0.014,1.54,716,0.90
BEEF,DISHWASH DETERGENTS,MEAT,GROCERY,1844,0.00735,0.050,0.296,2.03,2052,0.90
CHEESE,HAIR CARE PRODUCTS,GROCERY,DRUG GM,2688,0.01071,0.057,0.339,1.81,2981,0.90
BABY FOODS,CONDIMENTS/SAUCES,DRUG GM,GROCERY,507,0.00202,0.120,0.028,1.68,561,0.90
ROLLS,SOFT DRINKS,PASTRY,GROCERY,1776,0.00708,0.349,0.025,1.23,1975,0.90
REFRGRATD JUICES/DRNKS,VEGETABLES - SHELF STABLE,GROCERY,GROCERY,4772,0.01901,0.184,0.211,2.05,5278,0.90
DINNER SAUSAGE,LAUNDRY DETERGENTS,MEAT-PCKGD,GROCERY,696,0.00277,0.071,0.082,2.09,774,0.90
CHICKEN/POULTRY,LUNCHMEAT,DELI,MEAT-PCKGD,645,0.00257,0.110,0.027,1.16,716,0.90
DINNER SAUSAGE,GRAPES,MEAT-PCKGD,PRODUCE,914,0.00364,0.093,0.090,2.30,1015,0.90
BATH TISSUES,STONE FRUIT,GROCERY,PRODUCE,583,0.00232,0.043,0.106,1.96,650,0.90
FRZN NOVELTIES/WTR ICE,PROCESSED,GROCERY,PRODUCE,381,0.00152,0.037,0.081,1.97,425,0.90
BABY FOODS,BAKED BREAD/BUNS/ROLLS,DRUG GM,GROCERY,1496,0.00596,0.354,0.025,1.47,1662,0.90
CHEESE,LAUNDRY DETERGENTS,GROCERY,GROCERY,3071,0.01224,0.066,0.363,1.94,3416,0.90
CHEESE,LIQUOR,GROCERY,SPIRITS,485,0.00193,0.010,0.210,1.13,537,0.90
CONVENIENT BRKFST/WHLSM SNACKS,EGGS,GROCERY,GROCERY,3570,0.01423,0.255,0.128,2.30,3987,0.90
DRY BN/VEG/POTATO/RICE,ORAL HYGIENE PRODUCTS,GROCERY,DRUG GM,882,0.00351,0.067,0.113,2.14,975,0.90
CANDY - CHECKLANE,FACIAL TISS/DNR NAPKIN,DRUG GM,GROCERY,720,0.00287,0.031,0.105,1.13,796,0.90
LUNCHMEAT,SPICES & EXTRACTS,MEAT-PCKGD,GROCERY,1867,0.00744,0.079,0.197,2.09,2065,0.90
MEAT - SHELF STABLE,VALUE ADDED FRUIT,GROCERY,PRODUCE,723,0.00288,0.052,0.124,2.25,801,0.90
CHICKEN/POULTRY,CRACKERS/MISC BKD FD,DELI,GROCERY,639,0.00255,0.109,0.028,1.20,709,0.90
ONIONS,SALAD BAR,PRODUCE,SALAD BAR,548,0.00218,0.035,0.065,1.05,610,0.90
CANDY - PACKAGED,SOUP,DRUG GM,GROCERY,3132,0.01248,0.146,0.133,1.55,3462,0.90
BAKED SWEET GOODS,SNACK NUTS,GROCERY,GROCERY,648,0.00258,0.035,0.139,1.86,717,0.90
FRZN MEAT/MEAT DINNERS,HAND/BODY/FACIAL PRODUCTS,GROCERY,DRUG GM,452,0.00180,0.020,0.159,1.75,502,0.90
LUNCHMEAT,PEPPERS-ALL,MEAT-PCKGD,PRODUCE,1701,0.00678,0.072,0.207,2.19,1900,0.90
ORAL HYGIENE PRODUCTS,PORK,DRUG GM,MEAT,775,0.00309,0.099,0.063,2.02,861,0.90
LUNCHMEAT,PAPER TOWELS,MEAT-PCKGD,GROCERY,1980,0.00789,0.084,0.195,2.06,2200,0.90
ORAL HYGIENE PRODUCTS,POTATOES,DRUG GM,PRODUCE,959,0.00382,0.123,0.063,2.02,1067,0.90
FRZN VEGETABLE/VEG DSH,MELONS,GROCERY,PRODUCE,489,0.00195,0.038,0.113,2.23,544,0.90
BAKED SWEET GOODS,FACIAL TISS/DNR NAPKIN,GROCERY,GROCERY,1030,0.00410,0.055,0.150,2.02,1146,0.90
BEEF,TROPICAL FRUIT,MEAT,PRODUCE,9342,0.03723,0.255,0.288,1.97,10352,0.90
DRY MIX DESSERTS,PAPER TOWELS,GROCERY,GROCERY,513,0.00204,0.094,0.050,2.32,570,0.90
ORAL HYGIENE PRODUCTS,REFRGRATD DOUGH PRODUCTS,DRUG GM,GROCERY,863,0.00344,0.111,0.061,1.97,957,0.90
CITRUS,SMOKED MEATS,PRODUCE,MEAT,338,0.00135,0.033,0.086,2.14,376,0.90
ORAL HYGIENE PRODUCTS,SOFT DRINKS,DRUG GM,GROCERY,2772,0.01105,0.356,0.039,1.25,3092,0.90
DINNER MXS:DRY,ONIONS,GROCERY,PRODUCE,2159,0.00860,0.162,0.139,2.62,2401,0.90
CANNED JUICES,FLOUR & MEALS,GROCERY,GROCERY,524,0.00209,0.026,0.167,2.08,584,0.90
AIR CARE,CHEESE,GROCERY,GROCERY,1365,0.00544,0.358,0.029,1.92,1524,0.90
CANNED JUICES,MISCELLANEOUS,GROCERY,MEAT-PCKGD,401,0.00160,0.020,0.182,2.27,445,0.90
FRZN MEAT/MEAT DINNERS,MAKEUP AND TREATMENT,GROCERY,COSMETICS,538,0.00214,0.024,0.137,1.51,595,0.90
CANNED JUICES,MUSHROOMS,GROCERY,PRODUCE,865,0.00345,0.043,0.183,2.27,958,0.90
LAUNDRY DETERGENTS,SPICES & EXTRACTS,GROCERY,GROCERY,680,0.00271,0.080,0.072,2.13,754,0.90
AIR CARE,TROPICAL FRUIT,GROCERY,PRODUCE,961,0.00383,0.252,0.030,1.95,1069,0.90
EGGS,FROZEN PIZZA,GROCERY,GROCERY,4951,0.01973,0.178,0.214,1.93,5510,0.90
BAKED SWEET GOODS,YOGURT,GROCERY,GROCERY,2596,0.01034,0.139,0.148,1.98,2881,0.90
CANDY - CHECKLANE,PASTA SAUCE,DRUG GM,GROCERY,1255,0.00500,0.054,0.107,1.16,1397,0.90
EGGS,FRZN NOVELTIES/WTR ICE,GROCERY,GROCERY,2118,0.00844,0.076,0.205,1.84,2351,0.90
LAUNDRY DETERGENTS,SALADS/DIPS,GROCERY,DELI,352,0.00140,0.042,0.058,1.73,393,0.90
LAUNDRY DETERGENTS,SALAD MIX,GROCERY,PRODUCE,1119,0.00446,0.132,0.072,2.14,1240,0.90
CHICKEN,FRZN MEAT/MEAT DINNERS,MEAT,GROCERY,2654,0.01058,0.176,0.117,1.95,2938,0.90
BROCCOLI/CAULIFLOWER,DRY SAUCES/GRAVY,PRODUCE,GROCERY,312,0.00124,0.070,0.048,2.70,348,0.90
DINNER MXS:DRY,ELECTRICAL SUPPPLIES,GROCERY,DRUG GM,316,0.00126,0.024,0.119,2.25,350,0.90
LAUNDRY DETERGENTS,PROCESSED,GROCERY,PRODUCE,350,0.00139,0.041,0.075,2.21,387,0.90
DINNER MXS:DRY,DRIED FRUIT,GROCERY,NUTRITION,459,0.00183,0.035,0.152,2.87,511,0.90
COFFEE FILTERS,EGGS,DRUG GM,GROCERY,369,0.00147,0.225,0.013,2.03,412,0.90
EGGS,ORAL HYGIENE PRODUCTS,GROCERY,DRUG GM,1624,0.00647,0.058,0.208,1.88,1807,0.90
LAUNDRY DETERGENTS,LUNCHMEAT,GROCERY,MEAT-PCKGD,1547,0.00616,0.183,0.065,1.94,1717,0.90
BAG SNACKS,LAUNDRY ADDITIVES,GROCERY,GROCERY,1337,0.00533,0.032,0.301,1.80,1482,0.90
MILK BY-PRODUCTS,PET CARE SUPPLIES,GROCERY,GROCERY,361,0.00144,0.018,0.144,1.83,401,0.90
PAPER HOUSEWARES,TOMATOES,GROCERY,PRODUCE,992,0.00395,0.129,0.065,2.12,1098,0.90
PAPER HOUSEWARES,VEGETABLES - ALL OTHERS,GROCERY,PRODUCE,1079,0.00430,0.140,0.066,2.16,1197,0.90
MARGARINES,TROPICAL FRUIT,GROCERY,PRODUCE,3735,0.01488,0.276,0.115,2.13,4162,0.90
BREAKFAST SWEETS,YOGURT,PASTRY,GROCERY,805,0.00321,0.099,0.046,1.41,897,0.90
LAUNDRY ADDITIVES,PORK,GROCERY,MEAT,505,0.00201,0.114,0.041,2.30,562,0.90
FROZEN PIZZA,SALAD MIX,GROCERY,PRODUCE,2918,0.01163,0.126,0.188,2.04,3228,0.90
EGGS,SOAP - LIQUID & BAR,GROCERY,DRUG GM,1325,0.00528,0.048,0.226,2.04,1474,0.90
DIAPERS & DISPOSABLES,DRY NOODLES/PASTA,DRUG GM,GROCERY,403,0.00161,0.088,0.029,1.58,449,0.90
EGGS,SOFT DRINKS,GROCERY,GROCERY,10576,0.04214,0.380,0.148,1.33,11794,0.90
BEANS - CANNED GLASS & MW,WAREHOUSE SNACKS,GROCERY,GROCERY,522,0.00208,0.055,0.080,2.11,580,0.90
DEODORANTS,TROPICAL FRUIT,DRUG GM,PRODUCE,988,0.00394,0.232,0.030,1.80,1096,0.90
FRUIT - SHELF STABLE,TOMATOES,GROCERY,PRODUCE,2030,0.00809,0.153,0.133,2.51,2257,0.90
KITCHEN GADGETS,SOUP,DRUG GM,GROCERY,361,0.00144,0.189,0.015,2.02,401,0.90
KITCHEN GADGETS,SOFT DRINKS,DRUG GM,GROCERY,692,0.00276,0.363,0.010,1.27,767,0.90
CANNED JUICES,SQUASH,GROCERY,PRODUCE,392,0.00156,0.019,0.193,2.40,435,0.90
CANNED JUICES,TOMATOES,GROCERY,PRODUCE,2563,0.01021,0.127,0.168,2.09,2859,0.90
SOAP - LIQUID & BAR,SUGARS/SWEETNERS,DRUG GM,GROCERY,495,0.00197,0.084,0.048,2.06,552,0.90
CANNED JUICES,VALUE ADDED VEGETABLES,GROCERY,PRODUCE,374,0.00149,0.019,0.178,2.22,418,0.90
PASTA SAUCE,PROCESSED,GROCERY,PRODUCE,586,0.00234,0.050,0.125,2.67,649,0.90
ANALGESICS,MEAT - SHELF STABLE,DRUG GM,GROCERY,353,0.00141,0.083,0.026,1.51,393,0.90
DEODORANTS,MILK BY-PRODUCTS,DRUG GM,GROCERY,625,0.00249,0.147,0.032,1.87,695,0.90
ELECTRICAL SUPPPLIES,FROZEN PIZZA,DRUG GM,GROCERY,437,0.00174,0.165,0.019,1.79,484,0.90
BAKING MIXES,HEAT/SERVE,GROCERY,MEAT-PCKGD,514,0.00205,0.046,0.097,2.17,571,0.90
BAKED BREAD/BUNS/ROLLS,PEPPERS-ALL,GROCERY,PRODUCE,3999,0.01593,0.066,0.486,2.03,4448,0.90
MISC. DAIRY,PORK,GROCERY,MEAT,916,0.00365,0.125,0.074,2.53,1017,0.90
PASTA SAUCE,SEAFOOD-FRESH,GROCERY,SEAFOOD,382,0.00152,0.033,0.104,2.23,424,0.90
BAG SNACKS,EGGS,GROCERY,GROCERY,8198,0.03267,0.195,0.294,1.76,9155,0.90
CARROTS,COOKIES/CONES,PRODUCE,GROCERY,1347,0.00537,0.160,0.079,2.35,1500,0.90
CANDY - CHECKLANE,NEWSPAPER,DRUG GM,DRUG GM,399,0.00159,0.017,0.083,0.90,445,0.90
BEANS - CANNED GLASS & MW,ROLLS,GROCERY,PASTRY,374,0.00149,0.039,0.074,1.95,413,0.90
PEPPERS-ALL,POPCORN,PRODUCE,PRODUCE,312,0.00124,0.038,0.079,2.42,348,0.90
FACIAL TISS/DNR NAPKIN,ICE CREAM/MILK/SHERBTS,GROCERY,GROCERY,919,0.00366,0.134,0.046,1.68,1021,0.90
SMOKED MEATS,TOMATOES,MEAT,PRODUCE,518,0.00206,0.132,0.034,2.17,576,0.90
BREAKFAST SWEETS,HOT DOGS,PASTRY,MEAT-PCKGD,508,0.00202,0.062,0.047,1.43,564,0.90
MILK BY-PRODUCTS,WATER - CARBONATED/FLVRD DRINK,GROCERY,GROCERY,2384,0.00950,0.121,0.133,1.69,2661,0.90
PEPPERS-ALL,REFRGRATD DOUGH PRODUCTS,PRODUCE,GROCERY,1132,0.00451,0.138,0.080,2.45,1253,0.90
BAG SNACKS,CHRISTMAS  SEASONAL,GROCERY,DRUG GM,432,0.00172,0.010,0.228,1.36,481,0.90
GRAPES,LAUNDRY DETERGENTS,PRODUCE,GROCERY,739,0.00294,0.073,0.087,2.17,818,0.90
DELI MEATS,FRZN VEGETABLE/VEG DSH,DELI,GROCERY,1880,0.00749,0.110,0.148,2.16,2085,0.90
DELI MEATS,FROZEN MEAT,DELI,MEAT-PCKGD,1275,0.00508,0.075,0.155,2.28,1424,0.90
BAG SNACKS,BOOKSTORE,GROCERY,DRUG GM,329,0.00131,0.008,0.220,1.32,364,0.90
CITRUS,PWDR/CRYSTL DRNK MX,PRODUCE,GROCERY,500,0.00199,0.049,0.094,2.33,556,0.90
DELI MEATS,DRY NOODLES/PASTA,DELI,GROCERY,2230,0.00889,0.130,0.159,2.33,2468,0.90
GRAPES,MEAT - SHELF STABLE,PRODUCE,GROCERY,1386,0.00552,0.137,0.100,2.49,1540,0.90
DELI MEATS,DRIED FRUIT,DELI,NUTRITION,477,0.00190,0.028,0.158,2.32,533,0.90
CARROTS,PAPER HOUSEWARES,PRODUCE,GROCERY,606,0.00241,0.072,0.079,2.36,673,0.90
CHICKEN,HOUSEHOLD CLEANG NEEDS,MEAT,GROCERY,941,0.00375,0.063,0.127,2.13,1051,0.90
FROZEN PIZZA,MAKEUP AND TREATMENT,GROCERY,COSMETICS,557,0.00222,0.024,0.142,1.54,616,0.90
FD WRAPS/BAGS/TRSH BG,ICE CREAM/MILK/SHERBTS,GROCERY,GROCERY,1448,0.00577,0.129,0.072,1.61,1614,0.90
CRACKERS/MISC BKD FD,SQUASH,GROCERY,PRODUCE,482,0.00192,0.021,0.238,2.63,535,0.90
DRY MIX DESSERTS,REFRGRATD JUICES/DRNKS,GROCERY,GROCERY,1107,0.00441,0.203,0.043,1.97,1234,0.90
SHORTENING/OIL,SOFT DRINKS,GROCERY,GROCERY,3239,0.01291,0.392,0.045,1.38,3603,0.90
FD WRAPS/BAGS/TRSH BG,MELONS,GROCERY,PRODUCE,418,0.00167,0.037,0.097,2.16,464,0.90
DOG FOODS,YOGURT,GROCERY,GROCERY,872,0.00347,0.123,0.050,1.75,972,0.90
BAKING MIXES,STATIONERY & SCHOOL SUPPLIES,GROCERY,DRUG GM,306,0.00122,0.027,0.066,1.47,339,0.90
BACON,SOAP - LIQUID & BAR,MEAT-PCKGD,DRUG GM,573,0.00228,0.053,0.098,2.26,633,0.90
CARROTS,REFRGRATD JUICES/DRNKS,PRODUCE,GROCERY,1818,0.00724,0.216,0.070,2.10,2030,0.90
CARROTS,SHORTENING/OIL,PRODUCE,GROCERY,726,0.00289,0.086,0.088,2.63,803,0.90
APPLES,BACON,PRODUCE,MEAT-PCKGD,1439,0.00573,0.109,0.132,2.52,1590,0.90
FD WRAPS/BAGS/TRSH BG,ROLLS,GROCERY,PASTRY,403,0.00161,0.036,0.079,1.77,446,0.90
BEEF,OLIVES,MEAT,GROCERY,890,0.00355,0.024,0.337,2.30,991,0.90
APPLES,BAG SNACKS,PRODUCE,GROCERY,4159,0.01657,0.315,0.099,1.88,4625,0.90
CANDY - CHECKLANE,SHAVING CARE PRODUCTS,DRUG GM,DRUG GM,321,0.00128,0.014,0.098,1.06,358,0.90
CHEESES,TEAS,DELI,GROCERY,362,0.00144,0.032,0.104,2.30,404,0.90
BACON,ROLLS,MEAT-PCKGD,PASTRY,418,0.00167,0.038,0.082,1.90,462,0.90
BACON,PROCESSED,MEAT-PCKGD,PRODUCE,506,0.00202,0.047,0.108,2.49,565,0.90
BREAKFAST SAUSAGE/SANDWICHES,MUSHROOMS,MEAT-PCKGD,PRODUCE,512,0.00204,0.047,0.108,2.47,568,0.90
FEMININE HYGIENE,FLUID MILK PRODUCTS,DRUG GM,GROCERY,1540,0.00614,0.359,0.022,1.30,1703,0.90
MILK BY-PRODUCTS,ORAL HYGIENE PRODUCTS,GROCERY,DRUG GM,1174,0.00468,0.060,0.151,1.92,1304,0.90
CHEESES,SMOKED MEATS,DELI,MEAT,384,0.00153,0.034,0.098,2.17,428,0.90
CHEESES,REFRGRATD DOUGH PRODUCTS,DELI,GROCERY,1442,0.00575,0.127,0.102,2.26,1602,0.90
CAT FOOD,DINNER SAUSAGE,GROCERY,MEAT-PCKGD,432,0.00172,0.066,0.044,1.68,481,0.90
FEMININE HYGIENE,HISPANIC,DRUG GM,GROCERY,381,0.00152,0.089,0.027,1.56,424,0.90
APPLES,CANDY - CHECKLANE,PRODUCE,DRUG GM,1399,0.00557,0.106,0.060,1.14,1546,0.90
FRZN BREAKFAST FOODS,STONE FRUIT,GROCERY,PRODUCE,360,0.00143,0.049,0.066,2.26,398,0.90
BERRIES,PICKLE/RELISH/PKLD VEG,PRODUCE,GROCERY,558,0.00222,0.061,0.091,2.50,621,0.90
MARGARINES,SALAD MIX,GROCERY,PRODUCE,1933,0.00770,0.143,0.125,2.31,2156,0.90
GRAPES,SMOKED MEATS,PRODUCE,MEAT,355,0.00141,0.035,0.091,2.25,393,0.90
DOG FOODS,PASTA SAUCE,GROCERY,GROCERY,640,0.00255,0.090,0.055,1.93,713,0.90
AIR CARE,BAKED BREAD/BUNS/ROLLS,GROCERY,GROCERY,1626,0.00648,0.427,0.027,1.78,1811,0.90
MARGARINES,ROLLS,GROCERY,PASTRY,503,0.00200,0.037,0.099,1.83,558,0.90
FEMININE HYGIENE,LUNCHMEAT,DRUG GM,MEAT-PCKGD,587,0.00234,0.137,0.025,1.45,654,0.90
CIGARETTES,MILK BY-PRODUCTS,DRUG GM,GROCERY,811,0.00323,0.074,0.041,0.95,896,0.90
CANDY - CHECKLANE,SUGARS/SWEETNERS,DRUG GM,GROCERY,1063,0.00424,0.046,0.103,1.12,1175,0.90
CAT FOOD,PASTA SAUCE,GROCERY,GROCERY,556,0.00222,0.085,0.047,1.82,621,0.90
FEMININE HYGIENE,PORK,DRUG GM,MEAT,336,0.00134,0.078,0.027,1.59,372,0.90
PNT BTR/JELLY/JAMS,SOFT DRINKS,GROCERY,GROCERY,4112,0.01639,0.397,0.057,1.39,4551,0.90
PNT BTR/JELLY/JAMS,VALUE ADDED FRUIT,GROCERY,PRODUCE,532,0.00212,0.051,0.091,2.20,590,0.90
CHRISTMAS  SEASONAL,EGGS,DRUG GM,GROCERY,319,0.00127,0.169,0.011,1.52,356,0.90
BEANS - CANNED GLASS & MW,FROZEN PIE/DESSERTS,GROCERY,GROCERY,521,0.00208,0.055,0.081,2.14,576,0.90
BAKING NEEDS,FRZN BREAKFAST FOODS,GROCERY,GROCERY,669,0.00267,0.064,0.092,2.21,743,0.90
CAT FOOD,SHORTENING/OIL,GROCERY,GROCERY,374,0.00149,0.057,0.045,1.73,413,0.90
BREAKFAST SAUSAGE/SANDWICHES,DISHWASH DETERGENTS,MEAT-PCKGD,GROCERY,616,0.00245,0.056,0.099,2.26,683,0.90
GRAPES,VEGETABLES - SHELF STABLE,PRODUCE,GROCERY,2245,0.00895,0.222,0.099,2.47,2498,0.90
CITRUS,PAPER HOUSEWARES,PRODUCE,GROCERY,651,0.00259,0.064,0.085,2.10,720,0.90
FRZN BREAKFAST FOODS,MAGAZINE,GROCERY,DRUG GM,319,0.00127,0.044,0.044,1.52,353,0.90
BACON,DIAPERS & DISPOSABLES,MEAT-PCKGD,DRUG GM,306,0.00122,0.028,0.067,1.55,340,0.90
FROZEN PIE/DESSERTS,GRAPES,GROCERY,PRODUCE,521,0.00208,0.081,0.052,2.01,581,0.90
DRY MIX DESSERTS,WATER - CARBONATED/FLVRD DRINK,GROCERY,GROCERY,683,0.00272,0.125,0.038,1.75,762,0.90
COOKWARE & BAKEWARE,FLUID MILK PRODUCTS,DRUG GM,GROCERY,451,0.00180,0.441,0.007,1.60,500,0.90
CHEESES,HISPANIC,DELI,GROCERY,1483,0.00591,0.131,0.104,2.31,1640,0.90
MOLASSES/SYRUP/PANCAKE MIXS,ONIONS,GROCERY,PRODUCE,724,0.00288,0.160,0.047,2.59,801,0.90
BERRIES,SOAP - LIQUID & BAR,PRODUCE,DRUG GM,452,0.00180,0.050,0.077,2.12,504,0.90
DOG FOODS,FRUIT - SHELF STABLE,GROCERY,GROCERY,728,0.00290,0.102,0.055,1.93,812,0.90
CANDY - PACKAGED,CIGARETTES,DRUG GM,DRUG GM,858,0.00342,0.040,0.079,0.92,953,0.90
CAT LITTER,CHEESE,GROCERY,GROCERY,982,0.00391,0.333,0.021,1.78,1091,0.90
FRUIT - SHELF STABLE,ROLLS,GROCERY,PASTRY,533,0.00212,0.040,0.105,1.98,591,0.90
COOKIES/CONES,VEGETABLES SALAD,GROCERY,PRODUCE,1528,0.00609,0.089,0.143,2.09,1707,0.90
CANDY - CHECKLANE,ICE CREAM/MILK/SHERBTS,DRUG GM,GROCERY,1890,0.00753,0.081,0.094,1.02,2102,0.90
FRZN POTATOES,ORAL HYGIENE PRODUCTS,GROCERY,DRUG GM,493,0.00196,0.061,0.063,1.96,547,0.90
BAKED BREAD/BUNS/ROLLS,ORAL HYGIENE PRODUCTS,GROCERY,DRUG GM,3159,0.01259,0.052,0.405,1.69,3511,0.90
BACON,BROCCOLI/CAULIFLOWER,MEAT-PCKGD,PRODUCE,519,0.00207,0.048,0.116,2.68,575,0.90
BAKING NEEDS,SALAD MIX,GROCERY,PRODUCE,1362,0.00543,0.131,0.088,2.12,1512,0.90
COOKIES/CONES,PROCESSED,GROCERY,PRODUCE,714,0.00285,0.042,0.152,2.23,792,0.90
PORK,WAREHOUSE SNACKS,MEAT,GROCERY,648,0.00258,0.052,0.099,2.01,719,0.90
GREETING CARDS/WRAP/PARTY SPLY,PEPPERS-ALL,DRUG GM,PRODUCE,357,0.00142,0.047,0.043,1.44,397,0.90
CAT LITTER,LUNCHMEAT,GROCERY,MEAT-PCKGD,494,0.00197,0.167,0.021,1.77,548,0.90
CHEESES,DIAPERS & DISPOSABLES,DELI,DRUG GM,306,0.00122,0.027,0.067,1.48,340,0.90
MARGARINES,MUSHROOMS,GROCERY,PRODUCE,627,0.00250,0.046,0.132,2.45,696,0.90
VEGETABLES - SHELF STABLE,YOGURT,GROCERY,GROCERY,3796,0.01513,0.168,0.216,2.40,4222,0.90
DOG FOODS,DRY NOODLES/PASTA,GROCERY,GROCERY,750,0.00299,0.106,0.054,1.89,833,0.90
FROZEN MEAT,VEGETABLES SALAD,MEAT-PCKGD,PRODUCE,830,0.00331,0.101,0.078,2.37,924,0.90
BABY HBC,VEGETABLES SALAD,DRUG GM,PRODUCE,305,0.00122,0.077,0.028,1.80,341,0.90
FLOUR & MEALS,TOMATOES,GROCERY,PRODUCE,419,0.00167,0.134,0.027,2.20,465,0.90
BABY HBC,TOMATOES,DRUG GM,PRODUCE,438,0.00175,0.110,0.029,1.81,488,0.90
APPLES,HEAT/SERVE,PRODUCE,MEAT-PCKGD,643,0.00256,0.049,0.122,2.31,714,0.90
COOKIES/CONES,MILK BY-PRODUCTS,GROCERY,GROCERY,2828,0.01127,0.165,0.144,2.11,3127,0.90
BEERS/ALES,CARROTS,GROCERY,PRODUCE,689,0.00275,0.044,0.082,1.33,768,0.90
BAKED BREAD/BUNS/ROLLS,EYE AND EAR CARE PRODUCTS,GROCERY,DRUG GM,370,0.00147,0.006,0.334,1.39,412,0.90
CAKES,CANNED JUICES,PASTRY,GROCERY,436,0.00174,0.098,0.022,1.23,484,0.90
AIR CARE,HOT DOGS,GROCERY,MEAT-PCKGD,352,0.00140,0.092,0.032,2.12,390,0.90
POTATOES,SOFT DRINKS,PRODUCE,GROCERY,6050,0.02411,0.396,0.085,1.39,6705,0.90
FLUID MILK PRODUCTS,IMPORTED WINE,GROCERY,GROCERY,645,0.00257,0.009,0.373,1.35,715,0.90
MELONS,SPICES & EXTRACTS,PRODUCE,GROCERY,364,0.00145,0.084,0.038,2.23,404,0.90
MOLASSES/SYRUP/PANCAKE MIXS,VEGETABLES SALAD,GROCERY,PRODUCE,474,0.00189,0.105,0.044,2.46,529,0.90
BATH TISSUES,CHEESES,GROCERY,DELI,1266,0.00504,0.093,0.112,2.06,1410,0.90
CANDY - PACKAGED,PICKLE/RELISH/PKLD VEG,DRUG GM,GROCERY,849,0.00338,0.039,0.138,1.61,954,0.89
MILK BY-PRODUCTS,SHAVING CARE PRODUCTS,GROCERY,DRUG GM,479,0.00191,0.024,0.146,1.86,538,0.89
MILK BY-PRODUCTS,SALAD BAR,GROCERY,SALAD BAR,683,0.00272,0.035,0.081,1.04,765,0.89
BAKED BREAD/BUNS/ROLLS,REFRIGERATED,GROCERY,NUTRITION,2013,0.00802,0.033,0.390,1.62,2265,0.89
BAKED SWEET GOODS,BROOMS AND MOPS,GROCERY,DRUG GM,426,0.00170,0.023,0.140,1.88,477,0.89
MILK BY-PRODUCTS,PAPER TOWELS,GROCERY,GROCERY,1737,0.00692,0.088,0.171,2.18,1959,0.89
BAKED BREAD/BUNS/ROLLS,SEAFOOD - MISC,GROCERY,SEAFOOD-PCKGD,492,0.00196,0.008,0.433,1.81,551,0.89
MEAT - SHELF STABLE,ORAL HYGIENE PRODUCTS,GROCERY,DRUG GM,882,0.00351,0.064,0.113,2.06,994,0.89
BAKED BREAD/BUNS/ROLLS,SNACK NUTS,GROCERY,GROCERY,1991,0.00793,0.033,0.426,1.77,2231,0.89
BAKED BREAD/BUNS/ROLLS,SPICES & EXTRACTS,GROCERY,GROCERY,4335,0.01727,0.072,0.458,1.91,4857,0.89
DRY BN/VEG/POTATO/RICE,ROLLS,GROCERY,PASTRY,513,0.00204,0.039,0.101,1.91,576,0.89
BAKED BREAD/BUNS/ROLLS,SQUASH,GROCERY,PRODUCE,1013,0.00404,0.017,0.499,2.08,1140,0.89
FRZN MEAT/MEAT DINNERS,POTATOES,GROCERY,PRODUCE,2772,0.01105,0.122,0.181,2.00,3119,0.89
BEERS/ALES,VEGETABLES - SHELF STABLE,GROCERY,GROCERY,1803,0.00718,0.116,0.080,1.29,2033,0.89
BEERS/ALES,VEGETABLES SALAD,GROCERY,PRODUCE,837,0.00334,0.054,0.078,1.27,942,0.89
ANALGESICS,FROZEN PIZZA,DRUG GM,GROCERY,519,0.00207,0.122,0.022,1.33,584,0.89
FRZN POTATOES,LAUNDRY DETERGENTS,GROCERY,GROCERY,569,0.00227,0.070,0.067,2.08,642,0.89
COLD AND FLU,COLD CEREAL,DRUG GM,GROCERY,603,0.00240,0.124,0.024,1.23,677,0.89
SNACK NUTS,VEGETABLES - SHELF STABLE,GROCERY,GROCERY,926,0.00369,0.198,0.041,2.20,1041,0.89
ANALGESICS,SALAD MIX,DRUG GM,PRODUCE,382,0.00152,0.090,0.025,1.46,427,0.89
COLD AND FLU,POTATOES,DRUG GM,PRODUCE,372,0.00148,0.076,0.024,1.25,420,0.89
SMOKED MEATS,SOFT DRINKS,MEAT,GROCERY,1486,0.00592,0.379,0.021,1.33,1662,0.89
GRAPES,MARGARINES,PRODUCE,GROCERY,1271,0.00506,0.126,0.094,2.33,1421,0.89
COLD AND FLU,TROPICAL FRUIT,DRUG GM,PRODUCE,764,0.00304,0.157,0.024,1.21,855,0.89
BERRIES,HAIR CARE PRODUCTS,PRODUCE,DRUG GM,556,0.00222,0.061,0.070,1.93,625,0.89
CHEESES,VEGETABLES - SHELF STABLE,DELI,GROCERY,2423,0.00965,0.214,0.107,2.38,2714,0.89
BEANS - CANNED GLASS & MW,HOUSEHOLD CLEANG NEEDS,GROCERY,GROCERY,654,0.00261,0.069,0.089,2.34,737,0.89
BEERS/ALES,DRY SAUCES/GRAVY,GROCERY,GROCERY,520,0.00207,0.034,0.080,1.30,583,0.89
BEEF,FD WRAPS/BAGS/TRSH BG,MEAT,GROCERY,3280,0.01307,0.089,0.292,2.00,3688,0.89
BEERS/ALES,ISOTONIC DRINKS,GROCERY,GROCERY,385,0.00153,0.025,0.072,1.17,434,0.89
CHEESES,PASTA SAUCE,DELI,GROCERY,1315,0.00524,0.116,0.112,2.49,1481,0.89
COLD CEREAL,OLIVES,GROCERY,GROCERY,657,0.00262,0.026,0.249,2.48,742,0.89
APPLES,DINNER MXS:DRY,PRODUCE,GROCERY,1875,0.00747,0.142,0.141,2.68,2109,0.89
AIR CARE,BACON,GROCERY,MEAT-PCKGD,358,0.00143,0.094,0.033,2.17,404,0.89
CHEESES,FRZN VEGETABLE/VEG DSH,DELI,GROCERY,1285,0.00512,0.114,0.101,2.24,1448,0.89
SEAFOOD - FROZEN,SOAP - LIQUID & BAR,SEAFOOD-PCKGD,DRUG GM,371,0.00148,0.049,0.063,2.11,415,0.89
COLD CEREAL,VEGETABLES SALAD,GROCERY,PRODUCE,2336,0.00931,0.093,0.218,2.18,2625,0.89
FRUIT - SHELF STABLE,STATIONERY & SCHOOL SUPPLIES,GROCERY,DRUG GM,388,0.00155,0.029,0.084,1.58,438,0.89
GREETING CARDS/WRAP/PARTY SPLY,POTATOES,DRUG GM,PRODUCE,647,0.00258,0.085,0.042,1.40,724,0.89
CONDIMENTS/SAUCES,ELECTRICAL SUPPPLIES,GROCERY,DRUG GM,375,0.00149,0.021,0.142,1.99,419,0.89
BEERS/ALES,FRZN POTATOES,GROCERY,GROCERY,637,0.00254,0.041,0.079,1.27,713,0.89
BEANS - CANNED GLASS & MW,BUTTER,GROCERY,GROCERY,484,0.00193,0.051,0.098,2.59,545,0.89
SALAD MIX,WAREHOUSE SNACKS,PRODUCE,GROCERY,785,0.00313,0.051,0.120,1.94,884,0.89
GREETING CARDS/WRAP/PARTY SPLY,VEGETABLES - SHELF STABLE,DRUG GM,GROCERY,965,0.00385,0.127,0.043,1.41,1086,0.89
CHEESE,STONE FRUIT,GROCERY,PRODUCE,2011,0.00801,0.043,0.367,1.96,2264,0.89
BERRIES,WAREHOUSE SNACKS,PRODUCE,GROCERY,460,0.00183,0.050,0.070,1.94,515,0.89
BLEACH,BREAKFAST SAUSAGE/SANDWICHES,GROCERY,MEAT-PCKGD,317,0.00126,0.089,0.029,2.05,358,0.89
COFFEE,MEAT - MISC,GROCERY,MEAT-PCKGD,807,0.00322,0.070,0.096,2.10,911,0.89
SALAD MIX,STATIONERY & SCHOOL SUPPLIES,PRODUCE,DRUG GM,426,0.00170,0.027,0.092,1.49,478,0.89
SALAD MIX,SOFT DRINKS,PRODUCE,GROCERY,6010,0.02395,0.387,0.084,1.36,6746,0.89
APPLES,PAPER HOUSEWARES,PRODUCE,GROCERY,894,0.00356,0.068,0.116,2.21,1000,0.89
CHEESE,SALADS/DIPS,GROCERY,DELI,1948,0.00776,0.042,0.324,1.73,2194,0.89
CHEESE,REFRIGERATED,GROCERY,NUTRITION,1687,0.00672,0.036,0.326,1.75,1886,0.89
BLEACH,EGGS,GROCERY,GROCERY,766,0.00305,0.216,0.027,1.95,859,0.89
FROZEN MEAT,LAUNDRY ADDITIVES,MEAT-PCKGD,GROCERY,344,0.00137,0.042,0.077,2.36,387,0.89
FROZEN MEAT,GRAPES,MEAT-PCKGD,PRODUCE,810,0.00323,0.099,0.080,2.45,914,0.89
BLEACH,MILK BY-PRODUCTS,GROCERY,GROCERY,553,0.00220,0.156,0.028,1.99,621,0.89
HAIR CARE PRODUCTS,SHORTENING/OIL,DRUG GM,GROCERY,523,0.00208,0.066,0.063,2.00,586,0.89
BLEACH,REFRGRATD DOUGH PRODUCTS,GROCERY,GROCERY,406,0.00162,0.115,0.029,2.04,455,0.89
CHEESE,MISC WINE,GROCERY,GROCERY,348,0.00139,0.007,0.271,1.45,390,0.89
VEGETABLES - SHELF STABLE,WAREHOUSE SNACKS,GROCERY,GROCERY,1201,0.00479,0.053,0.184,2.04,1347,0.89
HAIR CARE PRODUCTS,VEGETABLES SALAD,DRUG GM,PRODUCE,642,0.00256,0.081,0.060,1.90,723,0.89
HAND/BODY/FACIAL PRODUCTS,REFRGRATD JUICES/DRNKS,DRUG GM,GROCERY,503,0.00200,0.177,0.019,1.71,563,0.89
BREAD,CANDY - PACKAGED,PASTRY,DRUG GM,928,0.00370,0.117,0.043,1.36,1044,0.89
HAND/BODY/FACIAL PRODUCTS,TOMATOES,DRUG GM,PRODUCE,338,0.00135,0.119,0.022,1.96,379,0.89
BEEF,KITCHEN GADGETS,MEAT,DRUG GM,510,0.00203,0.014,0.268,1.83,572,0.89
CHEESE,HOUSEHOLD CLEANG NEEDS,GROCERY,GROCERY,2701,0.01076,0.058,0.366,1.96,3037,0.89
REFRGRATD JUICES/DRNKS,VEGETABLES SALAD,GROCERY,PRODUCE,2093,0.00834,0.081,0.195,1.89,2355,0.89
CHEESE,FACIAL TISS/DNR NAPKIN,GROCERY,GROCERY,2673,0.01065,0.057,0.390,2.09,3012,0.89
HEAT/SERVE,PICKLE/RELISH/PKLD VEG,MEAT-PCKGD,GROCERY,312,0.00124,0.059,0.051,2.41,352,0.89
BREAD,DRY BN/VEG/POTATO/RICE,PASTRY,GROCERY,842,0.00336,0.106,0.063,2.00,942,0.89
BATH TISSUES,REFRIGERATED,GROCERY,NUTRITION,483,0.00192,0.035,0.093,1.72,542,0.89
CHEESE,EYE AND EAR CARE PRODUCTS,GROCERY,DRUG GM,304,0.00121,0.006,0.274,1.47,340,0.89
BATH TISSUES,PROCESSED,GROCERY,PRODUCE,542,0.00216,0.040,0.115,2.13,611,0.89
REFRGRATD DOUGH PRODUCTS,TROPICAL FRUIT,GROCERY,PRODUCE,3832,0.01527,0.271,0.118,2.10,4299,0.89
BABY FOODS,MILK BY-PRODUCTS,DRUG GM,GROCERY,538,0.00214,0.127,0.027,1.62,605,0.89
CONVENIENT BRKFST/WHLSM SNACKS,SHORTENING/OIL,GROCERY,GROCERY,1160,0.00462,0.083,0.140,2.52,1300,0.89
BREAD,HEAT/SERVE,PASTRY,MEAT-PCKGD,306,0.00122,0.038,0.058,1.83,345,0.89
BABY HBC,CONDIMENTS/SAUCES,DRUG GM,GROCERY,518,0.00206,0.130,0.029,1.83,579,0.89
BATH TISSUES,HISPANIC,GROCERY,GROCERY,1622,0.00646,0.119,0.114,2.10,1817,0.89
COOKIES,YOGURT,PASTRY,GROCERY,416,0.00166,0.113,0.024,1.61,469,0.89
FLUID MILK PRODUCTS,TOYS AND GAMES,GROCERY,DRUG GM,717,0.00286,0.010,0.377,1.37,806,0.89
FLUID MILK PRODUCTS,SINUS AND ALLERGY,GROCERY,DRUG GM,491,0.00196,0.007,0.292,1.06,555,0.89
FLUID MILK PRODUCTS,SEAFOOD - MISC,GROCERY,SEAFOOD-PCKGD,511,0.00204,0.007,0.450,1.63,577,0.89
POTATOES,WATER - CARBONATED/FLVRD DRINK,PRODUCE,GROCERY,1913,0.00762,0.125,0.107,1.75,2159,0.89
BATH TISSUES,DOMESTIC WINE,GROCERY,GROCERY,329,0.00131,0.024,0.073,1.34,368,0.89
FLUID MILK PRODUCTS,PAPER HOUSEWARES,GROCERY,GROCERY,3474,0.01384,0.050,0.452,1.64,3905,0.89
FLUID MILK PRODUCTS,ONIONS,GROCERY,PRODUCE,7536,0.03003,0.109,0.485,1.76,8448,0.89
BATH TISSUES,CITRUS,GROCERY,PRODUCE,1103,0.00440,0.081,0.109,2.01,1240,0.89
BABY HBC,REFRGRATD DOUGH PRODUCTS,DRUG GM,GROCERY,407,0.00162,0.102,0.029,1.82,457,0.89
FLUID MILK PRODUCTS,INFANT FORMULA,GROCERY,DRUG GM,631,0.00251,0.009,0.241,0.87,712,0.89
HISPANIC,SMOKED MEATS,GROCERY,MEAT,492,0.00196,0.035,0.126,2.21,550,0.89
FLUID MILK PRODUCTS,INFANT CARE PRODUCTS,GROCERY,DRUG GM,432,0.00172,0.006,0.381,1.38,487,0.89
BABY HBC,SALAD MIX,DRUG GM,PRODUCE,449,0.00179,0.113,0.029,1.83,505,0.89
FLUID MILK PRODUCTS,HARDWARE SUPPLIES,GROCERY,DRUG GM,458,0.00182,0.007,0.387,1.40,517,0.89
FLUID MILK PRODUCTS,HAND/BODY/FACIAL PRODUCTS,GROCERY,DRUG GM,1213,0.00483,0.018,0.427,1.55,1367,0.89
BATH,CHEESE,COSMETICS,GROCERY,337,0.00134,0.321,0.007,1.72,377,0.89
FLOUR & MEALS,TROPICAL FRUIT,GROCERY,PRODUCE,833,0.00332,0.266,0.026,2.05,931,0.89
FRZN BREAKFAST FOODS,SPICES & EXTRACTS,GROCERY,GROCERY,655,0.00261,0.090,0.069,2.38,738,0.89
BREAKFAST SAUSAGE/SANDWICHES,CANDY - PACKAGED,MEAT-PCKGD,DRUG GM,1436,0.00572,0.131,0.067,1.53,1620,0.89
FLOUR & MEALS,HOT DOGS,GROCERY,MEAT-PCKGD,305,0.00122,0.097,0.028,2.24,341,0.89
BACON,CANDY - CHECKLANE,MEAT-PCKGD,DRUG GM,1141,0.00455,0.105,0.049,1.13,1279,0.89
BACON,CITRUS,MEAT-PCKGD,PRODUCE,1010,0.00402,0.093,0.100,2.31,1139,0.89
HOT DOGS,LAUNDRY ADDITIVES,MEAT-PCKGD,GROCERY,433,0.00173,0.040,0.097,2.24,485,0.89
POPCORN,VEGETABLES SALAD,PRODUCE,PRODUCE,368,0.00147,0.094,0.034,2.19,415,0.89
POPCORN,TOMATOES,PRODUCE,PRODUCE,532,0.00212,0.135,0.035,2.23,596,0.89
BREAKFAST SAUSAGE/SANDWICHES,DOG FOODS,MEAT-PCKGD,GROCERY,551,0.00220,0.050,0.078,1.77,618,0.89
AIR CARE,BAKING NEEDS,GROCERY,GROCERY,305,0.00122,0.080,0.029,1.93,341,0.89
BAKING NEEDS,FRZN POTATOES,GROCERY,GROCERY,694,0.00277,0.067,0.086,2.07,782,0.89
CAT FOOD,SUGARS/SWEETNERS,GROCERY,GROCERY,435,0.00173,0.066,0.042,1.62,490,0.89
AIR CARE,FLUID MILK PRODUCTS,GROCERY,GROCERY,1681,0.00670,0.441,0.024,1.60,1898,0.89
COCOA MIXES,PEPPERS-ALL,GROCERY,PRODUCE,323,0.00129,0.085,0.039,2.58,364,0.89
CAT FOOD,SALAD MIX,GROCERY,PRODUCE,683,0.00272,0.104,0.044,1.68,766,0.89
FEMININE HYGIENE,REFRGRATD JUICES/DRNKS,DRUG GM,GROCERY,611,0.00243,0.142,0.024,1.38,683,0.89
BACON,ISOTONIC DRINKS,MEAT-PCKGD,GROCERY,469,0.00187,0.043,0.088,2.03,526,0.89
BREAKFAST SAUSAGE/SANDWICHES,FD WRAPS/BAGS/TRSH BG,MEAT-PCKGD,GROCERY,1088,0.00434,0.099,0.097,2.22,1227,0.89
HOUSEHOLD CLEANG NEEDS,MARGARINES,GROCERY,GROCERY,863,0.00344,0.117,0.064,2.17,967,0.89
CAT FOOD,FROZEN BREAD/DOUGH,GROCERY,GROCERY,323,0.00129,0.049,0.045,1.72,363,0.89
HOUSEHOLD CLEANG NEEDS,ONIONS,GROCERY,PRODUCE,991,0.00395,0.134,0.064,2.17,1116,0.89
CRACKERS/MISC BKD FD,MELONS,GROCERY,PRODUCE,870,0.00347,0.038,0.201,2.23,978,0.89
PLASTIC HOUSEWARES,TROPICAL FRUIT,DRUG GM,PRODUCE,561,0.00224,0.257,0.017,1.98,627,0.89
CAT FOOD,CONDIMENTS/SAUCES,GROCERY,GROCERY,778,0.00310,0.119,0.044,1.67,877,0.89
PICKLE/RELISH/PKLD VEG,VALUE ADDED FRUIT,GROCERY,PRODUCE,327,0.00130,0.053,0.056,2.28,367,0.89
CARROTS,SOAP - LIQUID & BAR,PRODUCE,DRUG GM,457,0.00182,0.054,0.078,2.33,512,0.89
HOUSEHOLD CLEANG NEEDS,TOMATOES,GROCERY,PRODUCE,950,0.00379,0.129,0.062,2.12,1064,0.89
ICE CREAM/MILK/SHERBTS,LAUNDRY DETERGENTS,GROCERY,GROCERY,1041,0.00415,0.052,0.123,1.54,1175,0.89
BACON,TROPICAL FRUIT,MEAT-PCKGD,PRODUCE,3090,0.01231,0.284,0.095,2.20,3471,0.89
FD WRAPS/BAGS/TRSH BG,LUNCHMEAT,GROCERY,MEAT-PCKGD,2119,0.00844,0.189,0.089,2.00,2376,0.89
BREAKFAST SAUSAGE/SANDWICHES,VEGETABLES SALAD,MEAT-PCKGD,PRODUCE,1047,0.00417,0.095,0.098,2.24,1180,0.89
CRACKERS/MISC BKD FD,TOMATOES,GROCERY,PRODUCE,3122,0.01244,0.138,0.205,2.26,3490,0.89
CRACKERS/MISC BKD FD,TURKEY,GROCERY,MEAT,577,0.00230,0.025,0.207,2.29,648,0.89
DELI MEATS,DRY SAUCES/GRAVY,DELI,GROCERY,995,0.00396,0.058,0.153,2.25,1121,0.89
BREAKFAST SWEETS,EGGS,PASTRY,GROCERY,1247,0.00497,0.153,0.045,1.38,1400,0.89
CARROTS,LAUNDRY ADDITIVES,PRODUCE,GROCERY,364,0.00145,0.043,0.082,2.44,408,0.89
ICE CREAM/MILK/SHERBTS,SEAFOOD - SHELF STABLE,GROCERY,GROCERY,1124,0.00448,0.056,0.143,1.78,1261,0.89
ICE CREAM/MILK/SHERBTS,SHAVING CARE PRODUCTS,GROCERY,DRUG GM,379,0.00151,0.019,0.115,1.44,426,0.89
FACIAL TISS/DNR NAPKIN,PASTA SAUCE,GROCERY,GROCERY,820,0.00327,0.120,0.070,2.56,926,0.89
ICE CREAM/MILK/SHERBTS,SPICES & EXTRACTS,GROCERY,GROCERY,1248,0.00497,0.062,0.132,1.65,1396,0.89
PEPPERS-ALL,REFRGRATD JUICES/DRNKS,PRODUCE,GROCERY,1719,0.00685,0.209,0.066,2.02,1933,0.89
BAG SNACKS,COFFEE,GROCERY,GROCERY,3198,0.01274,0.076,0.279,1.67,3582,0.89
ICE CREAM/MILK/SHERBTS,TURKEY,GROCERY,MEAT,366,0.00146,0.018,0.131,1.64,410,0.89
FACIAL TISS/DNR NAPKIN,HISPANIC,GROCERY,GROCERY,912,0.00363,0.133,0.064,2.34,1020,0.89
BREAKFAST SWEETS,MEAT - MISC,PASTRY,MEAT-PCKGD,390,0.00155,0.048,0.046,1.43,438,0.89
INFANT CARE PRODUCTS,SOFT DRINKS,DRUG GM,GROCERY,376,0.00150,0.331,0.005,1.16,421,0.89
FACIAL TISS/DNR NAPKIN,FROZEN BREAD/DOUGH,GROCERY,GROCERY,475,0.00189,0.069,0.066,2.42,532,0.89
CARROTS,CAT FOOD,PRODUCE,GROCERY,392,0.00156,0.047,0.060,1.79,442,0.89
ELECTRICAL SUPPPLIES,SALAD MIX,DRUG GM,PRODUCE,326,0.00130,0.123,0.021,1.99,365,0.89
PASTA SAUCE,SMOKED MEATS,GROCERY,MEAT,441,0.00176,0.038,0.113,2.41,496,0.89
PASTA SAUCE,ROLLS,GROCERY,PASTRY,459,0.00183,0.039,0.090,1.93,518,0.89
BAG SNACKS,FROZEN PIE/DESSERTS,GROCERY,GROCERY,1756,0.00700,0.042,0.273,1.63,1967,0.89
PAPER TOWELS,VEGETABLES - ALL OTHERS,GROCERY,PRODUCE,1486,0.00592,0.146,0.091,2.24,1674,0.89
KITCHEN GADGETS,REFRGRATD JUICES/DRNKS,DRUG GM,GROCERY,337,0.00134,0.177,0.013,1.71,379,0.89
PAPER TOWELS,TOMATOES,GROCERY,PRODUCE,1370,0.00546,0.135,0.090,2.22,1535,0.89
CANNED JUICES,SMOKED MEATS,GROCERY,MEAT,638,0.00254,0.032,0.163,2.03,718,0.89
PAPER TOWELS,SALADS/DIPS,GROCERY,DELI,444,0.00177,0.044,0.074,1.82,501,0.89
CANNED JUICES,SEAFOOD-FRESH,GROCERY,SEAFOOD,556,0.00222,0.028,0.151,1.88,623,0.89
CANNED JUICES,SALADS/DIPS,GROCERY,DELI,834,0.00332,0.041,0.139,1.72,941,0.89
LAUNDRY ADDITIVES,REFRGRATD JUICES/DRNKS,GROCERY,GROCERY,865,0.00345,0.194,0.033,1.88,969,0.89
DIETARY AID PRODUCTS,SOFT DRINKS,DRUG GM,GROCERY,610,0.00243,0.342,0.009,1.20,687,0.89
BAG SNACKS,MAGAZINE,GROCERY,DRUG GM,1579,0.00629,0.038,0.219,1.31,1766,0.89
DIETARY AID PRODUCTS,VEGETABLES - SHELF STABLE,DRUG GM,GROCERY,322,0.00128,0.181,0.014,2.01,360,0.89
PAPER HOUSEWARES,POTATOES,GROCERY,PRODUCE,1026,0.00409,0.134,0.067,2.19,1153,0.89
EGGS,FIRST AID PRODUCTS,GROCERY,DRUG GM,417,0.00166,0.015,0.158,1.42,470,0.89
DINNER MXS:DRY,ORAL HYGIENE PRODUCTS,GROCERY,DRUG GM,900,0.00359,0.068,0.115,2.18,1012,0.89
BAKED SWEET GOODS,TEAS,GROCERY,GROCERY,521,0.00208,0.028,0.149,2.01,585,0.89
BAG SNACKS,SALAD BAR,GROCERY,SALAD BAR,1383,0.00551,0.033,0.165,0.98,1560,0.89
BEERS/ALES,REFRIGERATED,GROCERY,NUTRITION,371,0.00148,0.024,0.072,1.16,417,0.89
BAG SNACKS,SHORTENING/OIL,GROCERY,GROCERY,2561,0.01020,0.061,0.310,1.85,2872,0.89
DINNER MXS:DRY,WATER - CARBONATED/FLVRD DRINK,GROCERY,GROCERY,1792,0.00714,0.135,0.100,1.88,2018,0.89
BAG SNACKS,SUGARS/SWEETNERS,GROCERY,GROCERY,3031,0.01208,0.072,0.295,1.76,3393,0.89
DINNER SAUSAGE,DISHWASH DETERGENTS,MEAT-PCKGD,GROCERY,530,0.00211,0.054,0.085,2.17,598,0.89
DRY SAUCES/GRAVY,GRAPES,GROCERY,PRODUCE,638,0.00254,0.098,0.063,2.44,720,0.89
BROOMS AND MOPS,DINNER MXS:DRY,DRUG GM,GROCERY,392,0.00156,0.129,0.029,2.43,440,0.89
DRY NOODLES/PASTA,WAREHOUSE SNACKS,GROCERY,GROCERY,756,0.00301,0.054,0.116,2.07,852,0.89
BROOMS AND MOPS,MILK BY-PRODUCTS,DRUG GM,GROCERY,496,0.00198,0.163,0.025,2.08,558,0.89
BAKED BREAD/BUNS/ROLLS,BATTERIES,GROCERY,DRUG GM,775,0.00309,0.013,0.344,1.43,867,0.89
BAKED BREAD/BUNS/ROLLS,BLEACH,GROCERY,GROCERY,1480,0.00590,0.025,0.417,1.74,1666,0.89
DRY NOODLES/PASTA,ROLLS,GROCERY,PASTRY,542,0.00216,0.039,0.107,1.91,607,0.89
OLIVES,REFRGRATD DOUGH PRODUCTS,GROCERY,GROCERY,380,0.00151,0.144,0.027,2.56,425,0.89
BROOMS AND MOPS,VEGETABLES - SHELF STABLE,DRUG GM,GROCERY,620,0.00247,0.204,0.027,2.27,697,0.89
CANDY - PACKAGED,PASTA SAUCE,DRUG GM,GROCERY,1630,0.00650,0.076,0.139,1.62,1829,0.89
BAKED BREAD/BUNS/ROLLS,CANNED MILK,GROCERY,GROCERY,755,0.00301,0.013,0.417,1.74,849,0.89
MAGAZINE,POTATOES,DRUG GM,PRODUCE,650,0.00259,0.090,0.043,1.48,733,0.89
BAKED BREAD/BUNS/ROLLS,CEREAL/BREAKFAST,GROCERY,NUTRITION,704,0.00281,0.012,0.482,2.01,789,0.89
BUTTER,COLD CEREAL,GROCERY,GROCERY,1157,0.00461,0.234,0.046,2.34,1296,0.89
MAGAZINE,TOMATOES,DRUG GM,PRODUCE,639,0.00255,0.088,0.042,1.45,720,0.89
DRY NOODLES/PASTA,MELONS,GROCERY,PRODUCE,573,0.00228,0.041,0.133,2.37,645,0.89
MAKEUP AND TREATMENT,SALD DRSNG/SNDWCH SPRD,COSMETICS,GROCERY,440,0.00175,0.112,0.026,1.68,495,0.89
CANDY - PACKAGED,DINNER MXS:DRY,DRUG GM,GROCERY,1866,0.00744,0.087,0.140,1.64,2095,0.89
BAKED SWEET GOODS,ORAL HYGIENE PRODUCTS,GROCERY,DRUG GM,998,0.00398,0.053,0.128,1.72,1124,0.89
DISPOSIBLE FOILWARE,SOFT DRINKS,DRUG GM,GROCERY,357,0.00142,0.354,0.005,1.24,400,0.89
DRY NOODLES/PASTA,FRZN NOVELTIES/WTR ICE,GROCERY,GROCERY,1171,0.00467,0.084,0.113,2.03,1314,0.89
BEERS/ALES,SALAD MIX,GROCERY,PRODUCE,1231,0.00491,0.079,0.079,1.28,1376,0.89
MISCELLANEOUS,TROPICAL FRUIT,MEAT-PCKGD,PRODUCE,626,0.00249,0.284,0.019,2.20,705,0.89
DOG FOODS,TROPICAL FRUIT,GROCERY,PRODUCE,1519,0.00605,0.214,0.047,1.65,1709,0.89
DRY MIX DESSERTS,SALAD MIX,GROCERY,PRODUCE,779,0.00310,0.143,0.050,2.31,880,0.89
BUTTER,SEAFOOD - SHELF STABLE,GROCERY,GROCERY,418,0.00167,0.084,0.053,2.69,469,0.89
DRY MIX DESSERTS,PORK,GROCERY,MEAT,645,0.00257,0.118,0.052,2.40,721,0.89
DRY MIX DESSERTS,PEPPERS-ALL,GROCERY,PRODUCE,443,0.00177,0.081,0.054,2.48,495,0.89
FRZN NOVELTIES/WTR ICE,VEGETABLES - ALL OTHERS,GROCERY,PRODUCE,1286,0.00512,0.124,0.079,1.91,1440,0.89
DRY MIX DESSERTS,LAUNDRY DETERGENTS,GROCERY,GROCERY,396,0.00158,0.073,0.047,2.16,444,0.89
BAKED SWEET GOODS,DISHWASH DETERGENTS,GROCERY,GROCERY,893,0.00356,0.048,0.143,1.93,1003,0.89
DOMESTIC WINE,SOFT DRINKS,GROCERY,GROCERY,1390,0.00554,0.307,0.019,1.08,1557,0.89
AIR CARE,SALAD MIX,GROCERY,PRODUCE,492,0.00196,0.129,0.032,2.09,552,0.89
BATH TISSUES,CARROTS,GROCERY,PRODUCE,1021,0.00407,0.075,0.122,2.24,1156,0.88
BAKED SWEET GOODS,CAT LITTER,GROCERY,GROCERY,368,0.00147,0.020,0.125,1.68,417,0.88
BAKED BREAD/BUNS/ROLLS,CHIPS&SNACKS,GROCERY,NUTRITION,723,0.00288,0.012,0.427,1.78,826,0.88
CHICKEN,ICE CREAM/MILK/SHERBTS,MEAT,GROCERY,1926,0.00767,0.128,0.096,1.60,2196,0.88
FROZEN MEAT,TROPICAL FRUIT,MEAT-PCKGD,PRODUCE,2329,0.00928,0.284,0.072,2.19,2644,0.88
CAT LITTER,SALAD MIX,GROCERY,PRODUCE,345,0.00137,0.117,0.022,1.89,391,0.88
BREAD,REFRGRATD DOUGH PRODUCTS,PASTRY,GROCERY,825,0.00329,0.104,0.058,1.84,939,0.88
FRZN BREAKFAST FOODS,PROCESSED,GROCERY,PRODUCE,334,0.00133,0.046,0.071,2.45,381,0.88
CONDIMENTS/SAUCES,GRAPES,GROCERY,PRODUCE,1649,0.00657,0.092,0.163,2.29,1866,0.88
SALADS/DIPS,SOUP,DELI,GROCERY,1042,0.00415,0.173,0.044,1.84,1179,0.88
VEGETABLES - SHELF STABLE,WATER - CARBONATED/FLVRD DRINK,GROCERY,GROCERY,2867,0.01142,0.127,0.160,1.77,3253,0.88
BAKING NEEDS,WAREHOUSE SNACKS,GROCERY,GROCERY,483,0.00192,0.046,0.074,1.78,548,0.88
CHEESES,CIGARETTES,DELI,DRUG GM,455,0.00181,0.040,0.042,0.92,516,0.88
CONDIMENTS/SAUCES,DOMESTIC WINE,GROCERY,GROCERY,450,0.00179,0.025,0.099,1.40,510,0.88
MAGAZINE,TROPICAL FRUIT,DRUG GM,PRODUCE,1311,0.00522,0.181,0.040,1.40,1485,0.88
BAKING NEEDS,SOAP - LIQUID & BAR,GROCERY,DRUG GM,471,0.00188,0.045,0.080,1.94,534,0.88
BEANS - CANNED GLASS & MW,CANDY - PACKAGED,GROCERY,DRUG GM,1287,0.00513,0.136,0.060,1.58,1462,0.88
HOT CEREAL,PEPPERS-ALL,GROCERY,PRODUCE,463,0.00184,0.083,0.056,2.52,525,0.88
BAKING NEEDS,SEAFOOD - FROZEN,GROCERY,SEAFOOD-PCKGD,633,0.00252,0.061,0.084,2.03,723,0.88
BACON,BERRIES,MEAT-PCKGD,PRODUCE,919,0.00366,0.085,0.101,2.33,1050,0.88
APPLES,FROZEN MEAT,PRODUCE,MEAT-PCKGD,1069,0.00426,0.081,0.130,2.47,1221,0.88
BEEF,STONE FRUIT,MEAT,PRODUCE,1552,0.00618,0.042,0.283,1.94,1763,0.88
BEANS - CANNED GLASS & MW,CHEESES,GROCERY,DELI,1030,0.00410,0.108,0.091,2.40,1172,0.88
HOT CEREAL,TOMATOES,GROCERY,PRODUCE,792,0.00316,0.141,0.052,2.32,895,0.88
CAT LITTER,CONDIMENTS/SAUCES,GROCERY,GROCERY,395,0.00157,0.134,0.022,1.88,449,0.88
HOT CEREAL,VEGETABLES - ALL OTHERS,GROCERY,PRODUCE,859,0.00342,0.153,0.053,2.35,979,0.88
CAT LITTER,CHICKEN,GROCERY,MEAT,326,0.00130,0.111,0.022,1.84,372,0.88
COLD CEREAL,PEPPERS-ALL,GROCERY,PRODUCE,1929,0.00769,0.077,0.235,2.34,2191,0.88
BAKED SWEET GOODS,POTATOES,GROCERY,PRODUCE,2294,0.00914,0.123,0.150,2.02,2600,0.88
FIRST AID PRODUCTS,SOUP,DRUG GM,GROCERY,362,0.00144,0.137,0.015,1.46,411,0.88
FIRST AID PRODUCTS,SOFT DRINKS,DRUG GM,GROCERY,798,0.00318,0.302,0.011,1.06,908,0.88
CANDY - PACKAGED,DRY SAUCES/GRAVY,DRUG GM,GROCERY,865,0.00345,0.040,0.133,1.56,982,0.88
BACON,FACIAL TISS/DNR NAPKIN,MEAT-PCKGD,GROCERY,712,0.00284,0.066,0.104,2.40,806,0.88
ANALGESICS,BAKED BREAD/BUNS/ROLLS,DRUG GM,GROCERY,1321,0.00526,0.312,0.022,1.30,1493,0.88
COLD CEREAL,NUTS,GROCERY,PRODUCE,420,0.00167,0.017,0.229,2.28,475,0.88
HOT DOGS,PEPPERS-ALL,MEAT-PCKGD,PRODUCE,857,0.00341,0.078,0.104,2.40,976,0.88
AIR CARE,BEANS - CANNED GLASS & MW,GROCERY,GROCERY,323,0.00129,0.085,0.034,2.24,366,0.88
PNT BTR/JELLY/JAMS,VEGETABLES SALAD,GROCERY,PRODUCE,1005,0.00400,0.097,0.094,2.27,1144,0.88
COLD CEREAL,MILK BY-PRODUCTS,GROCERY,GROCERY,4218,0.01681,0.168,0.214,2.14,4809,0.88
COFFEE,FRZN NOVELTIES/WTR ICE,GROCERY,GROCERY,809,0.00322,0.071,0.078,1.71,919,0.88
HOT DOGS,SNACK NUTS,MEAT-PCKGD,GROCERY,424,0.00169,0.039,0.091,2.08,479,0.88
HOT DOGS,SOAP - LIQUID & BAR,MEAT-PCKGD,DRUG GM,540,0.00215,0.049,0.092,2.12,611,0.88
HOT DOGS,STONE FRUIT,MEAT-PCKGD,PRODUCE,503,0.00200,0.046,0.092,2.11,574,0.88
CAT FOOD,REFRGRATD DOUGH PRODUCTS,GROCERY,GROCERY,610,0.00243,0.093,0.043,1.65,691,0.88
DISHWASH DETERGENTS,SALAD MIX,GROCERY,PRODUCE,844,0.00336,0.136,0.054,2.19,958,0.88
BREAKFAST SAUSAGE/SANDWICHES,GRAPES,MEAT-PCKGD,PRODUCE,1017,0.00405,0.093,0.101,2.30,1159,0.88
MAKEUP AND TREATMENT,SOFT DRINKS,COSMETICS,GROCERY,1261,0.00502,0.321,0.018,1.13,1430,0.88
CANDY - PACKAGED,DINNER SAUSAGE,DRUG GM,MEAT-PCKGD,1269,0.00506,0.059,0.129,1.50,1437,0.88
CITRUS,LAUNDRY ADDITIVES,PRODUCE,GROCERY,381,0.00152,0.038,0.086,2.13,434,0.88
HOUSEHOLD CLEANG NEEDS,PEPPERS-ALL,GROCERY,PRODUCE,550,0.00219,0.074,0.067,2.27,622,0.88
CHEESES,SPICES & EXTRACTS,DELI,GROCERY,951,0.00379,0.084,0.101,2.23,1075,0.88
BREAKFAST SAUSAGE/SANDWICHES,LAUNDRY DETERGENTS,MEAT-PCKGD,GROCERY,778,0.00310,0.071,0.092,2.10,884,0.88
CAT FOOD,CHEESES,GROCERY,DELI,486,0.00194,0.074,0.043,1.64,553,0.88
APPLES,BEEF,PRODUCE,MEAT,4087,0.01629,0.309,0.111,2.12,4627,0.88
CHEESES,STATIONERY & SCHOOL SUPPLIES,DELI,DRUG GM,303,0.00121,0.027,0.065,1.45,346,0.88
BREAKFAST SAUSAGE/SANDWICHES,PAPER HOUSEWARES,MEAT-PCKGD,GROCERY,711,0.00283,0.065,0.093,2.12,811,0.88
CHICKEN,COOKIES,MEAT,PASTRY,352,0.00140,0.023,0.095,1.59,399,0.88
FRZN MEAT/MEAT DINNERS,SMOKED MEATS,GROCERY,MEAT,658,0.00262,0.029,0.168,1.85,751,0.88
DISHWASH DETERGENTS,VEGETABLES - ALL OTHERS,GROCERY,PRODUCE,883,0.00352,0.142,0.054,2.18,1007,0.88
CARROTS,PWDR/CRYSTL DRNK MX,PRODUCE,GROCERY,465,0.00185,0.055,0.087,2.61,527,0.88
GRAPES,PAPER TOWELS,PRODUCE,GROCERY,923,0.00368,0.091,0.091,2.25,1051,0.88
FD WRAPS/BAGS/TRSH BG,MEAT - MISC,GROCERY,MEAT-PCKGD,850,0.00339,0.076,0.101,2.26,964,0.88
BAKED BREAD/BUNS/ROLLS,ELECTRICAL SUPPPLIES,GROCERY,DRUG GM,1067,0.00425,0.018,0.403,1.68,1211,0.88
FROZEN PIZZA,MAGAZINE,GROCERY,DRUG GM,892,0.00355,0.039,0.123,1.34,1009,0.88
BEANS - CANNED GLASS & MW,PROCESSED,GROCERY,PRODUCE,452,0.00180,0.048,0.096,2.55,512,0.88
BREAKFAST SAUSAGE/SANDWICHES,WATER - CARBONATED/FLVRD DRINK,MEAT-PCKGD,GROCERY,1341,0.00534,0.122,0.075,1.71,1527,0.88
MEAT - MISC,PAPER TOWELS,MEAT-PCKGD,GROCERY,780,0.00311,0.093,0.077,2.29,891,0.88
ICE CREAM/MILK/SHERBTS,ONIONS,GROCERY,PRODUCE,2044,0.00814,0.102,0.131,1.64,2327,0.88
CANDY - CHECKLANE,HOT CEREAL,DRUG GM,GROCERY,578,0.00230,0.025,0.103,1.11,657,0.88
DELI MEATS,DRY BN/VEG/POTATO/RICE,DELI,GROCERY,2061,0.00821,0.120,0.155,2.28,2349,0.88
BREAKFAST SWEETS,CIGARETTES,PASTRY,DRUG GM,317,0.00126,0.039,0.029,0.89,359,0.88
PET CARE SUPPLIES,SALD DRSNG/SNDWCH SPRD,GROCERY,GROCERY,311,0.00124,0.124,0.019,1.86,352,0.88
COLD AND FLU,SALAD MIX,DRUG GM,PRODUCE,371,0.00148,0.076,0.024,1.23,422,0.88
BREAKFAST SWEETS,DINNER SAUSAGE,PASTRY,MEAT-PCKGD,445,0.00177,0.055,0.045,1.39,505,0.88
SHORTENING/OIL,WATER - CARBONATED/FLVRD DRINK,GROCERY,GROCERY,1025,0.00408,0.124,0.057,1.73,1163,0.88
ICE CREAM/MILK/SHERBTS,REFRIGERATED,GROCERY,NUTRITION,583,0.00232,0.029,0.113,1.41,663,0.88
DOG FOODS,EGGS,GROCERY,GROCERY,1314,0.00524,0.185,0.047,1.66,1494,0.88
BAG SNACKS,CARROTS,GROCERY,PRODUCE,2717,0.01083,0.065,0.323,1.93,3081,0.88
FACIAL TISS/DNR NAPKIN,SEAFOOD - FROZEN,GROCERY,SEAFOOD-PCKGD,465,0.00185,0.068,0.062,2.27,526,0.88
FACIAL TISS/DNR NAPKIN,REFRGRATD DOUGH PRODUCTS,GROCERY,GROCERY,872,0.00347,0.127,0.062,2.26,996,0.88
BAG SNACKS,CAT LITTER,GROCERY,GROCERY,768,0.00306,0.018,0.260,1.56,872,0.88
BAG SNACKS,CHICKEN/POULTRY,GROCERY,DELI,1065,0.00424,0.025,0.181,1.08,1216,0.88
DELI MEATS,PEPPERS-ALL,DELI,PRODUCE,1255,0.00500,0.073,0.153,2.24,1426,0.88
CARROTS,FRZN NOVELTIES/WTR ICE,PRODUCE,GROCERY,703,0.00280,0.084,0.068,2.03,800,0.88
BEERS/ALES,FROZEN MEAT,GROCERY,MEAT-PCKGD,648,0.00258,0.042,0.079,1.28,738,0.88
CHICKEN,FACIAL TISS/DNR NAPKIN,MEAT,GROCERY,918,0.00366,0.061,0.134,2.24,1042,0.88
MARGARINES,PEPPERS-ALL,GROCERY,PRODUCE,1067,0.00425,0.079,0.130,2.40,1209,0.88
BREAKFAST SWEETS,LAUNDRY DETERGENTS,PASTRY,GROCERY,360,0.00143,0.044,0.043,1.31,411,0.88
DRY BN/VEG/POTATO/RICE,SHAVING CARE PRODUCTS,GROCERY,DRUG GM,355,0.00141,0.027,0.108,2.04,403,0.88
DRY NOODLES/PASTA,FACIAL TISS/DNR NAPKIN,GROCERY,GROCERY,941,0.00375,0.067,0.137,2.46,1074,0.88
PEPPERS-ALL,PNT BTR/JELLY/JAMS,PRODUCE,GROCERY,848,0.00338,0.103,0.082,2.50,964,0.88
BAG SNACKS,COFFEE FILTERS,GROCERY,DRUG GM,465,0.00185,0.011,0.283,1.69,528,0.88
CANDY - CHECKLANE,CHEESE,DRUG GM,GROCERY,4683,0.01866,0.202,0.100,1.08,5332,0.88
PASTA SAUCE,VEGETABLES - ALL OTHERS,GROCERY,PRODUCE,1901,0.00757,0.162,0.116,2.49,2169,0.88
BEEF,PAPER HOUSEWARES,MEAT,GROCERY,2166,0.00863,0.059,0.282,1.93,2451,0.88
DEODORANTS,FRUIT - SHELF STABLE,DRUG GM,GROCERY,472,0.00188,0.111,0.036,2.10,534,0.88
PASTA SAUCE,STONE FRUIT,GROCERY,PRODUCE,595,0.00237,0.051,0.109,2.32,673,0.88
ELECTRICAL SUPPPLIES,SALD DRSNG/SNDWCH SPRD,DRUG GM,GROCERY,349,0.00139,0.132,0.021,1.97,396,0.88
CANNED MILK,SOFT DRINKS,GROCERY,GROCERY,647,0.00258,0.357,0.009,1.25,734,0.88
BREAKFAST SWEETS,PNT BTR/JELLY/JAMS,PASTRY,GROCERY,475,0.00189,0.058,0.046,1.41,540,0.88
CANNED MILK,COLD CEREAL,GROCERY,GROCERY,359,0.00143,0.198,0.014,1.98,410,0.88
AIR CARE,ICE CREAM/MILK/SHERBTS,GROCERY,GROCERY,464,0.00185,0.122,0.023,1.52,526,0.88
ANALGESICS,MILK BY-PRODUCTS,DRUG GM,GROCERY,468,0.00186,0.110,0.024,1.41,532,0.88
DOG FOODS,ONIONS,GROCERY,PRODUCE,768,0.00306,0.108,0.049,1.74,877,0.88
TOYS AND GAMES,TROPICAL FRUIT,DRUG GM,PRODUCE,381,0.00152,0.201,0.012,1.55,435,0.88
EGGS,WAREHOUSE SNACKS,GROCERY,GROCERY,1334,0.00532,0.048,0.204,1.84,1513,0.88
EGGS,VALUE ADDED FRUIT,GROCERY,PRODUCE,1284,0.00512,0.046,0.220,1.98,1463,0.88
CANDY - CHECKLANE,MILK BY-PRODUCTS,DRUG GM,GROCERY,2008,0.00800,0.086,0.102,1.10,2274,0.88
SOAP - LIQUID & BAR,TOMATOES,DRUG GM,PRODUCE,734,0.00292,0.125,0.048,2.06,834,0.88
KITCHEN GADGETS,TROPICAL FRUIT,DRUG GM,PRODUCE,455,0.00181,0.239,0.014,1.85,514,0.88
ANALGESICS,LUNCHMEAT,DRUG GM,MEAT-PCKGD,538,0.00214,0.127,0.023,1.34,613,0.88
CHICKEN/POULTRY,POTATOES,DELI,PRODUCE,425,0.00169,0.072,0.028,1.19,482,0.88
CAKES,TROPICAL FRUIT,PASTRY,PRODUCE,700,0.00279,0.158,0.022,1.22,794,0.88
DIAPERS & DISPOSABLES,MARGARINES,DRUG GM,GROCERY,360,0.00143,0.079,0.027,1.46,410,0.88
EGGS,PROCESSED,GROCERY,PRODUCE,1154,0.00460,0.041,0.246,2.21,1305,0.88
SOFT DRINKS,SPICES & EXTRACTS,GROCERY,GROCERY,3576,0.01425,0.050,0.378,1.33,4079,0.88
EGGS,PLASTIC HOUSEWARES,GROCERY,DRUG GM,485,0.00193,0.017,0.222,2.00,551,0.88
COFFEE FILTERS,SOFT DRINKS,DRUG GM,GROCERY,598,0.00238,0.364,0.008,1.28,682,0.88
FROZEN PIZZA,STATIONERY & SCHOOL SUPPLIES,GROCERY,DRUG GM,575,0.00229,0.025,0.124,1.35,652,0.88
CANNED JUICES,PIES,GROCERY,PASTRY,337,0.00134,0.017,0.121,1.51,383,0.88
SOFT DRINKS,TOMATOES,GROCERY,PRODUCE,5814,0.02317,0.081,0.381,1.34,6591,0.88
LAUNDRY DETERGENTS,MILK BY-PRODUCTS,GROCERY,GROCERY,1336,0.00532,0.158,0.068,2.01,1526,0.88
BROCCOLI/CAULIFLOWER,COLD CEREAL,PRODUCE,GROCERY,1093,0.00436,0.245,0.043,2.44,1235,0.88
SUGARS/SWEETNERS,WAREHOUSE SNACKS,GROCERY,GROCERY,499,0.00199,0.049,0.076,1.86,564,0.88
DRY BN/VEG/POTATO/RICE,SNACK NUTS,GROCERY,GROCERY,552,0.00220,0.042,0.118,2.23,631,0.88
FRZN MEAT/MEAT DINNERS,TURKEY,GROCERY,MEAT,485,0.00193,0.021,0.174,1.92,552,0.88
BAKING MIXES,BROCCOLI/CAULIFLOWER,GROCERY,PRODUCE,485,0.00193,0.043,0.109,2.41,548,0.88
LAUNDRY DETERGENTS,ORGANICS FRUIT & VEGETABLES,GROCERY,PRODUCE,382,0.00152,0.045,0.072,2.14,434,0.88
BAKING MIXES,BREAKFAST SWEETS,GROCERY,PASTRY,500,0.00199,0.044,0.061,1.36,566,0.88
BUTTER,PASTA SAUCE,GROCERY,GROCERY,608,0.00242,0.123,0.052,2.63,691,0.88
CANNED JUICES,ONIONS,GROCERY,PRODUCE,2623,0.01045,0.130,0.169,2.10,2993,0.88
FROZEN PIZZA,VALUE ADDED FRUIT,GROCERY,PRODUCE,990,0.00394,0.043,0.169,1.84,1126,0.88
DOMESTIC WINE,EGGS,GROCERY,GROCERY,689,0.00275,0.152,0.025,1.37,781,0.88
SOFT DRINKS,YOGURT,GROCERY,GROCERY,6655,0.02652,0.093,0.378,1.33,7553,0.88
ANALGESICS,EGGS,DRUG GM,GROCERY,655,0.00261,0.154,0.024,1.39,742,0.88
LAUNDRY DETERGENTS,TOMATOES,GROCERY,PRODUCE,1051,0.00419,0.124,0.069,2.04,1195,0.88
LAUNDRY DETERGENTS,VEGETABLES - ALL OTHERS,GROCERY,PRODUCE,1153,0.00459,0.136,0.071,2.09,1303,0.88
FRZN MEAT/MEAT DINNERS,PEARS,GROCERY,PRODUCE,369,0.00147,0.016,0.187,2.06,419,0.88
FRZN NOVELTIES/WTR ICE,SPICES & EXTRACTS,GROCERY,GROCERY,734,0.00292,0.071,0.078,1.88,830,0.88
BAG SNACKS,POTATOES,GROCERY,PRODUCE,4675,0.01863,0.111,0.306,1.83,5338,0.88
CANNED JUICES,CHICKEN/POULTRY,GROCERY,DELI,537,0.00214,0.027,0.091,1.14,610,0.88
FRZN MEAT/MEAT DINNERS,PLASTIC HOUSEWARES,GROCERY,DRUG GM,361,0.00144,0.016,0.165,1.82,409,0.88
LUNCHMEAT,ONIONS,MEAT-PCKGD,PRODUCE,3024,0.01205,0.128,0.194,2.06,3446,0.88
FRZN MEAT/MEAT DINNERS,PROCESSED,GROCERY,PRODUCE,841,0.00335,0.037,0.179,1.98,961,0.88
BEEF,SOAP - LIQUID & BAR,MEAT,DRUG GM,1631,0.00650,0.044,0.278,1.90,1863,0.88
DINNER MXS:DRY,TROPICAL FRUIT,GROCERY,PRODUCE,3995,0.01592,0.300,0.123,2.32,4520,0.88
BAG SNACKS,SPICES & EXTRACTS,GROCERY,GROCERY,2825,0.01126,0.067,0.299,1.79,3218,0.88
BEEF,VALUE ADDED VEGETABLES,MEAT,PRODUCE,650,0.00259,0.018,0.310,2.12,737,0.88
CANDY - PACKAGED,STONE FRUIT,DRUG GM,PRODUCE,683,0.00272,0.032,0.125,1.45,775,0.88
CIGARETTES,CONDIMENTS/SAUCES,DRUG GM,GROCERY,711,0.00283,0.065,0.040,0.92,807,0.88
CHICKEN,LAUNDRY ADDITIVES,MEAT,GROCERY,576,0.00230,0.038,0.129,2.16,651,0.88
BAG SNACKS,TROPICAL FRUIT,GROCERY,PRODUCE,9273,0.03695,0.221,0.286,1.71,10488,0.88
LUNCHMEAT,SEAFOOD-FRESH,MEAT-PCKGD,SEAFOOD,637,0.00254,0.027,0.173,1.84,724,0.88
ONIONS,PWDR/CRYSTL DRNK MX,PRODUCE,GROCERY,780,0.00311,0.050,0.147,2.37,889,0.88
DRY NOODLES/PASTA,STONE FRUIT,GROCERY,PRODUCE,694,0.00277,0.050,0.127,2.27,785,0.88
CANDY - CHECKLANE,DRY SAUCES/GRAVY,DRUG GM,GROCERY,669,0.00267,0.029,0.103,1.11,761,0.88
LUNCHMEAT,STONE FRUIT,MEAT-PCKGD,PRODUCE,1005,0.00400,0.042,0.183,1.94,1136,0.88
BROOMS AND MOPS,LUNCHMEAT,DRUG GM,MEAT-PCKGD,555,0.00221,0.183,0.023,1.93,627,0.88
BOOKSTORE,CHEESE,DRUG GM,GROCERY,389,0.00155,0.261,0.008,1.40,441,0.88
BLEACH,VEGETABLES - ALL OTHERS,GROCERY,PRODUCE,463,0.00184,0.131,0.028,2.01,529,0.88
BAKED BREAD/BUNS/ROLLS,VEGETABLES - ALL OTHERS,GROCERY,PRODUCE,7480,0.02981,0.124,0.458,1.91,8454,0.88
CHEESE,KITCHEN GADGETS,GROCERY,DRUG GM,649,0.00259,0.014,0.341,1.82,734,0.88
BATH TISSUES,TURKEY,GROCERY,MEAT,307,0.00122,0.023,0.110,2.03,350,0.88
DRY BN/VEG/POTATO/RICE,MELONS,GROCERY,PRODUCE,541,0.00216,0.041,0.125,2.37,615,0.88
BROOMS AND MOPS,ONIONS,DRUG GM,PRODUCE,401,0.00160,0.132,0.026,2.13,457,0.88
CANDY - PACKAGED,REFRGRATD JUICES/DRNKS,DRUG GM,GROCERY,3030,0.01207,0.141,0.117,1.36,3434,0.88
HAIR CARE PRODUCTS,VALUE ADDED FRUIT,DRUG GM,PRODUCE,330,0.00131,0.042,0.056,1.79,375,0.88
CHEESE,ORAL HYGIENE PRODUCTS,GROCERY,DRUG GM,2598,0.01035,0.055,0.333,1.79,2938,0.88
REFRGRATD JUICES/DRNKS,STATIONERY & SCHOOL SUPPLIES,GROCERY,DRUG GM,634,0.00253,0.024,0.137,1.32,718,0.88
BABY FOODS,FD WRAPS/BAGS/TRSH BG,DRUG GM,GROCERY,303,0.00121,0.072,0.027,1.60,344,0.88
BLEACH,PASTA SAUCE,GROCERY,GROCERY,367,0.00146,0.104,0.031,2.22,418,0.88
OLIVES,SOFT DRINKS,GROCERY,GROCERY,1055,0.00420,0.399,0.015,1.40,1205,0.88
BEEF,SPRING/SUMMER SEASONAL,MEAT,DRUG GM,440,0.00175,0.012,0.231,1.58,502,0.88
HEAT/SERVE,POTATOES,MEAT-PCKGD,PRODUCE,727,0.00290,0.138,0.048,2.26,823,0.88
VEGETABLES - SHELF STABLE,VITAMINS,GROCERY,DRUG GM,338,0.00135,0.015,0.170,1.89,383,0.88
FROZEN BREAD/DOUGH,GRAPES,GROCERY,PRODUCE,692,0.00276,0.096,0.068,2.39,784,0.88
REFRGRATD DOUGH PRODUCTS,VALUE ADDED FRUIT,GROCERY,PRODUCE,681,0.00271,0.048,0.116,2.07,772,0.88
BAKED SWEET GOODS,COLD AND FLU,GROCERY,DRUG GM,419,0.00167,0.022,0.086,1.15,477,0.88
BROOMS AND MOPS,SOFT DRINKS,DRUG GM,GROCERY,1119,0.00446,0.368,0.016,1.29,1268,0.88
BEEF,HOUSEHOLD CLEANG NEEDS,MEAT,GROCERY,2091,0.00833,0.057,0.283,1.94,2370,0.88
MEAT - SHELF STABLE,SHAVING CARE PRODUCTS,GROCERY,DRUG GM,362,0.00144,0.026,0.110,2.00,411,0.88
BATH TISSUES,ONIONS,GROCERY,PRODUCE,1748,0.00697,0.128,0.112,2.07,1978,0.88
CHEESE,CORN,GROCERY,PRODUCE,1000,0.00398,0.021,0.365,1.96,1137,0.88
BABY HBC,BACON,DRUG GM,MEAT-PCKGD,323,0.00129,0.081,0.030,1.88,367,0.88
CONDIMENTS/SAUCES,SQUASH,GROCERY,PRODUCE,367,0.00146,0.021,0.181,2.54,416,0.88
SPICES & EXTRACTS,WATER - CARBONATED/FLVRD DRINK,GROCERY,GROCERY,1140,0.00454,0.120,0.063,1.68,1302,0.88
BATTERIES,LUNCHMEAT,DRUG GM,MEAT-PCKGD,315,0.00126,0.140,0.013,1.48,360,0.88
PROCESSED,SHORTENING/OIL,PRODUCE,GROCERY,372,0.00148,0.079,0.045,2.41,422,0.88
HERBS,SALD DRSNG/SNDWCH SPRD,PRODUCE,GROCERY,502,0.00200,0.154,0.030,2.31,568,0.88
ANALGESICS,DRY BN/VEG/POTATO/RICE,DRUG GM,GROCERY,338,0.00135,0.080,0.025,1.51,383,0.88
CHEESE,SHAVING CARE PRODUCTS,GROCERY,DRUG GM,1064,0.00424,0.023,0.324,1.73,1212,0.88
BATH TISSUES,GRAPES,GROCERY,PRODUCE,1135,0.00452,0.083,0.112,2.07,1292,0.88
BREAD,ORAL HYGIENE PRODUCTS,PASTRY,DRUG GM,401,0.00160,0.050,0.051,1.62,457,0.88
FLUID MILK PRODUCTS,SNACKS,GROCERY,DELI,560,0.00223,0.008,0.442,1.60,635,0.88
HISPANIC,ICE CREAM/MILK/SHERBTS,GROCERY,GROCERY,1870,0.00745,0.131,0.093,1.64,2118,0.88
FLUID MILK PRODUCTS,SEAFOOD-FRESH,GROCERY,SEAFOOD,1605,0.00640,0.023,0.437,1.58,1819,0.88
FLUID MILK PRODUCTS,SALADS/DIPS,GROCERY,DELI,2480,0.00988,0.036,0.412,1.49,2806,0.88
CHEESE,CHEESES,GROCERY,DELI,4278,0.01705,0.091,0.378,2.02,4886,0.88
FROZEN MEAT,PROCESSED,MEAT-PCKGD,PRODUCE,380,0.00151,0.046,0.081,2.48,434,0.88
CEREAL/BREAKFAST,REFRGRATD JUICES/DRNKS,NUTRITION,GROCERY,303,0.00121,0.207,0.012,2.01,343,0.88
CEREAL/BREAKFAST,CRACKERS/MISC BKD FD,NUTRITION,GROCERY,319,0.00127,0.218,0.014,2.41,364,0.88
POTATOES,YOGURT,PRODUCE,GROCERY,2467,0.00983,0.161,0.140,2.30,2789,0.88
BREAD,PICKLE/RELISH/PKLD VEG,PASTRY,GROCERY,387,0.00154,0.049,0.063,1.98,442,0.88
BATTERIES,VEGETABLES - SHELF STABLE,DRUG GM,GROCERY,339,0.00135,0.151,0.015,1.67,384,0.88
BATH TISSUES,DINNER SAUSAGE,GROCERY,MEAT-PCKGD,1078,0.00430,0.079,0.109,2.01,1225,0.88
FLUID MILK PRODUCTS,PET CARE SUPPLIES,GROCERY,GROCERY,1014,0.00404,0.015,0.404,1.47,1150,0.88
CAT LITTER,YOGURT,GROCERY,GROCERY,385,0.00153,0.131,0.022,1.86,437,0.88
CANDY - PACKAGED,MEAT - MISC,DRUG GM,MEAT-PCKGD,1099,0.00438,0.051,0.131,1.52,1255,0.88
FLUID MILK PRODUCTS,NEWSPAPER,GROCERY,DRUG GM,1307,0.00521,0.019,0.271,0.98,1478,0.88
CAT LITTER,VEGETABLES - ALL OTHERS,GROCERY,PRODUCE,362,0.00144,0.123,0.022,1.88,411,0.88
GREETING CARDS/WRAP/PARTY SPLY,VEGETABLES SALAD,DRUG GM,PRODUCE,436,0.00174,0.057,0.041,1.35,493,0.88
FEMININE HYGIENE,SALAD MIX,DRUG GM,PRODUCE,401,0.00160,0.093,0.026,1.51,459,0.87
ISOTONIC DRINKS,MILK BY-PRODUCTS,GROCERY,GROCERY,775,0.00309,0.145,0.039,1.85,889,0.87
PASTA SAUCE,TOMATOES,GROCERY,PRODUCE,1715,0.00683,0.146,0.112,2.41,1977,0.87
REFRGRATD JUICES/DRNKS,VALUE ADDED VEGETABLES,GROCERY,PRODUCE,419,0.00167,0.016,0.200,1.93,483,0.87
BEEF,PET CARE SUPPLIES,MEAT,GROCERY,613,0.00244,0.017,0.244,1.67,707,0.87
CANNED MILK,REFRGRATD JUICES/DRNKS,GROCERY,GROCERY,319,0.00127,0.176,0.012,1.70,368,0.87
PASTA SAUCE,SNACK NUTS,GROCERY,GROCERY,495,0.00197,0.042,0.106,2.27,569,0.87
CANDY - CHECKLANE,MARGARINES,DRUG GM,GROCERY,1375,0.00548,0.059,0.101,1.10,1573,0.87
CONDIMENTS/SAUCES,ORGANICS FRUIT & VEGETABLES,GROCERY,PRODUCE,861,0.00343,0.048,0.163,2.29,991,0.87
COLD AND FLU,MILK BY-PRODUCTS,DRUG GM,GROCERY,459,0.00183,0.094,0.023,1.20,529,0.87
FROZEN MEAT,FROZEN PIE/DESSERTS,MEAT-PCKGD,GROCERY,424,0.00169,0.052,0.066,2.02,489,0.87
DEODORANTS,MEAT - SHELF STABLE,DRUG GM,GROCERY,460,0.00183,0.108,0.033,1.97,532,0.87
FROZEN PIZZA,PLASTIC HOUSEWARES,GROCERY,DRUG GM,369,0.00147,0.016,0.169,1.83,426,0.87
PREPARED FOOD,YOGURT,DELI,GROCERY,358,0.00143,0.076,0.020,1.08,411,0.87
COLD AND FLU,FROZEN PIZZA,DRUG GM,GROCERY,511,0.00204,0.105,0.022,1.14,587,0.87
COLD AND FLU,FLUID MILK PRODUCTS,DRUG GM,GROCERY,1463,0.00583,0.300,0.021,1.09,1672,0.87
MEAT - SHELF STABLE,ONIONS,GROCERY,PRODUCE,2044,0.00814,0.148,0.131,2.39,2349,0.87
ISOTONIC DRINKS,VEGETABLES - SHELF STABLE,GROCERY,GROCERY,956,0.00381,0.179,0.042,1.99,1104,0.87
BAG SNACKS,FRZN JCE CONC/DRNKS,GROCERY,GROCERY,531,0.00212,0.013,0.280,1.67,609,0.87
CHEESE,CIGARETTES,GROCERY,DRUG GM,1864,0.00743,0.040,0.171,0.91,2144,0.87
BEANS - CANNED GLASS & MW,STONE FRUIT,GROCERY,PRODUCE,463,0.00184,0.049,0.084,2.23,534,0.87
CANDY - CHECKLANE,SHORTENING/OIL,DRUG GM,GROCERY,831,0.00331,0.036,0.101,1.09,960,0.87
BAKED SWEET GOODS,BLEACH,GROCERY,GROCERY,461,0.00184,0.025,0.130,1.75,533,0.87
COLD AND FLU,DRY BN/VEG/POTATO/RICE,DRUG GM,GROCERY,325,0.00130,0.067,0.025,1.26,373,0.87
BAKED SWEET GOODS,ELECTRICAL SUPPPLIES,GROCERY,DRUG GM,337,0.00134,0.018,0.127,1.71,387,0.87
BAKED BREAD/BUNS/ROLLS,PLASTIC HOUSEWARES,GROCERY,DRUG GM,929,0.00370,0.015,0.425,1.77,1064,0.87
VALUE ADDED VEGETABLES,VEGETABLES - SHELF STABLE,PRODUCE,GROCERY,462,0.00184,0.220,0.020,2.45,534,0.87
BAG SNACKS,GREETING CARDS/WRAP/PARTY SPLY,GROCERY,DRUG GM,1507,0.00600,0.036,0.199,1.19,1735,0.87
BREAD,PORK,PASTRY,MEAT,737,0.00294,0.093,0.060,1.88,842,0.87
FROZEN PIZZA,ROLLS,GROCERY,PASTRY,743,0.00296,0.032,0.146,1.59,855,0.87
CHICKEN/POULTRY,ONIONS,DELI,PRODUCE,427,0.00170,0.073,0.027,1.17,490,0.87
COLD AND FLU,DINNER MXS:DRY,DRUG GM,GROCERY,329,0.00131,0.067,0.025,1.27,380,0.87
DRY MIX DESSERTS,TOMATOES,GROCERY,PRODUCE,738,0.00294,0.135,0.048,2.23,847,0.87
BEANS - CANNED GLASS & MW,YOGURT,GROCERY,GROCERY,1584,0.00631,0.167,0.090,2.38,1823,0.87
EGGS,SHAVING CARE PRODUCTS,GROCERY,DRUG GM,652,0.00260,0.023,0.198,1.79,746,0.87
DIAPERS & DISPOSABLES,FRZN VEGETABLE/VEG DSH,DRUG GM,GROCERY,334,0.00133,0.073,0.026,1.44,385,0.87
PAPER TOWELS,PROCESSED,GROCERY,PRODUCE,433,0.00173,0.043,0.092,2.28,497,0.87
DIAPERS & DISPOSABLES,LUNCHMEAT,DRUG GM,MEAT-PCKGD,582,0.00232,0.127,0.025,1.35,668,0.87
BEERS/ALES,SHORTENING/OIL,GROCERY,GROCERY,636,0.00253,0.041,0.077,1.25,732,0.87
EGGS,ROLLS,GROCERY,PASTRY,964,0.00384,0.035,0.190,1.71,1104,0.87
CANNED JUICES,PREPARED FOOD,GROCERY,DELI,399,0.00159,0.020,0.085,1.05,459,0.87
BROCCOLI/CAULIFLOWER,CANDY - CHECKLANE,PRODUCE,DRUG GM,466,0.00186,0.104,0.020,1.13,533,0.87
DINNER SAUSAGE,PROCESSED,MEAT-PCKGD,PRODUCE,417,0.00166,0.042,0.089,2.26,480,0.87
FRZN POTATOES,LAUNDRY ADDITIVES,GROCERY,GROCERY,310,0.00124,0.038,0.070,2.16,355,0.87
BLEACH,ONIONS,GROCERY,PRODUCE,444,0.00177,0.125,0.029,2.02,508,0.87
PREPARED FOOD,VEGETABLES - ALL OTHERS,DELI,PRODUCE,334,0.00133,0.071,0.020,1.09,385,0.87
EGGS,PAPER HOUSEWARES,GROCERY,GROCERY,1685,0.00671,0.060,0.219,1.97,1939,0.87
LAUNDRY DETERGENTS,MEAT - MISC,GROCERY,MEAT-PCKGD,603,0.00240,0.071,0.072,2.12,694,0.87
BEERS/ALES,GREETING CARDS/WRAP/PARTY SPLY,GROCERY,DRUG GM,465,0.00185,0.030,0.061,0.99,534,0.87
HAIR CARE PRODUCTS,SEAFOOD - FROZEN,DRUG GM,SEAFOOD-PCKGD,447,0.00178,0.056,0.059,1.88,515,0.87
REFRGRATD DOUGH PRODUCTS,STATIONERY & SCHOOL SUPPLIES,GROCERY,DRUG GM,374,0.00149,0.026,0.081,1.43,432,0.87
BABY HBC,MARGARINES,DRUG GM,GROCERY,381,0.00152,0.096,0.028,1.77,440,0.87
FLUID MILK PRODUCTS,OLIVES,GROCERY,GROCERY,1324,0.00528,0.019,0.501,1.82,1530,0.87
CANNED JUICES,PET CARE SUPPLIES,GROCERY,GROCERY,345,0.00137,0.017,0.138,1.71,397,0.87
SUGARS/SWEETNERS,VEGETABLES SALAD,GROCERY,PRODUCE,919,0.00366,0.089,0.086,2.09,1052,0.87
BATH TISSUES,FLOUR & MEALS,GROCERY,GROCERY,335,0.00133,0.025,0.107,1.97,385,0.87
CHICKEN/POULTRY,MARGARINES,DELI,GROCERY,367,0.00146,0.062,0.027,1.16,424,0.87
EGGS,KITCHEN GADGETS,GROCERY,DRUG GM,394,0.00157,0.014,0.207,1.86,451,0.87
HEAT/SERVE,VEGETABLES - ALL OTHERS,MEAT-PCKGD,PRODUCE,747,0.00298,0.142,0.046,2.17,854,0.87
EGGS,HOUSEHOLD CLEANG NEEDS,GROCERY,GROCERY,1635,0.00651,0.059,0.221,1.99,1879,0.87
BROCCOLI/CAULIFLOWER,DINNER SAUSAGE,PRODUCE,MEAT-PCKGD,424,0.00169,0.095,0.043,2.41,486,0.87
SOFT DRINKS,VALUE ADDED VEGETABLES,GROCERY,PRODUCE,798,0.00318,0.011,0.381,1.33,920,0.87
COFFEE,VALUE ADDED FRUIT,GROCERY,PRODUCE,493,0.00196,0.043,0.084,1.85,569,0.87
PAPER HOUSEWARES,PORK,GROCERY,MEAT,808,0.00322,0.105,0.065,2.13,930,0.87
EGGS,HAIR CARE PRODUCTS,GROCERY,DRUG GM,1595,0.00636,0.057,0.201,1.81,1836,0.87
REFRGRATD DOUGH PRODUCTS,SALADS/DIPS,GROCERY,DELI,610,0.00243,0.043,0.101,1.80,700,0.87
BEEF,CANNED MILK,MEAT,GROCERY,485,0.00193,0.013,0.268,1.83,557,0.87
CHICKEN,HAND/BODY/FACIAL PRODUCTS,MEAT,DRUG GM,326,0.00130,0.022,0.115,1.91,374,0.87
FRZN VEGETABLE/VEG DSH,PAPER HOUSEWARES,GROCERY,GROCERY,814,0.00324,0.064,0.106,2.09,932,0.87
CITRUS,SOAP - LIQUID & BAR,PRODUCE,DRUG GM,474,0.00189,0.047,0.081,2.01,547,0.87
BATH TISSUES,BREAKFAST SWEETS,GROCERY,PASTRY,571,0.00228,0.042,0.070,1.29,660,0.87
MAGAZINE,SEAFOOD - SHELF STABLE,DRUG GM,GROCERY,344,0.00137,0.048,0.044,1.51,393,0.87
MARGARINES,SOAP - LIQUID & BAR,GROCERY,DRUG GM,656,0.00261,0.048,0.112,2.07,756,0.87
BREAD,REFRGRATD JUICES/DRNKS,PASTRY,GROCERY,1322,0.00527,0.166,0.051,1.61,1524,0.87
BABY FOODS,SALAD MIX,DRUG GM,PRODUCE,423,0.00169,0.100,0.027,1.62,488,0.87
FLUID MILK PRODUCTS,GREETING CARDS/WRAP/PARTY SPLY,GROCERY,DRUG GM,2419,0.00964,0.035,0.319,1.16,2787,0.87
BEEF,CHEESES,MEAT,DELI,3324,0.01325,0.091,0.294,2.01,3809,0.87
BEEF,DEODORANTS,MEAT,DRUG GM,1065,0.00424,0.029,0.251,1.71,1221,0.87
CANDY - CHECKLANE,CONDIMENTS/SAUCES,DRUG GM,GROCERY,1790,0.00713,0.077,0.100,1.08,2068,0.87
BABY HBC,SALD DRSNG/SNDWCH SPRD,DRUG GM,GROCERY,473,0.00188,0.119,0.028,1.78,546,0.87
MEAT - MISC,STONE FRUIT,MEAT-PCKGD,PRODUCE,392,0.00156,0.047,0.071,2.13,452,0.87
DRIED FRUIT,MARGARINES,NUTRITION,GROCERY,395,0.00157,0.131,0.029,2.43,453,0.87
DRY SAUCES/GRAVY,VALUE ADDED FRUIT,GROCERY,PRODUCE,325,0.00130,0.050,0.056,2.15,375,0.87
POTATOES,SALAD BAR,PRODUCE,SALAD BAR,522,0.00208,0.034,0.062,1.02,597,0.87
BEERS/ALES,DRY NOODLES/PASTA,GROCERY,GROCERY,1100,0.00438,0.071,0.078,1.27,1269,0.87
BAKING NEEDS,SOFT DRINKS,GROCERY,GROCERY,3756,0.01497,0.361,0.052,1.27,4296,0.87
ORAL HYGIENE PRODUCTS,VEGETABLES - ALL OTHERS,DRUG GM,PRODUCE,967,0.00385,0.124,0.059,1.90,1110,0.87
FLUID MILK PRODUCTS,MAKEUP AND TREATMENT,GROCERY,COSMETICS,1452,0.00579,0.021,0.370,1.34,1663,0.87
ANALGESICS,CHEESE,DRUG GM,GROCERY,1058,0.00422,0.250,0.023,1.34,1219,0.87
CANDY - CHECKLANE,MISC. DAIRY,DRUG GM,GROCERY,749,0.00298,0.032,0.102,1.10,863,0.87
BAKING NEEDS,SEAFOOD - SHELF STABLE,GROCERY,GROCERY,746,0.00297,0.072,0.095,2.28,855,0.87
BREAKFAST SAUSAGE/SANDWICHES,CARROTS,MEAT-PCKGD,PRODUCE,912,0.00363,0.083,0.109,2.48,1043,0.87
FRZN POTATOES,SOAP - LIQUID & BAR,GROCERY,DRUG GM,389,0.00155,0.048,0.066,2.05,448,0.87
FRZN MEAT/MEAT DINNERS,PET CARE SUPPLIES,GROCERY,GROCERY,362,0.00144,0.016,0.144,1.59,417,0.87
VALUE ADDED FRUIT,VEGETABLES - SHELF STABLE,PRODUCE,GROCERY,1139,0.00454,0.195,0.050,2.16,1304,0.87
CAT LITTER,DRY NOODLES/PASTA,GROCERY,GROCERY,328,0.00131,0.111,0.023,1.99,377,0.87
CANDY - PACKAGED,EGGS,DRUG GM,GROCERY,3457,0.01378,0.161,0.124,1.45,3968,0.87
FLORAL-FRESH CUT,SOFT DRINKS,FLORAL,GROCERY,564,0.00225,0.256,0.008,0.90,652,0.87
COOKIES/CONES,SEAFOOD-FRESH,GROCERY,SEAFOOD,463,0.00184,0.027,0.126,1.85,534,0.87
CHICKEN/POULTRY,SOUP,DELI,GROCERY,638,0.00254,0.109,0.027,1.16,736,0.87
APPLES,PWDR/CRYSTL DRNK MX,PRODUCE,GROCERY,673,0.00268,0.051,0.127,2.40,778,0.87
CONDIMENTS/SAUCES,SHAVING CARE PRODUCTS,GROCERY,DRUG GM,435,0.00173,0.024,0.132,1.86,501,0.87
BAKING NEEDS,MEAT - MISC,GROCERY,MEAT-PCKGD,734,0.00292,0.071,0.087,2.11,843,0.87
COLD CEREAL,SMOKED MEATS,GROCERY,MEAT,821,0.00327,0.033,0.210,2.09,944,0.87
BAKING NEEDS,MAGAZINE,GROCERY,DRUG GM,407,0.00162,0.039,0.056,1.36,467,0.87
BABY HBC,BREAKFAST SAUSAGE/SANDWICHES,DRUG GM,MEAT-PCKGD,311,0.00124,0.078,0.028,1.79,359,0.87
CHICKEN/POULTRY,CONVENIENT BRKFST/WHLSM SNACKS,DELI,GROCERY,386,0.00154,0.066,0.028,1.18,445,0.87
FRZN NOVELTIES/WTR ICE,ROLLS,GROCERY,PASTRY,323,0.00129,0.031,0.064,1.54,369,0.87
CORN,DINNER MXS:DRY,PRODUCE,GROCERY,341,0.00136,0.124,0.026,2.35,391,0.87
BEEF,CITRUS,MEAT,PRODUCE,2930,0.01168,0.080,0.290,1.98,3349,0.87
FRZN POTATOES,ONIONS,GROCERY,PRODUCE,1118,0.00445,0.138,0.072,2.22,1284,0.87
SEAFOOD - FROZEN,WAREHOUSE SNACKS,SEAFOOD-PCKGD,GROCERY,366,0.00146,0.049,0.056,1.87,423,0.87
HOT DOGS,MISC. DAIRY,MEAT-PCKGD,GROCERY,759,0.00302,0.069,0.103,2.38,874,0.87
CORN,DRY NOODLES/PASTA,PRODUCE,GROCERY,346,0.00138,0.126,0.025,2.26,396,0.87
BAKED BREAD/BUNS/ROLLS,DIAPERS & DISPOSABLES,GROCERY,DRUG GM,1410,0.00562,0.023,0.309,1.28,1616,0.87
DISHWASH DETERGENTS,PEPPERS-ALL,GROCERY,PRODUCE,467,0.00186,0.075,0.057,2.29,538,0.87
MAKEUP AND TREATMENT,PASTA SAUCE,COSMETICS,GROCERY,324,0.00129,0.083,0.028,1.77,374,0.87
BABY HBC,CHEESE,DRUG GM,GROCERY,1233,0.00491,0.310,0.026,1.66,1414,0.87
DRY BN/VEG/POTATO/RICE,STONE FRUIT,GROCERY,PRODUCE,648,0.00258,0.049,0.118,2.24,746,0.87
ANALGESICS,BAG SNACKS,DRUG GM,GROCERY,875,0.00349,0.206,0.021,1.23,1007,0.87
CANDY - PACKAGED,DRY BN/VEG/POTATO/RICE,DRUG GM,GROCERY,1766,0.00704,0.082,0.133,1.55,2041,0.87
DINNER MXS:DRY,VALUE ADDED FRUIT,GROCERY,PRODUCE,707,0.00282,0.053,0.121,2.28,815,0.87
BEERS/ALES,ORGANICS FRUIT & VEGETABLES,GROCERY,PRODUCE,411,0.00164,0.027,0.078,1.26,472,0.87
BAKING NEEDS,DOG FOODS,GROCERY,GROCERY,471,0.00188,0.045,0.066,1.60,542,0.87
ONIONS,WATER - CARBONATED/FLVRD DRINK,PRODUCE,GROCERY,1888,0.00752,0.121,0.105,1.70,2166,0.87
MAKEUP AND TREATMENT,REFRGRATD DOUGH PRODUCTS,COSMETICS,GROCERY,362,0.00144,0.092,0.026,1.64,414,0.87
FRZN MEAT/MEAT DINNERS,GRAPES,GROCERY,PRODUCE,1780,0.00709,0.078,0.176,1.94,2036,0.87
FEMININE HYGIENE,TROPICAL FRUIT,DRUG GM,PRODUCE,788,0.00314,0.184,0.024,1.42,910,0.87
BAG SNACKS,SPRING/SUMMER SEASONAL,GROCERY,DRUG GM,454,0.00181,0.011,0.238,1.42,520,0.87
RICE CAKES,SOFT DRINKS,NUTRITION,GROCERY,465,0.00185,0.373,0.006,1.31,536,0.87
CANDY - CHECKLANE,GRAPES,DRUG GM,PRODUCE,1023,0.00408,0.044,0.101,1.09,1178,0.87
DOMESTIC WINE,MILK BY-PRODUCTS,GROCERY,GROCERY,484,0.00193,0.107,0.025,1.36,558,0.87
HOT DOGS,VALUE ADDED FRUIT,MEAT-PCKGD,PRODUCE,523,0.00208,0.048,0.089,2.06,603,0.87
BAG SNACKS,STATIONERY & SCHOOL SUPPLIES,GROCERY,DRUG GM,973,0.00388,0.023,0.210,1.25,1124,0.87
BAKED BREAD/BUNS/ROLLS,MUSHROOMS,GROCERY,PRODUCE,2231,0.00889,0.037,0.471,1.96,2561,0.87
CAT FOOD,MILK BY-PRODUCTS,GROCERY,GROCERY,831,0.00331,0.127,0.042,1.62,951,0.87
GRAPES,SPICES & EXTRACTS,PRODUCE,GROCERY,860,0.00343,0.085,0.091,2.26,987,0.87
CHICKEN,ISOTONIC DRINKS,MEAT,GROCERY,599,0.00239,0.040,0.112,1.87,685,0.87
BAKING NEEDS,CANDY - CHECKLANE,GROCERY,DRUG GM,1016,0.00405,0.098,0.044,1.06,1173,0.87
PNT BTR/JELLY/JAMS,ROLLS,GROCERY,PASTRY,381,0.00152,0.037,0.075,1.82,437,0.87
CAT FOOD,FRUIT - SHELF STABLE,GROCERY,GROCERY,615,0.00245,0.094,0.046,1.77,707,0.87
FRZN POTATOES,TOMATOES,GROCERY,PRODUCE,1061,0.00423,0.131,0.070,2.15,1226,0.87
HOUSEHOLD CLEANG NEEDS,MUSHROOMS,GROCERY,PRODUCE,312,0.00124,0.042,0.066,2.24,358,0.87
MELONS,SHORTENING/OIL,PRODUCE,GROCERY,317,0.00126,0.073,0.038,2.23,363,0.87
ONIONS,SOAP - LIQUID & BAR,PRODUCE,DRUG GM,762,0.00304,0.049,0.130,2.10,873,0.87
FRZN NOVELTIES/WTR ICE,VEGETABLES - SHELF STABLE,GROCERY,GROCERY,1808,0.00720,0.175,0.080,1.94,2080,0.87
COOKIES,SALD DRSNG/SNDWCH SPRD,PASTRY,GROCERY,396,0.00158,0.107,0.024,1.61,453,0.87
BAKING MIXES,YOGURT,GROCERY,GROCERY,1677,0.00668,0.149,0.095,2.12,1933,0.87
BEANS - CANNED GLASS & MW,HAIR CARE PRODUCTS,GROCERY,DRUG GM,613,0.00244,0.065,0.077,2.04,707,0.87
BEERS/ALES,BROCCOLI/CAULIFLOWER,GROCERY,PRODUCE,357,0.00142,0.023,0.080,1.29,409,0.87
BEANS - CANNED GLASS & MW,BREAKFAST SWEETS,GROCERY,PASTRY,443,0.00177,0.047,0.054,1.44,507,0.87
BAKING MIXES,VEGETABLES SALAD,GROCERY,PRODUCE,1016,0.00405,0.090,0.095,2.11,1161,0.87
BAKED BREAD/BUNS/ROLLS,NEWSPAPER,GROCERY,DRUG GM,1148,0.00457,0.019,0.238,0.99,1314,0.87
BEANS - CANNED GLASS & MW,ISOTONIC DRINKS,GROCERY,GROCERY,414,0.00165,0.044,0.077,2.05,476,0.87
MEAT - SHELF STABLE,TROPICAL FRUIT,GROCERY,PRODUCE,3881,0.01546,0.281,0.120,2.17,4449,0.87
BERRIES,LAUNDRY DETERGENTS,PRODUCE,GROCERY,631,0.00251,0.069,0.075,2.05,721,0.87
DRY NOODLES/PASTA,WATER - CARBONATED/FLVRD DRINK,GROCERY,GROCERY,1777,0.00708,0.127,0.099,1.77,2052,0.87
BAKING MIXES,TOMATOES,GROCERY,PRODUCE,1449,0.00577,0.128,0.095,2.11,1667,0.87
BAG SNACKS,VALUE ADDED FRUIT,GROCERY,PRODUCE,1642,0.00654,0.039,0.281,1.68,1877,0.87
BEANS - CANNED GLASS & MW,ORAL HYGIENE PRODUCTS,GROCERY,DRUG GM,607,0.00242,0.064,0.078,2.06,695,0.87
BLEACH,DRY NOODLES/PASTA,GROCERY,GROCERY,423,0.00169,0.119,0.030,2.14,486,0.87
BREAKFAST SAUSAGE/SANDWICHES,SOAP - LIQUID & BAR,MEAT-PCKGD,DRUG GM,537,0.00214,0.049,0.092,2.10,617,0.87
BAKING MIXES,SOAP - LIQUID & BAR,GROCERY,DRUG GM,530,0.00211,0.047,0.090,2.01,611,0.87
CHICKEN,DOG FOODS,MEAT,GROCERY,716,0.00285,0.048,0.101,1.68,827,0.87
BACON,STONE FRUIT,MEAT-PCKGD,PRODUCE,514,0.00205,0.047,0.094,2.17,594,0.87
CRACKERS/MISC BKD FD,STONE FRUIT,GROCERY,PRODUCE,1035,0.00412,0.046,0.189,2.09,1193,0.87
CANDY - CHECKLANE,CITRUS,DRUG GM,PRODUCE,1013,0.00404,0.044,0.100,1.08,1163,0.87
BABY HBC,DRY BN/VEG/POTATO/RICE,DRUG GM,GROCERY,403,0.00161,0.101,0.030,1.92,462,0.87
ICE CREAM/MILK/SHERBTS,MUSHROOMS,GROCERY,PRODUCE,638,0.00254,0.032,0.135,1.69,732,0.87
CHICKEN,ELECTRICAL SUPPPLIES,MEAT,DRUG GM,303,0.00121,0.020,0.114,1.91,347,0.87
BAKED BREAD/BUNS/ROLLS,VALUE ADDED VEGETABLES,GROCERY,PRODUCE,970,0.00387,0.016,0.463,1.93,1109,0.87
BROOMS AND MOPS,MEAT - SHELF STABLE,DRUG GM,GROCERY,376,0.00150,0.124,0.027,2.25,430,0.87
FD WRAPS/BAGS/TRSH BG,FRZN POTATOES,GROCERY,GROCERY,775,0.00309,0.069,0.096,2.13,890,0.87
BAG SNACKS,BAKING NEEDS,GROCERY,GROCERY,2869,0.01143,0.068,0.276,1.65,3312,0.87
BATH TISSUES,VEGETABLES SALAD,GROCERY,PRODUCE,1146,0.00457,0.084,0.107,1.97,1319,0.87
CANDY - CHECKLANE,HOUSEHOLD CLEANG NEEDS,DRUG GM,GROCERY,724,0.00288,0.031,0.098,1.06,832,0.87
HISPANIC,ORAL HYGIENE PRODUCTS,GROCERY,DRUG GM,853,0.00340,0.060,0.109,1.93,979,0.87
HAND/BODY/FACIAL PRODUCTS,MILK BY-PRODUCTS,DRUG GM,GROCERY,423,0.00169,0.149,0.021,1.90,485,0.87
APPLES,SUGARS/SWEETNERS,PRODUCE,GROCERY,1194,0.00476,0.090,0.116,2.21,1376,0.87
BAG SNACKS,BROOMS AND MOPS,GROCERY,DRUG GM,858,0.00342,0.020,0.282,1.69,985,0.87
CHEESE,LAUNDRY ADDITIVES,GROCERY,GROCERY,1649,0.00657,0.035,0.371,1.99,1886,0.87
BABY HBC,MILK BY-PRODUCTS,DRUG GM,GROCERY,543,0.00216,0.137,0.028,1.74,624,0.87
CHEESE,MAKEUP AND TREATMENT,GROCERY,COSMETICS,1124,0.00448,0.024,0.286,1.53,1289,0.87
FLUID MILK PRODUCTS,VALUE ADDED VEGETABLES,GROCERY,PRODUCE,996,0.00397,0.014,0.475,1.72,1150,0.87
BAG SNACKS,CAT FOOD,GROCERY,GROCERY,1532,0.00610,0.036,0.234,1.40,1763,0.87
DRIED FRUIT,ICE CREAM/MILK/SHERBTS,NUTRITION,GROCERY,410,0.00163,0.136,0.020,1.70,471,0.87
BLEACH,DINNER MXS:DRY,GROCERY,GROCERY,420,0.00167,0.118,0.032,2.24,481,0.87
BAG SNACKS,CHICKEN,GROCERY,MEAT,4395,0.01751,0.105,0.292,1.75,5053,0.87
BABY FOODS,BEEF,DRUG GM,MEAT,930,0.00371,0.220,0.025,1.50,1072,0.87
HAND/BODY/FACIAL PRODUCTS,SOFT DRINKS,DRUG GM,GROCERY,990,0.00394,0.348,0.014,1.22,1140,0.87
CHICKEN,MEAT - MISC,MEAT,MEAT-PCKGD,1138,0.00453,0.076,0.135,2.25,1305,0.87
BAKED BREAD/BUNS/ROLLS,SINUS AND ALLERGY,GROCERY,DRUG GM,436,0.00174,0.007,0.259,1.08,503,0.87
BEANS - CANNED GLASS & MW,REFRIGERATED,GROCERY,NUTRITION,381,0.00152,0.040,0.074,1.95,440,0.87
HAIR CARE PRODUCTS,ICE CREAM/MILK/SHERBTS,DRUG GM,GROCERY,903,0.00360,0.114,0.045,1.42,1042,0.87
CARROTS,FROZEN MEAT,PRODUCE,MEAT-PCKGD,718,0.00286,0.085,0.087,2.61,828,0.87
BERRIES,DRY NOODLES/PASTA,PRODUCE,GROCERY,1211,0.00483,0.133,0.086,2.38,1393,0.87
DRY NOODLES/PASTA,SEAFOOD-FRESH,GROCERY,SEAFOOD,433,0.00173,0.031,0.118,2.11,495,0.87
BABY FOODS,CHEESE,DRUG GM,GROCERY,1196,0.00477,0.283,0.026,1.51,1374,0.87
FROZEN BREAD/DOUGH,TROPICAL FRUIT,GROCERY,PRODUCE,1966,0.00783,0.273,0.061,2.11,2266,0.87
ICE CREAM/MILK/SHERBTS,WATER - CARBONATED/FLVRD DRINK,GROCERY,GROCERY,1883,0.00750,0.094,0.105,1.31,2156,0.87
FACIAL TISS/DNR NAPKIN,FRZN BREAKFAST FOODS,GROCERY,GROCERY,475,0.00189,0.069,0.065,2.38,543,0.87
CANDY - PACKAGED,CARROTS,DRUG GM,PRODUCE,1129,0.00450,0.053,0.134,1.57,1305,0.87
DELI MEATS,SMOKED MEATS,DELI,MEAT,538,0.00214,0.031,0.137,2.01,618,0.87
BEERS/ALES,HEAT/SERVE,GROCERY,MEAT-PCKGD,400,0.00159,0.026,0.076,1.23,461,0.87
REFRGRATD JUICES/DRNKS,VEGETABLES - ALL OTHERS,GROCERY,PRODUCE,3175,0.01265,0.122,0.194,1.88,3661,0.87
DEODORANTS,EGGS,DRUG GM,GROCERY,842,0.00336,0.198,0.030,1.78,963,0.87
ANTACIDS,BAKED BREAD/BUNS/ROLLS,DRUG GM,GROCERY,523,0.00208,0.299,0.009,1.24,612,0.86
FEMININE HYGIENE,VEGETABLES - ALL OTHERS,DRUG GM,PRODUCE,415,0.00165,0.097,0.025,1.48,483,0.86
CAT FOOD,CHEESE,GROCERY,GROCERY,1873,0.00746,0.286,0.040,1.53,2170,0.86
MUSHROOMS,PNT BTR/JELLY/JAMS,PRODUCE,GROCERY,475,0.00189,0.100,0.046,2.43,555,0.86
HISPANIC,SOAP - LIQUID & BAR,GROCERY,DRUG GM,692,0.00276,0.049,0.118,2.08,804,0.86
BLEACH,YOGURT,GROCERY,GROCERY,483,0.00192,0.136,0.027,1.94,562,0.86
BAG SNACKS,PEPPERS-ALL,GROCERY,PRODUCE,2516,0.01003,0.060,0.306,1.83,2940,0.86
SINUS AND ALLERGY,SOFT DRINKS,DRUG GM,GROCERY,443,0.00177,0.263,0.006,0.92,514,0.86
FLUID MILK PRODUCTS,WATER,GROCERY,NUTRITION,468,0.00186,0.007,0.329,1.19,545,0.86
BATH TISSUES,MILK BY-PRODUCTS,GROCERY,GROCERY,2082,0.00830,0.153,0.106,1.95,2417,0.86
CANNED JUICES,FROZEN PIE/DESSERTS,GROCERY,GROCERY,915,0.00365,0.045,0.142,1.77,1068,0.86
BATH TISSUES,BERRIES,GROCERY,PRODUCE,978,0.00390,0.072,0.107,1.98,1141,0.86
BAKED SWEET GOODS,CORN,GROCERY,PRODUCE,373,0.00149,0.020,0.136,1.83,432,0.86
CANDY - PACKAGED,HISPANIC,DRUG GM,GROCERY,1810,0.00721,0.084,0.127,1.48,2096,0.86
HISPANIC,MELONS,GROCERY,PRODUCE,530,0.00211,0.037,0.123,2.16,615,0.86
BEEF,WATER - CARBONATED/FLVRD DRINK,MEAT,GROCERY,4050,0.01614,0.110,0.225,1.54,4711,0.86
CONDIMENTS/SAUCES,HAND/BODY/FACIAL PRODUCTS,GROCERY,DRUG GM,387,0.00154,0.022,0.136,1.91,453,0.86
BAKED BREAD/BUNS/ROLLS,FEMININE HYGIENE,GROCERY,DRUG GM,1364,0.00544,0.023,0.318,1.32,1584,0.86
MAGAZINE,SOUP,DRUG GM,GROCERY,955,0.00381,0.132,0.041,1.41,1113,0.86
BAKED BREAD/BUNS/ROLLS,FLOUR & MEALS,GROCERY,GROCERY,1351,0.00538,0.022,0.431,1.79,1569,0.86
CHICKEN/POULTRY,FRUIT - SHELF STABLE,DELI,GROCERY,369,0.00147,0.063,0.028,1.19,431,0.86
CAT FOOD,REFRGRATD JUICES/DRNKS,GROCERY,GROCERY,972,0.00387,0.148,0.038,1.44,1133,0.86
AIR CARE,EGGS,GROCERY,GROCERY,805,0.00321,0.211,0.029,1.90,940,0.86
CANDY - CHECKLANE,SEAFOOD - SHELF STABLE,DRUG GM,GROCERY,808,0.00322,0.035,0.102,1.11,942,0.86
HERBS,PASTA SAUCE,PRODUCE,GROCERY,380,0.00151,0.117,0.032,2.49,440,0.86
ICE CREAM/MILK/SHERBTS,STATIONERY & SCHOOL SUPPLIES,GROCERY,DRUG GM,434,0.00173,0.022,0.094,1.17,503,0.86
CANDY - PACKAGED,CHICKEN/POULTRY,DRUG GM,DELI,500,0.00199,0.023,0.085,0.99,579,0.86
BAG SNACKS,UNKNOWN,GROCERY,FROZEN GROCERY,317,0.00126,0.008,0.299,1.79,368,0.86
GRAPES,SUGARS/SWEETNERS,PRODUCE,GROCERY,887,0.00353,0.088,0.086,2.14,1033,0.86
CHEESE,MELONS,GROCERY,PRODUCE,1579,0.00629,0.034,0.365,1.96,1839,0.86
FEMININE HYGIENE,SALD DRSNG/SNDWCH SPRD,DRUG GM,GROCERY,429,0.00171,0.100,0.026,1.50,497,0.86
BAKED BREAD/BUNS/ROLLS,CANDY - CHECKLANE,GROCERY,DRUG GM,5797,0.02310,0.096,0.250,1.04,6711,0.86
BAKED BREAD/BUNS/ROLLS,FROZEN PIE/DESSERTS,GROCERY,GROCERY,2548,0.01015,0.042,0.397,1.65,2968,0.86
ICE CREAM/MILK/SHERBTS,VALUE ADDED FRUIT,GROCERY,PRODUCE,705,0.00281,0.035,0.121,1.51,820,0.86
FLUID MILK PRODUCTS,FROZEN,GROCERY,NUTRITION,695,0.00277,0.010,0.450,1.63,809,0.86
POTATOES,SHAVING CARE PRODUCTS,PRODUCE,DRUG GM,377,0.00150,0.025,0.115,1.88,440,0.86
COOKIES,TOMATOES,PASTRY,PRODUCE,351,0.00140,0.095,0.023,1.56,408,0.86
ORGANICS FRUIT & VEGETABLES,PAPER TOWELS,PRODUCE,GROCERY,479,0.00191,0.091,0.047,2.24,558,0.86
CANDY - CHECKLANE,ROLLS,DRUG GM,PASTRY,477,0.00190,0.021,0.094,1.01,556,0.86
BLEACH,DELI MEATS,GROCERY,DELI,452,0.00180,0.128,0.026,1.87,524,0.86
BATH TISSUES,SPICES & EXTRACTS,GROCERY,GROCERY,1026,0.00409,0.075,0.108,2.00,1190,0.86
BAG SNACKS,CORN,GROCERY,PRODUCE,774,0.00308,0.018,0.283,1.69,895,0.86
MEAT - MISC,SALADS/DIPS,MEAT-PCKGD,DELI,369,0.00147,0.044,0.061,1.83,429,0.86
BATH TISSUES,CHICKEN/POULTRY,GROCERY,DELI,351,0.00140,0.026,0.060,1.10,408,0.86
CANDY - CHECKLANE,COFFEE,DRUG GM,GROCERY,1099,0.00438,0.047,0.096,1.04,1277,0.86
DELI MEATS,TEAS,DELI,GROCERY,499,0.00199,0.029,0.143,2.10,581,0.86
AIR CARE,PORK,GROCERY,MEAT,389,0.00155,0.102,0.031,2.07,451,0.86
GRAPES,HAIR CARE PRODUCTS,PRODUCE,DRUG GM,607,0.00242,0.060,0.077,1.90,708,0.86
CHEESES,MARGARINES,DELI,GROCERY,1325,0.00528,0.117,0.098,2.17,1547,0.86
COOKIES/CONES,ONIONS,GROCERY,PRODUCE,2196,0.00875,0.128,0.141,2.07,2563,0.86
POTATOES,PREPARED FOOD,PRODUCE,DELI,312,0.00124,0.020,0.066,1.09,363,0.86
PORK,YOGURT,MEAT,GROCERY,1943,0.00774,0.157,0.110,2.24,2247,0.86
DINNER MXS:DRY,PEPPERS-ALL,GROCERY,PRODUCE,1164,0.00464,0.088,0.142,2.67,1350,0.86
CHICKEN/POULTRY,FRZN MEAT/MEAT DINNERS,DELI,GROCERY,576,0.00230,0.098,0.025,1.08,669,0.86
HOT DOGS,TROPICAL FRUIT,MEAT-PCKGD,PRODUCE,2903,0.01157,0.266,0.089,2.05,3361,0.86
ELECTRICAL SUPPPLIES,VEGETABLES - ALL OTHERS,DRUG GM,PRODUCE,330,0.00131,0.125,0.020,1.91,384,0.86
BATH TISSUES,SEAFOOD-FRESH,GROCERY,SEAFOOD,357,0.00142,0.026,0.097,1.79,413,0.86
BATH TISSUES,SEAFOOD - FROZEN,GROCERY,SEAFOOD-PCKGD,808,0.00322,0.059,0.107,1.98,938,0.86
BREAD,CONDIMENTS/SAUCES,PASTRY,GROCERY,1028,0.00410,0.129,0.058,1.82,1191,0.86
CANDY - CHECKLANE,TROPICAL FRUIT,DRUG GM,PRODUCE,3188,0.01270,0.137,0.098,1.06,3712,0.86
BREAKFAST SAUSAGE/SANDWICHES,TROPICAL FRUIT,MEAT-PCKGD,PRODUCE,2932,0.01168,0.267,0.090,2.07,3392,0.86
BACON,SALADS/DIPS,MEAT-PCKGD,DELI,481,0.00192,0.044,0.080,1.85,562,0.86
ICE CREAM/MILK/SHERBTS,ORAL HYGIENE PRODUCTS,GROCERY,DRUG GM,881,0.00351,0.044,0.113,1.41,1027,0.86
APPLES,CAT FOOD,PRODUCE,GROCERY,572,0.00228,0.043,0.087,1.66,665,0.86
BREAKFAST SAUSAGE/SANDWICHES,PROCESSED,MEAT-PCKGD,PRODUCE,473,0.00188,0.043,0.101,2.31,549,0.86
ORAL HYGIENE PRODUCTS,TOMATOES,DRUG GM,PRODUCE,879,0.00350,0.113,0.058,1.85,1021,0.86
CONDIMENTS/SAUCES,YOGURT,GROCERY,GROCERY,2727,0.01087,0.153,0.155,2.18,3158,0.86
DISHWASH DETERGENTS,LUNCHMEAT,GROCERY,MEAT-PCKGD,1141,0.00455,0.183,0.048,1.94,1322,0.86
BAG SNACKS,ELECTRICAL SUPPPLIES,GROCERY,DRUG GM,695,0.00277,0.017,0.262,1.57,806,0.86
FRZN POTATOES,WATER - CARBONATED/FLVRD DRINK,GROCERY,GROCERY,951,0.00379,0.117,0.053,1.64,1111,0.86
ORAL HYGIENE PRODUCTS,SUGARS/SWEETNERS,DRUG GM,GROCERY,580,0.00231,0.074,0.056,1.82,675,0.86
CANDY - PACKAGED,SALD DRSNG/SNDWCH SPRD,DRUG GM,GROCERY,2125,0.00847,0.099,0.127,1.48,2465,0.86
FLOUR & MEALS,MEAT - SHELF STABLE,GROCERY,GROCERY,395,0.00157,0.126,0.029,2.29,458,0.86
CHIPS&SNACKS,FLUID MILK PRODUCTS,NUTRITION,GROCERY,742,0.00296,0.439,0.011,1.59,865,0.86
BERRIES,DOG FOODS,PRODUCE,GROCERY,435,0.00173,0.048,0.061,1.69,507,0.86
HOT DOGS,YOGURT,MEAT-PCKGD,GROCERY,1666,0.00664,0.153,0.095,2.18,1942,0.86
DRY SAUCES/GRAVY,TOMATOES,GROCERY,PRODUCE,898,0.00358,0.138,0.059,2.28,1045,0.86
CONDIMENTS/SAUCES,VALUE ADDED FRUIT,GROCERY,PRODUCE,844,0.00336,0.047,0.144,2.03,979,0.86
FROZEN PIE/DESSERTS,PAPER TOWELS,GROCERY,GROCERY,489,0.00195,0.076,0.048,1.88,570,0.86
PAPER TOWELS,VEGETABLES SALAD,GROCERY,PRODUCE,920,0.00367,0.090,0.086,2.12,1069,0.86
BAKED BREAD/BUNS/ROLLS,NUTS,GROCERY,PRODUCE,829,0.00330,0.014,0.452,1.88,966,0.86
FEMININE HYGIENE,ICE CREAM/MILK/SHERBTS,DRUG GM,GROCERY,409,0.00163,0.095,0.020,1.19,476,0.86
COOKIES/CONES,SALAD MIX,GROCERY,PRODUCE,2191,0.00873,0.128,0.141,2.07,2540,0.86
CANDY - CHECKLANE,CARROTS,DRUG GM,PRODUCE,861,0.00343,0.037,0.103,1.11,1001,0.86
ORAL HYGIENE PRODUCTS,SHORTENING/OIL,DRUG GM,GROCERY,493,0.00196,0.063,0.060,1.92,576,0.86
EGGS,VALUE ADDED VEGETABLES,GROCERY,PRODUCE,504,0.00201,0.018,0.240,2.16,586,0.86
CHEESE,FEMININE HYGIENE,GROCERY,DRUG GM,1113,0.00443,0.024,0.259,1.39,1301,0.86
CIGARETTES,SHORTENING/OIL,DRUG GM,GROCERY,317,0.00126,0.029,0.038,0.88,370,0.86
FROZEN PIZZA,GRAPES,GROCERY,PRODUCE,1839,0.00733,0.079,0.182,1.97,2127,0.86
FRZN NOVELTIES/WTR ICE,ONIONS,GROCERY,PRODUCE,1188,0.00473,0.115,0.076,1.85,1383,0.86
HOT CEREAL,SOFT DRINKS,GROCERY,GROCERY,2137,0.00852,0.381,0.030,1.34,2472,0.86
SHORTENING/OIL,TROPICAL FRUIT,GROCERY,PRODUCE,2228,0.00888,0.270,0.069,2.08,2586,0.86
PORK,SOAP - LIQUID & BAR,MEAT,DRUG GM,611,0.00243,0.049,0.104,2.11,707,0.86
MARGARINES,SALADS/DIPS,GROCERY,DELI,583,0.00232,0.043,0.097,1.79,678,0.86
LAUNDRY ADDITIVES,LUNCHMEAT,GROCERY,MEAT-PCKGD,814,0.00324,0.183,0.034,1.94,948,0.86
LAUNDRY ADDITIVES,MARGARINES,GROCERY,GROCERY,515,0.00205,0.116,0.038,2.14,600,0.86
BROOMS AND MOPS,CHEESE,DRUG GM,GROCERY,1075,0.00428,0.354,0.023,1.89,1248,0.86
BEEF,SNACK NUTS,MEAT,GROCERY,1264,0.00504,0.034,0.270,1.85,1464,0.86
CANDY - PACKAGED,VEGETABLES - SHELF STABLE,DRUG GM,GROCERY,2952,0.01176,0.137,0.131,1.53,3422,0.86
COLD CEREAL,VALUE ADDED VEGETABLES,GROCERY,PRODUCE,474,0.00189,0.019,0.226,2.26,549,0.86
FRZN VEGETABLE/VEG DSH,SOFT DRINKS,GROCERY,GROCERY,4741,0.01889,0.372,0.066,1.31,5498,0.86
CANDY - CHECKLANE,PICKLE/RELISH/PKLD VEG,DRUG GM,GROCERY,626,0.00249,0.027,0.102,1.10,732,0.86
HOUSEHOLD CLEANG NEEDS,MEAT - MISC,GROCERY,MEAT-PCKGD,535,0.00213,0.072,0.064,2.16,621,0.86
BEERS/ALES,MARGARINES,GROCERY,GROCERY,1034,0.00412,0.067,0.076,1.24,1196,0.86
BUTTER,COOKIES/CONES,GROCERY,GROCERY,726,0.00289,0.147,0.042,2.15,841,0.86
AIR CARE,CHICKEN,GROCERY,MEAT,449,0.00179,0.118,0.030,1.97,524,0.86
BREAKFAST SWEETS,TOMATOES,PASTRY,PRODUCE,676,0.00269,0.083,0.044,1.36,784,0.86
COLD CEREAL,TOMATOES,GROCERY,PRODUCE,3227,0.01286,0.128,0.211,2.11,3770,0.86
COLD CEREAL,CORN,GROCERY,PRODUCE,556,0.00222,0.022,0.203,2.03,650,0.86
COFFEE,FROZEN MEAT,GROCERY,MEAT-PCKGD,785,0.00313,0.068,0.096,2.09,914,0.86
BAKED BREAD/BUNS/ROLLS,INFANT FORMULA,GROCERY,DRUG GM,556,0.00222,0.009,0.212,0.88,647,0.86
MEAT - MISC,YOGURT,MEAT-PCKGD,GROCERY,1319,0.00526,0.157,0.075,2.23,1537,0.86
APPLES,BREAKFAST SAUSAGE/SANDWICHES,PRODUCE,MEAT-PCKGD,1323,0.00527,0.100,0.121,2.29,1544,0.86
DISHWASH DETERGENTS,SEAFOOD - FROZEN,GROCERY,SEAFOOD-PCKGD,393,0.00157,0.063,0.052,2.11,459,0.86
BREAKFAST SWEETS,CHEESE,PASTRY,GROCERY,1999,0.00797,0.245,0.043,1.31,2319,0.86
COOKWARE & BAKEWARE,SOFT DRINKS,DRUG GM,GROCERY,356,0.00142,0.348,0.005,1.22,415,0.86
MAGAZINE,PNT BTR/JELLY/JAMS,DRUG GM,GROCERY,428,0.00171,0.059,0.041,1.43,497,0.86
DIAPERS & DISPOSABLES,PORK,DRUG GM,MEAT,327,0.00130,0.072,0.026,1.45,382,0.86
FRZN MEAT/MEAT DINNERS,SPICES & EXTRACTS,GROCERY,GROCERY,1613,0.00643,0.071,0.170,1.88,1876,0.86
BAKED BREAD/BUNS/ROLLS,ORGANICS FRUIT & VEGETABLES,GROCERY,PRODUCE,2396,0.00955,0.040,0.453,1.89,2791,0.86
BEEF,BERRIES,MEAT,PRODUCE,2655,0.01058,0.072,0.291,1.99,3086,0.86
DIAPERS & DISPOSABLES,SALAD MIX,DRUG GM,PRODUCE,403,0.00161,0.088,0.026,1.43,470,0.86
LAUNDRY ADDITIVES,VEGETABLES - ALL OTHERS,GROCERY,PRODUCE,619,0.00247,0.139,0.038,2.14,722,0.86
BEEF,ORAL HYGIENE PRODUCTS,MEAT,DRUG GM,1961,0.00781,0.053,0.252,1.72,2291,0.86
CONVENIENT BRKFST/WHLSM SNACKS,POTATOES,GROCERY,PRODUCE,2055,0.00819,0.147,0.134,2.41,2402,0.86
EGGS,PIES,GROCERY,PASTRY,471,0.00188,0.017,0.170,1.53,548,0.86
BREAKFAST SAUSAGE/SANDWICHES,SEAFOOD-FRESH,MEAT-PCKGD,SEAFOOD,317,0.00126,0.029,0.086,1.97,367,0.86
BAKED BREAD/BUNS/ROLLS,VITAMINS,GROCERY,DRUG GM,721,0.00287,0.012,0.362,1.51,840,0.86
ICE CREAM/MILK/SHERBTS,PAPER TOWELS,GROCERY,GROCERY,1281,0.00510,0.064,0.126,1.58,1491,0.86
BAKING MIXES,CAT FOOD,GROCERY,GROCERY,466,0.00186,0.041,0.071,1.58,541,0.86
DELI MEATS,DRY MIX DESSERTS,DELI,GROCERY,786,0.00313,0.046,0.144,2.12,909,0.86
AIR CARE,DRY NOODLES/PASTA,GROCERY,GROCERY,463,0.00184,0.122,0.033,2.18,538,0.86
CONDIMENTS/SAUCES,NEWSPAPER,GROCERY,DRUG GM,336,0.00134,0.019,0.070,0.98,390,0.86
MAGAZINE,PORK,DRUG GM,MEAT,510,0.00203,0.071,0.041,1.43,590,0.86
BEEF,PROCESSED,MEAT,PRODUCE,1415,0.00564,0.039,0.302,2.06,1644,0.86
ORAL HYGIENE PRODUCTS,PEPPERS-ALL,DRUG GM,PRODUCE,504,0.00201,0.065,0.061,1.97,589,0.86
BLEACH,FRZN MEAT/MEAT DINNERS,GROCERY,GROCERY,547,0.00218,0.154,0.024,1.70,639,0.86
COOKIES/CONES,FLOUR & MEALS,GROCERY,GROCERY,431,0.00172,0.025,0.137,2.02,499,0.86
PLASTIC HOUSEWARES,SOFT DRINKS,DRUG GM,GROCERY,780,0.00311,0.357,0.011,1.25,912,0.86
DRY NOODLES/PASTA,MAKEUP AND TREATMENT,GROCERY,COSMETICS,378,0.00151,0.027,0.096,1.72,437,0.86
CHEESE,DIETARY AID PRODUCTS,GROCERY,DRUG GM,560,0.00223,0.012,0.314,1.68,653,0.86
CAT FOOD,TROPICAL FRUIT,GROCERY,PRODUCE,1309,0.00522,0.200,0.040,1.54,1517,0.86
CANDY - PACKAGED,CONDIMENTS/SAUCES,DRUG GM,GROCERY,2253,0.00898,0.105,0.126,1.47,2613,0.86
HOUSEHOLD CLEANG NEEDS,PORK,GROCERY,MEAT,779,0.00310,0.105,0.063,2.14,907,0.86
PROCESSED,SOFT DRINKS,PRODUCE,GROCERY,1774,0.00707,0.378,0.025,1.33,2064,0.86
DOMESTIC WINE,DRY BN/VEG/POTATO/RICE,GROCERY,GROCERY,338,0.00135,0.075,0.025,1.41,394,0.86
FROZEN PIZZA,TROPICAL FRUIT,GROCERY,PRODUCE,5367,0.02139,0.232,0.165,1.79,6274,0.86
PLASTIC HOUSEWARES,REFRGRATD JUICES/DRNKS,DRUG GM,GROCERY,396,0.00158,0.181,0.015,1.75,460,0.86
CAKES,VEGETABLES - ALL OTHERS,PASTRY,PRODUCE,353,0.00141,0.080,0.022,1.22,409,0.86
SOFT DRINKS,TROPICAL FRUIT,GROCERY,PRODUCE,11680,0.04654,0.163,0.360,1.26,13625,0.86
SOFT DRINKS,VALUE ADDED FRUIT,GROCERY,PRODUCE,2093,0.00834,0.029,0.358,1.26,2436,0.86
APPLES,CONDIMENTS/SAUCES,PRODUCE,GROCERY,2136,0.00851,0.162,0.120,2.27,2487,0.86
BROCCOLI/CAULIFLOWER,MEAT - MISC,PRODUCE,MEAT-PCKGD,378,0.00151,0.085,0.045,2.52,439,0.86
BAKING NEEDS,FROZEN MEAT,GROCERY,MEAT-PCKGD,731,0.00291,0.070,0.089,2.15,846,0.86
BATH TISSUES,OLIVES,GROCERY,GROCERY,317,0.00126,0.023,0.120,2.21,370,0.86
BREAKFAST SAUSAGE/SANDWICHES,LAUNDRY ADDITIVES,MEAT-PCKGD,GROCERY,421,0.00168,0.038,0.095,2.16,490,0.86
CITRUS,DOG FOODS,PRODUCE,GROCERY,473,0.00188,0.047,0.067,1.65,552,0.86
LAUNDRY DETERGENTS,SEAFOOD - FROZEN,GROCERY,SEAFOOD-PCKGD,513,0.00204,0.061,0.068,2.02,594,0.86
CRACKERS/MISC BKD FD,PIES,GROCERY,PASTRY,393,0.00157,0.017,0.142,1.56,458,0.86
CANDY - CHECKLANE,DRY NOODLES/PASTA,DRUG GM,GROCERY,1423,0.00567,0.061,0.102,1.10,1655,0.86
DINNER MXS:DRY,FACIAL TISS/DNR NAPKIN,GROCERY,GROCERY,922,0.00367,0.069,0.135,2.54,1070,0.86
SHORTENING/OIL,STONE FRUIT,GROCERY,PRODUCE,379,0.00151,0.046,0.069,2.10,442,0.86
COFFEE,STONE FRUIT,GROCERY,PRODUCE,468,0.00186,0.041,0.085,1.87,541,0.86
BEERS/ALES,FRZN MEAT/MEAT DINNERS,GROCERY,GROCERY,1613,0.00643,0.104,0.071,1.15,1877,0.86
CHEESE,DIAPERS & DISPOSABLES,GROCERY,DRUG GM,1149,0.00458,0.025,0.251,1.35,1329,0.86
BEEF,SALAD BAR,MEAT,SALAD BAR,1207,0.00481,0.033,0.144,0.98,1407,0.86
CAT FOOD,CHICKEN,GROCERY,MEAT,627,0.00250,0.096,0.042,1.60,729,0.86
CAKES,CANDY - CHECKLANE,PASTRY,DRUG GM,371,0.00148,0.084,0.016,0.90,431,0.86
CAT FOOD,SEAFOOD - FROZEN,GROCERY,SEAFOOD-PCKGD,316,0.00126,0.048,0.042,1.61,366,0.86
CAT LITTER,SALD DRSNG/SNDWCH SPRD,GROCERY,GROCERY,363,0.00145,0.123,0.022,1.84,424,0.86
POTATOES,STATIONERY & SCHOOL SUPPLIES,PRODUCE,DRUG GM,410,0.00163,0.027,0.088,1.45,478,0.86
CITRUS,DINNER SAUSAGE,PRODUCE,MEAT-PCKGD,840,0.00335,0.083,0.085,2.11,973,0.86
DINNER SAUSAGE,PAPER TOWELS,MEAT-PCKGD,GROCERY,858,0.00342,0.087,0.084,2.15,994,0.86
BAKED BREAD/BUNS/ROLLS,CHICKEN/POULTRY,GROCERY,DELI,1533,0.00611,0.025,0.261,1.09,1785,0.86
FROZEN BREAD/DOUGH,VALUE ADDED FRUIT,GROCERY,PRODUCE,347,0.00138,0.048,0.059,2.07,408,0.85
BEEF,ELECTRICAL SUPPPLIES,MEAT,DRUG GM,675,0.00269,0.018,0.255,1.74,791,0.85
FRUIT - SHELF STABLE,SHAVING CARE PRODUCTS,GROCERY,DRUG GM,350,0.00139,0.026,0.107,2.01,413,0.85
FRUIT - SHELF STABLE,SEAFOOD-FRESH,GROCERY,SEAFOOD,411,0.00164,0.031,0.112,2.11,484,0.85
BEEF,DIETARY AID PRODUCTS,MEAT,DRUG GM,433,0.00173,0.012,0.243,1.66,510,0.85
BEERS/ALES,PASTA SAUCE,GROCERY,GROCERY,910,0.00363,0.059,0.078,1.26,1073,0.85
FRZN VEGETABLE/VEG DSH,GREETING CARDS/WRAP/PARTY SPLY,GROCERY,DRUG GM,506,0.00202,0.040,0.067,1.31,593,0.85
BEEF,COFFEE FILTERS,MEAT,DRUG GM,445,0.00177,0.012,0.271,1.85,521,0.85
FRUIT - SHELF STABLE,MAKEUP AND TREATMENT,GROCERY,COSMETICS,363,0.00145,0.027,0.092,1.75,426,0.85
COFFEE,SALAD BAR,GROCERY,SALAD BAR,365,0.00145,0.032,0.043,0.95,430,0.85
CHICKEN,MAKEUP AND TREATMENT,MEAT,COSMETICS,369,0.00147,0.025,0.094,1.57,436,0.85
FROZEN PIZZA,SPICES & EXTRACTS,GROCERY,GROCERY,1658,0.00661,0.072,0.175,1.90,1960,0.85
FRZN VEGETABLE/VEG DSH,STATIONERY & SCHOOL SUPPLIES,GROCERY,DRUG GM,333,0.00133,0.026,0.072,1.42,391,0.85
FROZEN PIZZA,OLIVES,GROCERY,GROCERY,516,0.00206,0.022,0.195,2.12,608,0.85
BERRIES,PASTA SAUCE,PRODUCE,GROCERY,1022,0.00407,0.112,0.087,2.40,1198,0.85
GRAPES,SHORTENING/OIL,PRODUCE,GROCERY,754,0.00300,0.075,0.091,2.27,889,0.85
FROZEN PIE/DESSERTS,PASTA SAUCE,GROCERY,GROCERY,615,0.00245,0.096,0.052,2.05,724,0.85
GRAPES,SOFT DRINKS,PRODUCE,GROCERY,3749,0.01494,0.371,0.052,1.30,4406,0.85
FROZEN PIE/DESSERTS,HISPANIC,GROCERY,GROCERY,692,0.00276,0.108,0.049,1.90,813,0.85
BEANS - CANNED GLASS & MW,DEODORANTS,GROCERY,DRUG GM,317,0.00126,0.033,0.075,1.97,371,0.85
BERRIES,SPICES & EXTRACTS,PRODUCE,GROCERY,738,0.00294,0.081,0.078,2.15,870,0.85
GREETING CARDS/WRAP/PARTY SPLY,ONIONS,DRUG GM,PRODUCE,620,0.00247,0.082,0.040,1.32,730,0.85
GREETING CARDS/WRAP/PARTY SPLY,SALD DRSNG/SNDWCH SPRD,DRUG GM,GROCERY,667,0.00266,0.088,0.040,1.32,784,0.85
GREETING CARDS/WRAP/PARTY SPLY,SPICES & EXTRACTS,DRUG GM,GROCERY,372,0.00148,0.049,0.039,1.30,440,0.85
FROZEN MEAT,TOMATOES,MEAT-PCKGD,PRODUCE,1133,0.00451,0.138,0.074,2.27,1327,0.85
BLEACH,CHEESE,GROCERY,GROCERY,1181,0.00471,0.333,0.025,1.78,1397,0.85
BLEACH,CHEESES,GROCERY,DELI,307,0.00122,0.087,0.027,1.92,362,0.85
FROZEN MEAT,ORAL HYGIENE PRODUCTS,MEAT-PCKGD,DRUG GM,503,0.00200,0.061,0.065,1.97,591,0.85
BLEACH,FROZEN PIZZA,GROCERY,GROCERY,567,0.00226,0.160,0.025,1.73,665,0.85
BATTERIES,EGGS,DRUG GM,GROCERY,373,0.00149,0.166,0.013,1.49,437,0.85
BREAD,CANNED JUICES,PASTRY,GROCERY,1073,0.00428,0.135,0.053,1.68,1262,0.85
HAND/BODY/FACIAL PRODUCTS,VEGETABLES - ALL OTHERS,DRUG GM,PRODUCE,352,0.00140,0.124,0.022,1.90,413,0.85
BATH TISSUES,SMOKED MEATS,GROCERY,MEAT,403,0.00161,0.030,0.103,1.90,475,0.85
BATH TISSUES,SALAD MIX,GROCERY,PRODUCE,1675,0.00667,0.123,0.108,1.99,1961,0.85
BREAD,MARGARINES,PASTRY,GROCERY,772,0.00308,0.097,0.057,1.80,909,0.85
FLUID MILK PRODUCTS,MAGAZINE,GROCERY,DRUG GM,2422,0.00965,0.035,0.335,1.22,2850,0.85
FLUID MILK PRODUCTS,HERBS,GROCERY,PRODUCE,1515,0.00604,0.022,0.465,1.68,1772,0.85
FLUID MILK PRODUCTS,HAIR CARE ACCESSORIES,GROCERY,DRUG GM,438,0.00175,0.006,0.367,1.33,514,0.85
BATH,SOFT DRINKS,COSMETICS,GROCERY,349,0.00139,0.333,0.005,1.17,409,0.85
BATH,FLUID MILK PRODUCTS,COSMETICS,GROCERY,410,0.00163,0.391,0.006,1.42,482,0.85
BREAD,WATER - CARBONATED/FLVRD DRINK,PASTRY,GROCERY,812,0.00324,0.102,0.045,1.43,950,0.85
FLOUR & MEALS,LUNCHMEAT,GROCERY,MEAT-PCKGD,570,0.00227,0.182,0.024,1.93,667,0.85
BAKING NEEDS,MEAT - SHELF STABLE,GROCERY,GROCERY,1210,0.00482,0.116,0.088,2.12,1424,0.85
FEMININE HYGIENE,VEGETABLES - SHELF STABLE,DRUG GM,GROCERY,591,0.00235,0.138,0.026,1.53,693,0.85
BAKING NEEDS,DINNER SAUSAGE,GROCERY,MEAT-PCKGD,806,0.00321,0.078,0.082,1.97,945,0.85
BAKING NEEDS,CAT FOOD,GROCERY,GROCERY,406,0.00162,0.039,0.062,1.50,480,0.85
COFFEE,FROZEN PIZZA,GROCERY,GROCERY,1832,0.00730,0.160,0.079,1.73,2158,0.85
BAKING MIXES,WATER - CARBONATED/FLVRD DRINK,GROCERY,GROCERY,1294,0.00516,0.115,0.072,1.60,1516,0.85
BREAKFAST SAUSAGE/SANDWICHES,PAPER TOWELS,MEAT-PCKGD,GROCERY,963,0.00384,0.088,0.095,2.17,1135,0.85
HOUSEHOLD CLEANG NEEDS,VEGETABLES SALAD,GROCERY,PRODUCE,627,0.00250,0.085,0.059,1.99,742,0.85
BREAKFAST SAUSAGE/SANDWICHES,VEGETABLES - ALL OTHERS,MEAT-PCKGD,PRODUCE,1563,0.00623,0.142,0.096,2.19,1847,0.85
BAKING MIXES,ORAL HYGIENE PRODUCTS,GROCERY,DRUG GM,636,0.00253,0.056,0.082,1.82,746,0.85
BAKING MIXES,ISOTONIC DRINKS,GROCERY,GROCERY,433,0.00173,0.038,0.081,1.80,510,0.85
ELECTRICAL SUPPPLIES,ICE CREAM/MILK/SHERBTS,DRUG GM,GROCERY,301,0.00120,0.114,0.015,1.42,353,0.85
LAUNDRY DETERGENTS,ONIONS,GROCERY,PRODUCE,1065,0.00424,0.126,0.068,2.03,1251,0.85
LUNCHMEAT,ORAL HYGIENE PRODUCTS,MEAT-PCKGD,DRUG GM,1253,0.00499,0.053,0.161,1.70,1476,0.85
MAKEUP AND TREATMENT,VEGETABLES - ALL OTHERS,COSMETICS,PRODUCE,410,0.00163,0.104,0.025,1.60,481,0.85
MARGARINES,MELONS,GROCERY,PRODUCE,496,0.00198,0.037,0.115,2.13,581,0.85
CIGARETTES,CRACKERS/MISC BKD FD,DRUG GM,GROCERY,872,0.00347,0.080,0.038,0.88,1022,0.85
MARGARINES,TOMATOES,GROCERY,PRODUCE,1777,0.00708,0.131,0.116,2.16,2079,0.85
MARGARINES,WAREHOUSE SNACKS,GROCERY,GROCERY,657,0.00262,0.048,0.100,1.86,771,0.85
CHICKEN/POULTRY,EGGS,DELI,GROCERY,727,0.00290,0.124,0.026,1.11,858,0.85
CAKES,FLUID MILK PRODUCTS,PASTRY,GROCERY,1327,0.00529,0.300,0.019,1.09,1562,0.85
CHICKEN/POULTRY,FLUID MILK PRODUCTS,DELI,GROCERY,1678,0.00669,0.286,0.024,1.04,1971,0.85
BAKED SWEET GOODS,CHEESES,GROCERY,DELI,1582,0.00630,0.085,0.140,1.88,1857,0.85
CAKES,WATER - CARBONATED/FLVRD DRINK,PASTRY,GROCERY,333,0.00133,0.075,0.019,1.05,391,0.85
CHICKEN/POULTRY,FROZEN PIZZA,DELI,GROCERY,578,0.00230,0.098,0.025,1.07,683,0.85
CANDY - CHECKLANE,DINNER SAUSAGE,DRUG GM,MEAT-PCKGD,973,0.00388,0.042,0.099,1.07,1144,0.85
CANDY - CHECKLANE,FLUID MILK PRODUCTS,DRUG GM,GROCERY,6337,0.02525,0.273,0.092,0.99,7463,0.85
MELONS,VEGETABLES - SHELF STABLE,PRODUCE,GROCERY,867,0.00345,0.201,0.038,2.23,1019,0.85
MILK BY-PRODUCTS,PEARS,GROCERY,PRODUCE,353,0.00141,0.018,0.179,2.28,413,0.85
BAKED BREAD/BUNS/ROLLS,ROLLS,GROCERY,PASTRY,1852,0.00738,0.031,0.364,1.52,2189,0.85
DRIED FRUIT,PORK,NUTRITION,MEAT,360,0.00143,0.119,0.029,2.42,426,0.85
MILK BY-PRODUCTS,SOAP - LIQUID & BAR,GROCERY,DRUG GM,909,0.00362,0.046,0.155,1.98,1066,0.85
CANDY - CHECKLANE,SALD DRSNG/SNDWCH SPRD,DRUG GM,GROCERY,1664,0.00663,0.072,0.099,1.07,1947,0.85
CIGARETTES,VEGETABLES - SHELF STABLE,DRUG GM,GROCERY,863,0.00344,0.079,0.038,0.88,1018,0.85
DOG FOODS,SPICES & EXTRACTS,GROCERY,GROCERY,450,0.00179,0.063,0.048,1.68,527,0.85
CANDY - CHECKLANE,SOUP,DRUG GM,GROCERY,2307,0.00919,0.099,0.098,1.06,2729,0.85
BAKED BREAD/BUNS/ROLLS,FRZN ICE,GROCERY,GROCERY,541,0.00216,0.009,0.232,0.97,637,0.85
DOG FOODS,HISPANIC,GROCERY,GROCERY,683,0.00272,0.096,0.048,1.69,802,0.85
MOLASSES/SYRUP/PANCAKE MIXS,SALAD MIX,GROCERY,PRODUCE,675,0.00269,0.150,0.043,2.42,793,0.85
MOLASSES/SYRUP/PANCAKE MIXS,TOMATOES,GROCERY,PRODUCE,644,0.00257,0.143,0.042,2.35,760,0.85
MUSHROOMS,PAPER TOWELS,PRODUCE,GROCERY,436,0.00174,0.092,0.043,2.27,515,0.85
CITRUS,REFRGRATD DOUGH PRODUCTS,PRODUCE,GROCERY,1202,0.00479,0.119,0.085,2.11,1408,0.85
CANDY - PACKAGED,FRZN VEGETABLE/VEG DSH,DRUG GM,GROCERY,1592,0.00634,0.074,0.125,1.46,1864,0.85
NUTS,SOFT DRINKS,PRODUCE,GROCERY,684,0.00273,0.373,0.010,1.31,803,0.85
CANDY - PACKAGED,PREPARED FOOD,DRUG GM,DELI,370,0.00147,0.017,0.079,0.92,435,0.85
BAKED BREAD/BUNS/ROLLS,BAKING NEEDS,GROCERY,GROCERY,4229,0.01685,0.070,0.407,1.69,4984,0.85
COCOA MIXES,TOMATOES,GROCERY,PRODUCE,526,0.00210,0.138,0.034,2.26,618,0.85
ONIONS,REFRGRATD JUICES/DRNKS,PRODUCE,GROCERY,3005,0.01197,0.193,0.116,1.87,3516,0.85
CANDY - PACKAGED,SEAFOOD - SHELF STABLE,DRUG GM,GROCERY,1056,0.00421,0.049,0.134,1.56,1238,0.85
BAG SNACKS,TEAS,GROCERY,GROCERY,1020,0.00406,0.024,0.293,1.75,1201,0.85
ONIONS,SOFT DRINKS,PRODUCE,GROCERY,5762,0.02296,0.370,0.081,1.30,6789,0.85
CIGARETTES,SEAFOOD - SHELF STABLE,DRUG GM,GROCERY,300,0.00120,0.027,0.038,0.87,353,0.85
DINNER MXS:DRY,PROCESSED,GROCERY,PRODUCE,637,0.00254,0.048,0.136,2.56,749,0.85
ORAL HYGIENE PRODUCTS,VEGETABLES SALAD,DRUG GM,PRODUCE,604,0.00241,0.077,0.056,1.82,711,0.85
ORGANICS FRUIT & VEGETABLES,PASTA SAUCE,PRODUCE,GROCERY,618,0.00246,0.117,0.053,2.50,727,0.85
DINNER MXS:DRY,MAGAZINE,GROCERY,DRUG GM,564,0.00225,0.042,0.078,1.47,665,0.85
AIR CARE,TOMATOES,GROCERY,PRODUCE,451,0.00180,0.118,0.030,1.95,532,0.85
BAG SNACKS,NEWSPAPER,GROCERY,DRUG GM,765,0.00305,0.018,0.159,0.95,901,0.85
PAPER HOUSEWARES,YOGURT,GROCERY,GROCERY,1084,0.00432,0.141,0.062,2.01,1272,0.85
BAG SNACKS,FRZN VEGETABLE/VEG DSH,GROCERY,GROCERY,3697,0.01473,0.088,0.290,1.74,4338,0.85
DEODORANTS,PORK,DRUG GM,MEAT,389,0.00155,0.092,0.031,1.86,460,0.85
AIR CARE,BEEF,GROCERY,MEAT,1014,0.00404,0.266,0.028,1.82,1189,0.85
BAG SNACKS,FLORAL-FRESH CUT,GROCERY,FLORAL,379,0.00151,0.009,0.172,1.03,447,0.85
PASTA SAUCE,REFRIGERATED,GROCERY,NUTRITION,469,0.00187,0.040,0.091,1.94,553,0.85
CANNED JUICES,VEGETABLES SALAD,GROCERY,PRODUCE,1703,0.00679,0.084,0.159,1.98,1992,0.85
PASTA SAUCE,VALUE ADDED FRUIT,GROCERY,PRODUCE,604,0.00241,0.052,0.103,2.21,708,0.85
BAG SNACKS,CITRUS,GROCERY,PRODUCE,2858,0.01139,0.068,0.283,1.69,3372,0.85
CARROTS,FROZEN PIZZA,PRODUCE,GROCERY,1619,0.00645,0.193,0.070,2.09,1900,0.85
CARROTS,HOT DOGS,PRODUCE,MEAT-PCKGD,876,0.00349,0.104,0.080,2.40,1031,0.85
BAG SNACKS,BLEACH,GROCERY,GROCERY,938,0.00374,0.022,0.265,1.58,1107,0.85
CARROTS,MAGAZINE,PRODUCE,DRUG GM,353,0.00141,0.042,0.049,1.46,417,0.85
DELI MEATS,DIAPERS & DISPOSABLES,DELI,DRUG GM,421,0.00168,0.025,0.092,1.35,496,0.85
STATIONERY & SCHOOL SUPPLIES,VEGETABLES - ALL OTHERS,DRUG GM,PRODUCE,425,0.00169,0.092,0.026,1.41,502,0.85
PICKLE/RELISH/PKLD VEG,SOAP - LIQUID & BAR,GROCERY,DRUG GM,318,0.00127,0.052,0.054,2.21,375,0.85
CRACKERS/MISC BKD FD,REFRIGERATED,GROCERY,NUTRITION,838,0.00334,0.037,0.162,1.79,987,0.85
PIES,REFRGRATD JUICES/DRNKS,PASTRY,GROCERY,404,0.00161,0.146,0.016,1.41,473,0.85
ANALGESICS,APPLES,DRUG GM,PRODUCE,313,0.00125,0.074,0.024,1.40,370,0.85
CORN,VEGETABLES - SHELF STABLE,PRODUCE,GROCERY,529,0.00211,0.193,0.023,2.15,625,0.85
CAT FOOD,VEGETABLES - ALL OTHERS,GROCERY,PRODUCE,685,0.00273,0.104,0.042,1.60,805,0.85
PORK,SALADS/DIPS,MEAT,DELI,535,0.00213,0.043,0.089,1.80,628,0.85
COOKIES/CONES,TOMATOES,GROCERY,PRODUCE,2085,0.00831,0.122,0.137,2.00,2451,0.85
CIGARETTES,MARGARINES,DRUG GM,GROCERY,523,0.00208,0.048,0.039,0.89,612,0.85
COCOA MIXES,ONIONS,GROCERY,PRODUCE,555,0.00221,0.145,0.036,2.34,650,0.85
BABY HBC,LUNCHMEAT,DRUG GM,MEAT-PCKGD,601,0.00239,0.151,0.025,1.60,710,0.85
BABY HBC,BAKED BREAD/BUNS/ROLLS,DRUG GM,GROCERY,1445,0.00576,0.363,0.024,1.51,1701,0.85
COOKIES,COOKIES/CONES,PASTRY,GROCERY,373,0.00149,0.101,0.022,1.48,438,0.85
BABY FOODS,SALD DRSNG/SNDWCH SPRD,DRUG GM,GROCERY,450,0.00179,0.106,0.027,1.59,529,0.85
REFRGRATD DOUGH PRODUCTS,SNACK NUTS,GROCERY,GROCERY,524,0.00209,0.037,0.112,1.99,616,0.85
CONVENIENT BRKFST/WHLSM SNACKS,SALADS/DIPS,GROCERY,DELI,619,0.00247,0.044,0.103,1.85,728,0.85
REFRGRATD DOUGH PRODUCTS,VEGETABLES - ALL OTHERS,GROCERY,PRODUCE,1981,0.00789,0.140,0.121,2.15,2344,0.85
REFRGRATD DOUGH PRODUCTS,VEGETABLES SALAD,GROCERY,PRODUCE,1272,0.00507,0.090,0.119,2.11,1496,0.85
REFRGRATD JUICES/DRNKS,SQUASH,GROCERY,PRODUCE,424,0.00169,0.016,0.209,2.02,498,0.85
CHEESE,GREETING CARDS/WRAP/PARTY SPLY,GROCERY,DRUG GM,1764,0.00703,0.038,0.232,1.24,2082,0.85
CHEESE,HAND/BODY/FACIAL PRODUCTS,GROCERY,DRUG GM,930,0.00371,0.020,0.327,1.75,1089,0.85
CONVENIENT BRKFST/WHLSM SNACKS,FROZEN PIE/DESSERTS,GROCERY,GROCERY,711,0.00283,0.051,0.111,1.99,833,0.85
CHEESE,INFANT FORMULA,GROCERY,DRUG GM,448,0.00179,0.010,0.171,0.92,525,0.85
CHEESE,MAGAZINE,GROCERY,DRUG GM,1815,0.00723,0.039,0.251,1.35,2129,0.85
ROLLS,SOUP,PASTRY,GROCERY,826,0.00329,0.163,0.035,1.73,970,0.85
CONDIMENTS/SAUCES,ORAL HYGIENE PRODUCTS,GROCERY,DRUG GM,1036,0.00413,0.058,0.133,1.87,1214,0.85
APPLES,MEAT - SHELF STABLE,PRODUCE,GROCERY,1754,0.00699,0.133,0.127,2.42,2056,0.85
CHEESE,WATER,GROCERY,NUTRITION,351,0.00140,0.007,0.247,1.32,415,0.85
SALADS/DIPS,VEGETABLES - SHELF STABLE,DELI,GROCERY,1003,0.00400,0.167,0.044,1.85,1174,0.85
APPLES,FROZEN PIZZA,PRODUCE,GROCERY,2402,0.00957,0.182,0.104,1.97,2829,0.85
COLD CEREAL,SALADS/DIPS,GROCERY,DELI,1054,0.00420,0.042,0.175,1.75,1234,0.85
APPLES,BAKED SWEET GOODS,PRODUCE,GROCERY,1915,0.00763,0.145,0.103,1.95,2254,0.85
COLD AND FLU,VEGETABLES - SHELF STABLE,DRUG GM,GROCERY,532,0.00212,0.109,0.024,1.21,627,0.85
COLD AND FLU,VEGETABLES - ALL OTHERS,DRUG GM,PRODUCE,377,0.00150,0.077,0.023,1.19,444,0.85
SHORTENING/OIL,YOGURT,GROCERY,GROCERY,1271,0.00506,0.154,0.072,2.19,1504,0.85
ANALGESICS,VEGETABLES - SHELF STABLE,DRUG GM,GROCERY,547,0.00218,0.129,0.024,1.43,641,0.85
CHICKEN,FEMININE HYGIENE,MEAT,DRUG GM,370,0.00147,0.025,0.086,1.44,438,0.85
ANALGESICS,POTATOES,DRUG GM,PRODUCE,362,0.00144,0.085,0.024,1.40,427,0.85
COLD AND FLU,EGGS,DRUG GM,GROCERY,627,0.00250,0.129,0.023,1.16,741,0.85
COLD AND FLU,COOKIES/CONES,DRUG GM,GROCERY,381,0.00152,0.078,0.022,1.15,449,0.85
SOFT DRINKS,UNKNOWN,GROCERY,FROZEN GROCERY,391,0.00156,0.005,0.369,1.29,462,0.85
SOFT DRINKS,VEGETABLES SALAD,GROCERY,PRODUCE,3902,0.01555,0.055,0.364,1.28,4603,0.85
SOUP,STATIONERY & SCHOOL SUPPLIES,GROCERY,DRUG GM,616,0.00245,0.026,0.133,1.41,727,0.85
FRZN JCE CONC/DRNKS,SOFT DRINKS,GROCERY,GROCERY,671,0.00267,0.354,0.009,1.24,786,0.85
BEEF,PLASTIC HOUSEWARES,MEAT,DRUG GM,591,0.00235,0.016,0.270,1.85,697,0.85
BEEF,NEWSPAPER,MEAT,DRUG GM,678,0.00270,0.018,0.141,0.96,800,0.85
BEEF,LAUNDRY ADDITIVES,MEAT,GROCERY,1257,0.00501,0.034,0.283,1.93,1472,0.85
FRZN NOVELTIES/WTR ICE,PEPPERS-ALL,GROCERY,PRODUCE,649,0.00259,0.063,0.079,1.92,761,0.85
ANALGESICS,DINNER MXS:DRY,DRUG GM,GROCERY,336,0.00134,0.079,0.025,1.50,394,0.85
BAG SNACKS,KITCHEN GADGETS,GROCERY,DRUG GM,487,0.00194,0.012,0.256,1.53,583,0.84
BEERS/ALES,FLUID MILK PRODUCTS,GROCERY,GROCERY,4622,0.01842,0.298,0.067,1.08,5525,0.84
BREAKFAST SAUSAGE/SANDWICHES,TOMATOES,MEAT-PCKGD,PRODUCE,1432,0.00571,0.131,0.094,2.15,1695,0.84
HAIR CARE PRODUCTS,TOMATOES,DRUG GM,PRODUCE,867,0.00345,0.109,0.057,1.80,1037,0.84
DOG FOODS,REFRGRATD JUICES/DRNKS,GROCERY,GROCERY,1064,0.00424,0.150,0.041,1.45,1268,0.84
AIR CARE,VEGETABLES - ALL OTHERS,GROCERY,PRODUCE,487,0.00194,0.128,0.030,1.96,580,0.84
CHEESE,PET CARE SUPPLIES,GROCERY,GROCERY,757,0.00302,0.016,0.302,1.62,906,0.84
BROOMS AND MOPS,PORK,DRUG GM,MEAT,310,0.00124,0.102,0.025,2.07,371,0.84
CONVENIENT BRKFST/WHLSM SNACKS,CORN,GROCERY,PRODUCE,328,0.00131,0.023,0.120,2.15,389,0.84
BAG SNACKS,MAKEUP AND TREATMENT,GROCERY,COSMETICS,879,0.00350,0.021,0.224,1.34,1045,0.84
CANDY - CHECKLANE,PNT BTR/JELLY/JAMS,DRUG GM,GROCERY,1012,0.00403,0.044,0.098,1.05,1211,0.84
MEAT - MISC,ORAL HYGIENE PRODUCTS,MEAT-PCKGD,DRUG GM,495,0.00197,0.059,0.064,1.89,589,0.84
HAIR CARE PRODUCTS,SPICES & EXTRACTS,DRUG GM,GROCERY,547,0.00218,0.069,0.058,1.83,653,0.84
FACIAL TISS/DNR NAPKIN,PWDR/CRYSTL DRNK MX,GROCERY,GROCERY,333,0.00133,0.049,0.063,2.29,395,0.84
FACIAL TISS/DNR NAPKIN,PEPPERS-ALL,GROCERY,PRODUCE,519,0.00207,0.076,0.063,2.31,618,0.84
FD WRAPS/BAGS/TRSH BG,STONE FRUIT,GROCERY,PRODUCE,479,0.00191,0.043,0.087,1.95,568,0.84
BAKED BREAD/BUNS/ROLLS,GREETING CARDS/WRAP/PARTY SPLY,GROCERY,DRUG GM,2148,0.00856,0.036,0.283,1.18,2562,0.84
CANDY - CHECKLANE,TEAS,DRUG GM,GROCERY,339,0.00135,0.015,0.097,1.05,404,0.84
CONDIMENTS/SAUCES,STONE FRUIT,GROCERY,PRODUCE,787,0.00314,0.044,0.144,2.02,932,0.84
COLD CEREAL,FROZEN PIE/DESSERTS,GROCERY,GROCERY,1173,0.00467,0.047,0.183,1.82,1402,0.84
BAG SNACKS,MELONS,GROCERY,PRODUCE,1214,0.00484,0.029,0.281,1.68,1443,0.84
PAPER HOUSEWARES,PEPPERS-ALL,GROCERY,PRODUCE,533,0.00212,0.069,0.065,2.12,638,0.84
CHEESES,SHORTENING/OIL,DELI,GROCERY,817,0.00326,0.072,0.099,2.19,967,0.84
ICE CREAM/MILK/SHERBTS,PEPPERS-ALL,GROCERY,PRODUCE,1068,0.00426,0.053,0.130,1.63,1271,0.84
CITRUS,DEODORANTS,PRODUCE,DRUG GM,301,0.00120,0.030,0.071,1.76,357,0.84
EGGS,FROZEN,GROCERY,NUTRITION,340,0.00135,0.012,0.220,1.98,404,0.84
CANDY - PACKAGED,SALAD MIX,DRUG GM,PRODUCE,1922,0.00766,0.089,0.124,1.45,2285,0.84
DELI MEATS,PWDR/CRYSTL DRNK MX,DELI,GROCERY,765,0.00305,0.045,0.144,2.11,908,0.84
CANDY - CHECKLANE,REFRGRATD JUICES/DRNKS,DRUG GM,GROCERY,2416,0.00963,0.104,0.093,1.01,2867,0.84
CHICKEN/POULTRY,COOKIES/CONES,DELI,GROCERY,437,0.00174,0.074,0.026,1.09,520,0.84
CANDY - PACKAGED,SEAFOOD - FROZEN,DRUG GM,SEAFOOD-PCKGD,918,0.00366,0.043,0.122,1.43,1091,0.84
HAIR CARE PRODUCTS,PEPPERS-ALL,DRUG GM,PRODUCE,505,0.00201,0.064,0.061,1.94,600,0.84
FRZN POTATOES,YOGURT,GROCERY,GROCERY,1195,0.00476,0.147,0.068,2.10,1420,0.84
CONDIMENTS/SAUCES,SALAD BAR,GROCERY,SALAD BAR,580,0.00231,0.032,0.069,0.97,692,0.84
LUNCHMEAT,SHAVING CARE PRODUCTS,MEAT-PCKGD,DRUG GM,511,0.00204,0.022,0.156,1.65,609,0.84
DRY SAUCES/GRAVY,FACIAL TISS/DNR NAPKIN,GROCERY,GROCERY,411,0.00164,0.063,0.060,2.32,488,0.84
CAT LITTER,TROPICAL FRUIT,GROCERY,PRODUCE,641,0.00255,0.217,0.020,1.68,765,0.84
BEEF,PEARS,MEAT,PRODUCE,604,0.00241,0.016,0.306,2.09,717,0.84
FROZEN MEAT,PEPPERS-ALL,MEAT-PCKGD,PRODUCE,659,0.00263,0.080,0.080,2.45,781,0.84
FACIAL TISS/DNR NAPKIN,FRZN NOVELTIES/WTR ICE,GROCERY,GROCERY,509,0.00203,0.074,0.049,1.80,608,0.84
HAIR CARE PRODUCTS,MARGARINES,DRUG GM,GROCERY,786,0.00313,0.099,0.058,1.84,938,0.84
CHEESES,MEAT - SHELF STABLE,DELI,GROCERY,1402,0.00559,0.124,0.102,2.25,1672,0.84
BEEF,MAGAZINE,MEAT,DRUG GM,1399,0.00557,0.038,0.194,1.32,1657,0.84
BEEF,YOGURT,MEAT,GROCERY,4954,0.01974,0.135,0.282,1.93,5910,0.84
CANDY - CHECKLANE,VEGETABLES SALAD,DRUG GM,PRODUCE,1041,0.00415,0.045,0.097,1.05,1240,0.84
FRZN BREAKFAST FOODS,POTATOES,GROCERY,PRODUCE,1036,0.00413,0.142,0.068,2.33,1234,0.84
APPLES,MEAT - MISC,PRODUCE,MEAT-PCKGD,1017,0.00405,0.077,0.121,2.29,1213,0.84
SUGARS/SWEETNERS,TROPICAL FRUIT,GROCERY,PRODUCE,2541,0.01013,0.247,0.078,1.91,3027,0.84
DINNER MXS:DRY,YOGURT,GROCERY,GROCERY,2244,0.00894,0.169,0.128,2.41,2660,0.84
BEANS - CANNED GLASS & MW,BREAD,GROCERY,PASTRY,567,0.00226,0.060,0.071,1.88,676,0.84
FROZEN PIE/DESSERTS,MEAT - SHELF STABLE,GROCERY,GROCERY,693,0.00276,0.108,0.050,1.96,822,0.84
FACIAL TISS/DNR NAPKIN,FROZEN PIZZA,GROCERY,GROCERY,1211,0.00483,0.177,0.052,1.92,1439,0.84
CHICKEN,PAPER HOUSEWARES,MEAT,GROCERY,906,0.00361,0.060,0.118,1.97,1081,0.84
CHEESE,TOYS AND GAMES,GROCERY,DRUG GM,525,0.00209,0.011,0.276,1.48,623,0.84
BAG SNACKS,PLASTIC HOUSEWARES,GROCERY,DRUG GM,596,0.00237,0.014,0.273,1.63,706,0.84
PWDR/CRYSTL DRNK MX,VEGETABLES - ALL OTHERS,GROCERY,PRODUCE,782,0.00312,0.147,0.048,2.26,926,0.84
CHEESE,VALUE ADDED FRUIT,GROCERY,PRODUCE,2010,0.00801,0.043,0.344,1.84,2379,0.84
FLORAL-FRESH CUT,FLUID MILK PRODUCTS,FLORAL,GROCERY,603,0.00240,0.274,0.009,0.99,715,0.84
CITRUS,LUNCHMEAT,PRODUCE,MEAT-PCKGD,1814,0.00723,0.179,0.077,1.90,2157,0.84
DOMESTIC WINE,FLUID MILK PRODUCTS,GROCERY,GROCERY,1466,0.00584,0.324,0.021,1.17,1737,0.84
SALD DRSNG/SNDWCH SPRD,STATIONERY & SCHOOL SUPPLIES,GROCERY,DRUG GM,436,0.00174,0.026,0.094,1.41,517,0.84
BAG SNACKS,SMOKED MEATS,GROCERY,MEAT,1086,0.00433,0.026,0.277,1.66,1295,0.84
LUNCHMEAT,NEWSPAPER,MEAT-PCKGD,DRUG GM,433,0.00173,0.018,0.090,0.95,515,0.84
DRY SAUCES/GRAVY,SOAP - LIQUID & BAR,GROCERY,DRUG GM,321,0.00128,0.049,0.055,2.12,384,0.84
GREETING CARDS/WRAP/PARTY SPLY,HISPANIC,DRUG GM,GROCERY,563,0.00224,0.074,0.039,1.31,667,0.84
CHEESES,FRZN MEAT/MEAT DINNERS,DELI,GROCERY,1879,0.00749,0.166,0.083,1.83,2227,0.84
CANDY - PACKAGED,VEGETABLES - ALL OTHERS,DRUG GM,PRODUCE,2021,0.00805,0.094,0.124,1.44,2400,0.84
BAKED BREAD/BUNS/ROLLS,MAGAZINE,GROCERY,DRUG GM,2197,0.00875,0.036,0.304,1.27,2626,0.84
BAKED BREAD/BUNS/ROLLS,SALAD BAR,GROCERY,SALAD BAR,1919,0.00765,0.032,0.229,0.95,2286,0.84
CHICKEN,STATIONERY & SCHOOL SUPPLIES,MEAT,DRUG GM,383,0.00153,0.025,0.083,1.38,456,0.84
DELI MEATS,TURKEY,DELI,MEAT,382,0.00152,0.022,0.137,2.01,455,0.84
BAKING MIXES,ORGANICS FRUIT & VEGETABLES,GROCERY,PRODUCE,507,0.00202,0.045,0.096,2.13,606,0.84
CONVENIENT BRKFST/WHLSM SNACKS,SPICES & EXTRACTS,GROCERY,GROCERY,1207,0.00481,0.086,0.128,2.29,1436,0.84
BAKED BREAD/BUNS/ROLLS,STATIONERY & SCHOOL SUPPLIES,GROCERY,DRUG GM,1407,0.00561,0.023,0.303,1.26,1670,0.84
DOMESTIC WINE,SOUP,GROCERY,GROCERY,564,0.00225,0.125,0.024,1.33,675,0.84
BAKED BREAD/BUNS/ROLLS,FITNESS&DIET,GROCERY,NUTRITION,550,0.00219,0.009,0.334,1.39,652,0.84
BEEF,FROZEN PIE/DESSERTS,MEAT,GROCERY,1627,0.00648,0.044,0.253,1.73,1927,0.84
HOUSEHOLD CLEANG NEEDS,LUNCHMEAT,GROCERY,MEAT-PCKGD,1289,0.00514,0.175,0.054,1.85,1527,0.84
BABY HBC,VEGETABLES - SHELF STABLE,DRUG GM,GROCERY,645,0.00257,0.162,0.029,1.80,767,0.84
EYE AND EAR CARE PRODUCTS,SOFT DRINKS,DRUG GM,GROCERY,324,0.00129,0.292,0.005,1.03,387,0.84
FITNESS&DIET,SOFT DRINKS,NUTRITION,GROCERY,496,0.00198,0.301,0.007,1.06,594,0.84
PASTA SAUCE,STATIONERY & SCHOOL SUPPLIES,GROCERY,DRUG GM,323,0.00129,0.028,0.070,1.49,385,0.84
SPICES & EXTRACTS,STONE FRUIT,GROCERY,PRODUCE,415,0.00165,0.044,0.076,2.01,493,0.84
BATH TISSUES,ORGANICS FRUIT & VEGETABLES,GROCERY,PRODUCE,575,0.00229,0.042,0.109,2.00,686,0.84
CANNED MILK,LUNCHMEAT,GROCERY,MEAT-PCKGD,303,0.00121,0.167,0.013,1.77,359,0.84
CITRUS,PASTA SAUCE,PRODUCE,GROCERY,1097,0.00437,0.109,0.094,2.32,1301,0.84
BAKED BREAD/BUNS/ROLLS,TOYS AND GAMES,GROCERY,DRUG GM,637,0.00254,0.011,0.335,1.40,754,0.84
MOLASSES/SYRUP/PANCAKE MIXS,VEGETABLES - ALL OTHERS,GROCERY,PRODUCE,704,0.00281,0.156,0.043,2.40,834,0.84
DEODORANTS,ICE CREAM/MILK/SHERBTS,DRUG GM,GROCERY,464,0.00185,0.109,0.023,1.37,550,0.84
FITNESS&DIET,FLUID MILK PRODUCTS,NUTRITION,GROCERY,585,0.00233,0.355,0.008,1.29,694,0.84
ISOTONIC DRINKS,POTATOES,GROCERY,PRODUCE,615,0.00245,0.115,0.040,1.89,729,0.84
CANDY - CHECKLANE,DRY BN/VEG/POTATO/RICE,DRUG GM,GROCERY,1324,0.00528,0.057,0.100,1.08,1569,0.84
CAT FOOD,MARGARINES,GROCERY,GROCERY,560,0.00223,0.085,0.041,1.58,668,0.84
FRZN MEAT/MEAT DINNERS,PREPARED FOOD,GROCERY,DELI,422,0.00168,0.019,0.090,0.99,502,0.84
MUSHROOMS,PAPER HOUSEWARES,PRODUCE,GROCERY,307,0.00122,0.065,0.040,2.12,367,0.84
BEERS/ALES,SEAFOOD - SHELF STABLE,GROCERY,GROCERY,610,0.00243,0.039,0.077,1.25,723,0.84
BAKING MIXES,HERBS,GROCERY,PRODUCE,308,0.00123,0.027,0.094,2.10,368,0.84
BEEF,CAT LITTER,MEAT,GROCERY,718,0.00286,0.020,0.243,1.66,851,0.84
BREAD,DRY SAUCES/GRAVY,PASTRY,GROCERY,378,0.00151,0.048,0.058,1.84,451,0.84
BAG SNACKS,BERRIES,GROCERY,PRODUCE,2591,0.01032,0.062,0.284,1.70,3100,0.84
HOT DOGS,HOUSEHOLD CLEANG NEEDS,MEAT-PCKGD,GROCERY,660,0.00263,0.060,0.089,2.05,782,0.84
BREAKFAST SWEETS,SALAD MIX,PASTRY,PRODUCE,671,0.00267,0.082,0.043,1.33,802,0.84
DOG FOODS,SHORTENING/OIL,GROCERY,GROCERY,397,0.00158,0.056,0.048,1.70,471,0.84
MUSHROOMS,REFRGRATD DOUGH PRODUCTS,PRODUCE,GROCERY,603,0.00240,0.127,0.043,2.26,721,0.84
CHEESE,FIRST AID PRODUCTS,GROCERY,DRUG GM,648,0.00258,0.014,0.245,1.31,774,0.84
BEEF,CANDY - CHECKLANE,MEAT,DRUG GM,3473,0.01384,0.095,0.149,1.02,4157,0.84
COFFEE,ROLLS,GROCERY,PASTRY,361,0.00144,0.031,0.071,1.56,431,0.84
BAKED BREAD/BUNS/ROLLS,SEAFOOD-FRESH,GROCERY,SEAFOOD,1455,0.00580,0.024,0.396,1.65,1729,0.84
CHEESE,FRZN ICE,GROCERY,GROCERY,415,0.00165,0.009,0.178,0.95,491,0.84
HEAT/SERVE,ONIONS,MEAT-PCKGD,PRODUCE,693,0.00276,0.131,0.045,2.12,820,0.84
HARDWARE SUPPLIES,SOFT DRINKS,DRUG GM,GROCERY,371,0.00148,0.313,0.005,1.10,439,0.84
BATH TISSUES,TOMATOES,GROCERY,PRODUCE,1582,0.00630,0.116,0.104,1.91,1893,0.84
CHEESE,INFANT CARE PRODUCTS,GROCERY,DRUG GM,316,0.00126,0.007,0.278,1.49,377,0.84
MAGAZINE,VEGETABLES - ALL OTHERS,DRUG GM,PRODUCE,650,0.00259,0.090,0.040,1.38,774,0.84
DEODORANTS,TOMATOES,DRUG GM,PRODUCE,454,0.00181,0.107,0.030,1.76,543,0.84
CAT LITTER,REFRGRATD JUICES/DRNKS,GROCERY,GROCERY,473,0.00188,0.160,0.018,1.55,565,0.84
MAGAZINE,SPICES & EXTRACTS,DRUG GM,GROCERY,372,0.00148,0.051,0.039,1.37,445,0.84
SPICES & EXTRACTS,TROPICAL FRUIT,GROCERY,PRODUCE,2415,0.00962,0.255,0.074,1.97,2886,0.84
COFFEE,HOT DOGS,GROCERY,MEAT-PCKGD,969,0.00386,0.085,0.089,1.94,1152,0.84
FROZEN PIZZA,SALADS/DIPS,GROCERY,DELI,864,0.00344,0.037,0.144,1.56,1035,0.84
BEANS - CANNED GLASS & MW,VALUE ADDED FRUIT,GROCERY,PRODUCE,470,0.00187,0.049,0.080,2.12,562,0.84
EGGS,TOYS AND GAMES,GROCERY,DRUG GM,318,0.00127,0.011,0.167,1.51,380,0.84
HAND/BODY/FACIAL PRODUCTS,POTATOES,DRUG GM,PRODUCE,335,0.00133,0.118,0.022,1.93,398,0.84
MAGAZINE,SALD DRSNG/SNDWCH SPRD,DRUG GM,GROCERY,665,0.00265,0.092,0.040,1.38,793,0.84
SOAP - LIQUID & BAR,VEGETABLES - ALL OTHERS,DRUG GM,PRODUCE,764,0.00304,0.130,0.047,2.00,910,0.84
CAT LITTER,DELI MEATS,GROCERY,DELI,345,0.00137,0.117,0.020,1.71,409,0.84
POPCORN,VEGETABLES - ALL OTHERS,PRODUCE,PRODUCE,547,0.00218,0.139,0.033,2.14,650,0.84
DINNER SAUSAGE,TROPICAL FRUIT,MEAT-PCKGD,PRODUCE,2510,0.01000,0.254,0.077,1.97,2986,0.84
BREAKFAST SWEETS,SOUP,PASTRY,GROCERY,1014,0.00404,0.124,0.043,1.32,1209,0.84
HOUSEHOLD CLEANG NEEDS,SEAFOOD - FROZEN,GROCERY,SEAFOOD-PCKGD,445,0.00177,0.060,0.059,2.01,531,0.84
FROZEN PIZZA,POTATOES,GROCERY,PRODUCE,2742,0.01093,0.118,0.179,1.95,3262,0.84
NEWSPAPER,SOUP,DRUG GM,GROCERY,431,0.00172,0.090,0.018,0.95,512,0.84
BAKED BREAD/BUNS/ROLLS,HAND/BODY/FACIAL PRODUCTS,GROCERY,DRUG GM,1093,0.00436,0.018,0.384,1.60,1298,0.84
LAUNDRY ADDITIVES,ONIONS,GROCERY,PRODUCE,583,0.00232,0.131,0.037,2.11,693,0.84
CHICKEN/POULTRY,COLD CEREAL,DELI,GROCERY,654,0.00261,0.111,0.026,1.11,781,0.84
CAT FOOD,SALD DRSNG/SNDWCH SPRD,GROCERY,GROCERY,692,0.00276,0.106,0.041,1.58,827,0.84
HOT DOGS,SALAD MIX,MEAT-PCKGD,PRODUCE,1454,0.00579,0.133,0.094,2.15,1741,0.84
BACON,HERBS,MEAT-PCKGD,PRODUCE,321,0.00128,0.030,0.098,2.27,384,0.84
BAG SNACKS,HAND/BODY/FACIAL PRODUCTS,GROCERY,DRUG GM,730,0.00291,0.017,0.257,1.54,868,0.84
NUTS,REFRGRATD JUICES/DRNKS,PRODUCE,GROCERY,351,0.00140,0.191,0.014,1.85,420,0.84
BAKING MIXES,DELI MEATS,GROCERY,DELI,1513,0.00603,0.134,0.088,1.97,1792,0.84
REFRIGERATED,VEGETABLES - SHELF STABLE,NUTRITION,GROCERY,854,0.00340,0.165,0.038,1.84,1022,0.84
BEEF,VALUE ADDED FRUIT,MEAT,PRODUCE,1562,0.00622,0.043,0.267,1.83,1853,0.84
BATH TISSUES,VEGETABLES - ALL OTHERS,GROCERY,PRODUCE,1725,0.00687,0.127,0.106,1.94,2061,0.84
CHRISTMAS  SEASONAL,FLUID MILK PRODUCTS,DRUG GM,GROCERY,651,0.00259,0.344,0.009,1.25,773,0.84
BREAKFAST SWEETS,VEGETABLES - ALL OTHERS,PASTRY,PRODUCE,706,0.00281,0.087,0.043,1.33,842,0.84
FRZN MEAT/MEAT DINNERS,SEAFOOD-FRESH,GROCERY,SEAFOOD,554,0.00221,0.024,0.151,1.66,658,0.84
PNT BTR/JELLY/JAMS,TOMATOES,GROCERY,PRODUCE,1385,0.00552,0.134,0.091,2.20,1643,0.84
PREPARED FOOD,SALD DRSNG/SNDWCH SPRD,DELI,GROCERY,330,0.00131,0.070,0.020,1.05,395,0.84
HAIR CARE PRODUCTS,VEGETABLES - ALL OTHERS,DRUG GM,PRODUCE,946,0.00377,0.119,0.058,1.83,1129,0.84
CIGARETTES,FRZN NOVELTIES/WTR ICE,DRUG GM,GROCERY,390,0.00155,0.036,0.038,0.87,463,0.84
BABY HBC,EGGS,DRUG GM,GROCERY,732,0.00292,0.184,0.026,1.66,866,0.84
CAT FOOD,DRY NOODLES/PASTA,GROCERY,GROCERY,609,0.00243,0.093,0.043,1.66,727,0.84
COOKIES,VEGETABLES - ALL OTHERS,PASTRY,PRODUCE,369,0.00147,0.100,0.023,1.53,441,0.84
PAPER TOWELS,PEPPERS-ALL,GROCERY,PRODUCE,753,0.00300,0.074,0.092,2.26,894,0.84
BROCCOLI/CAULIFLOWER,CANDY - PACKAGED,PRODUCE,DRUG GM,583,0.00232,0.130,0.027,1.52,695,0.84
BREAKFAST SAUSAGE/SANDWICHES,DRIED FRUIT,MEAT-PCKGD,NUTRITION,309,0.00123,0.028,0.103,2.35,370,0.84
LAUNDRY ADDITIVES,VEGETABLES SALAD,GROCERY,PRODUCE,385,0.00153,0.087,0.036,2.03,461,0.84
FACIAL TISS/DNR NAPKIN,PORK,GROCERY,MEAT,745,0.00297,0.109,0.060,2.21,899,0.83
BREAKFAST SAUSAGE/SANDWICHES,HAIR CARE PRODUCTS,MEAT-PCKGD,DRUG GM,634,0.00253,0.058,0.080,1.83,765,0.83
COOKIES/CONES,SMOKED MEATS,GROCERY,MEAT,509,0.00203,0.030,0.130,1.91,614,0.83
BAKING NEEDS,BEEF,GROCERY,MEAT,2717,0.01083,0.261,0.074,1.79,3265,0.83
BAKING NEEDS,BEERS/ALES,GROCERY,GROCERY,737,0.00294,0.071,0.048,1.15,884,0.83
BAKING NEEDS,ORAL HYGIENE PRODUCTS,GROCERY,DRUG GM,546,0.00218,0.053,0.070,1.69,655,0.83
PORK,SALAD BAR,MEAT,SALAD BAR,401,0.00160,0.032,0.048,0.97,481,0.83
FEMININE HYGIENE,MEAT - SHELF STABLE,DRUG GM,GROCERY,352,0.00140,0.082,0.026,1.49,426,0.83
FIRST AID PRODUCTS,VEGETABLES - SHELF STABLE,DRUG GM,GROCERY,336,0.00134,0.127,0.015,1.41,406,0.83
BACON,DEODORANTS,MEAT-PCKGD,DRUG GM,339,0.00135,0.031,0.080,1.84,411,0.83
BAKED BREAD/BUNS/ROLLS,HARDWARE SUPPLIES,GROCERY,DRUG GM,403,0.00161,0.007,0.340,1.42,487,0.83
FIRST AID PRODUCTS,FROZEN PIZZA,DRUG GM,GROCERY,306,0.00122,0.116,0.013,1.26,370,0.83
CORN,SOFT DRINKS,PRODUCE,GROCERY,961,0.00383,0.351,0.013,1.23,1154,0.83
CANDY - CHECKLANE,MELONS,DRUG GM,PRODUCE,413,0.00165,0.018,0.096,1.03,498,0.83
CANDY - CHECKLANE,CHICKEN,DRUG GM,MEAT,1436,0.00572,0.062,0.095,1.03,1733,0.83
CANDY - CHECKLANE,TOMATOES,DRUG GM,PRODUCE,1466,0.00584,0.063,0.096,1.04,1772,0.83
MARGARINES,PROCESSED,GROCERY,PRODUCE,559,0.00223,0.041,0.119,2.21,673,0.83
CANDY - CHECKLANE,VEGETABLES - SHELF STABLE,DRUG GM,GROCERY,2207,0.00879,0.095,0.098,1.06,2658,0.83
MISCELLANEOUS,YOGURT,MEAT-PCKGD,GROCERY,341,0.00136,0.155,0.019,2.21,412,0.83
MELONS,SUGARS/SWEETNERS,PRODUCE,GROCERY,351,0.00140,0.081,0.034,1.98,423,0.83
FRZN POTATOES,HOUSEHOLD CLEANG NEEDS,GROCERY,GROCERY,474,0.00189,0.058,0.064,1.99,574,0.83
BAKED BREAD/BUNS/ROLLS,SPRING/SUMMER SEASONAL,GROCERY,DRUG GM,652,0.00260,0.011,0.342,1.43,783,0.83
BAKED BREAD/BUNS/ROLLS,FIRST AID PRODUCTS,GROCERY,DRUG GM,791,0.00315,0.013,0.300,1.25,948,0.83
CANDY - CHECKLANE,DELI MEATS,DRUG GM,DELI,1626,0.00648,0.070,0.095,1.03,1955,0.83
BAKED BREAD/BUNS/ROLLS,SYRUPS/TOPPINGS,GROCERY,GROCERY,406,0.00162,0.007,0.382,1.59,488,0.83
DRY NOODLES/PASTA,HAND/BODY/FACIAL PRODUCTS,GROCERY,DRUG GM,318,0.00127,0.023,0.112,2.00,382,0.83
FRZN MEAT/MEAT DINNERS,ROLLS,GROCERY,PASTRY,689,0.00275,0.030,0.136,1.50,828,0.83
MAKEUP AND TREATMENT,REFRGRATD JUICES/DRNKS,COSMETICS,GROCERY,558,0.00222,0.142,0.022,1.38,672,0.83
FRZN MEAT/MEAT DINNERS,NEWSPAPER,GROCERY,DRUG GM,402,0.00160,0.018,0.083,0.92,486,0.83
BEEF,CANDY - PACKAGED,MEAT,DRUG GM,4250,0.01693,0.116,0.198,1.35,5092,0.83
CANDY - PACKAGED,DRY NOODLES/PASTA,DRUG GM,GROCERY,1786,0.00712,0.083,0.127,1.49,2149,0.83
FROZEN PIZZA,SMOKED MEATS,GROCERY,MEAT,653,0.00260,0.028,0.167,1.81,782,0.83
FRZN MEAT/MEAT DINNERS,STATIONERY & SCHOOL SUPPLIES,GROCERY,DRUG GM,526,0.00210,0.023,0.113,1.25,633,0.83
BERRIES,DINNER SAUSAGE,PRODUCE,MEAT-PCKGD,743,0.00296,0.082,0.075,2.07,897,0.83
DINNER SAUSAGE,VALUE ADDED FRUIT,MEAT-PCKGD,PRODUCE,445,0.00177,0.045,0.076,1.94,535,0.83
FROZEN PIZZA,PROCESSED,GROCERY,PRODUCE,838,0.00334,0.036,0.179,1.94,1005,0.83
BERRIES,DRY BN/VEG/POTATO/RICE,PRODUCE,GROCERY,1097,0.00437,0.120,0.083,2.28,1327,0.83
DOMESTIC WINE,VEGETABLES - SHELF STABLE,GROCERY,GROCERY,550,0.00219,0.121,0.024,1.35,664,0.83
FRZN VEGETABLE/VEG DSH,WAREHOUSE SNACKS,GROCERY,GROCERY,602,0.00240,0.047,0.092,1.81,723,0.83
COLD AND FLU,ICE CREAM/MILK/SHERBTS,DRUG GM,GROCERY,388,0.00155,0.080,0.019,0.99,469,0.83
CIGARETTES,COOKIES/CONES,DRUG GM,GROCERY,637,0.00254,0.058,0.037,0.86,770,0.83
BEERS/ALES,FROZEN BREAD/DOUGH,GROCERY,GROCERY,529,0.00211,0.034,0.074,1.19,639,0.83
SHORTENING/OIL,WAREHOUSE SNACKS,GROCERY,GROCERY,397,0.00158,0.048,0.061,1.84,481,0.83
MARGARINES,VALUE ADDED FRUIT,GROCERY,PRODUCE,623,0.00248,0.046,0.107,1.97,747,0.83
ANTACIDS,BAG SNACKS,DRUG GM,GROCERY,340,0.00135,0.194,0.008,1.16,412,0.83
BERRIES,FROZEN BREAD/DOUGH,PRODUCE,GROCERY,574,0.00229,0.063,0.080,2.20,689,0.83
ANTACIDS,CHEESE,DRUG GM,GROCERY,414,0.00165,0.236,0.009,1.27,498,0.83
BAKED BREAD/BUNS/ROLLS,BOOKSTORE,GROCERY,DRUG GM,448,0.00179,0.007,0.300,1.25,542,0.83
BERRIES,HOT DOGS,PRODUCE,MEAT-PCKGD,841,0.00335,0.092,0.077,2.12,1012,0.83
BEEF,FEMININE HYGIENE,MEAT,DRUG GM,843,0.00336,0.023,0.196,1.34,1015,0.83
FRZN MEAT/MEAT DINNERS,TOMATOES,GROCERY,PRODUCE,2489,0.00992,0.109,0.163,1.80,2992,0.83
ONIONS,ORAL HYGIENE PRODUCTS,PRODUCE,DRUG GM,886,0.00353,0.057,0.114,1.83,1065,0.83
LUNCHMEAT,TURKEY,MEAT-PCKGD,MEAT,507,0.00202,0.021,0.182,1.92,607,0.83
DINNER SAUSAGE,LAUNDRY ADDITIVES,MEAT-PCKGD,GROCERY,354,0.00141,0.036,0.080,2.02,429,0.83
AIR CARE,GRAPES,GROCERY,PRODUCE,302,0.00120,0.079,0.030,1.97,364,0.83
FROZEN PIE/DESSERTS,REFRGRATD JUICES/DRNKS,GROCERY,GROCERY,1060,0.00422,0.165,0.041,1.60,1278,0.83
LUNCHMEAT,STATIONERY & SCHOOL SUPPLIES,MEAT-PCKGD,DRUG GM,569,0.00227,0.024,0.123,1.30,685,0.83
CANDY - CHECKLANE,SALAD MIX,DRUG GM,PRODUCE,1509,0.00601,0.065,0.097,1.05,1807,0.83
DRIED FRUIT,HOT DOGS,NUTRITION,MEAT-PCKGD,302,0.00120,0.100,0.028,2.30,366,0.83
BAKED SWEET GOODS,CHICKEN,GROCERY,MEAT,2042,0.00814,0.109,0.136,1.82,2449,0.83
COLD CEREAL,MAGAZINE,GROCERY,DRUG GM,974,0.00388,0.039,0.135,1.35,1176,0.83
LUNCHMEAT,SALAD BAR,MEAT-PCKGD,SALAD BAR,750,0.00299,0.032,0.089,0.95,906,0.83
LUNCHMEAT,ROLLS,MEAT-PCKGD,PASTRY,757,0.00302,0.032,0.149,1.58,907,0.83
BERRIES,REFRGRATD DOUGH PRODUCTS,PRODUCE,GROCERY,1073,0.00428,0.118,0.076,2.09,1297,0.83
BAG SNACKS,STONE FRUIT,GROCERY,PRODUCE,1479,0.00589,0.035,0.270,1.61,1784,0.83
FROZEN PIE/DESSERTS,HOUSEHOLD CLEANG NEEDS,GROCERY,GROCERY,330,0.00131,0.051,0.045,1.75,396,0.83
CANDY - PACKAGED,TOMATOES,DRUG GM,PRODUCE,1837,0.00732,0.085,0.120,1.40,2225,0.83
DINNER MXS:DRY,VEGETABLES SALAD,GROCERY,PRODUCE,1324,0.00528,0.100,0.124,2.33,1586,0.83
ORAL HYGIENE PRODUCTS,PICKLE/RELISH/PKLD VEG,DRUG GM,GROCERY,376,0.00150,0.048,0.061,1.97,454,0.83
APPLES,DRY SAUCES/GRAVY,PRODUCE,GROCERY,796,0.00317,0.060,0.123,2.33,961,0.83
COLD CEREAL,SEAFOOD-FRESH,GROCERY,SEAFOOD,681,0.00271,0.027,0.185,1.85,819,0.83
CHEESES,FROZEN PIZZA,DELI,GROCERY,1933,0.00770,0.171,0.084,1.85,2322,0.83
COLD CEREAL,VEGETABLES - ALL OTHERS,GROCERY,PRODUCE,3428,0.01366,0.136,0.210,2.09,4108,0.83
BERRIES,SOUP,PRODUCE,GROCERY,1816,0.00724,0.199,0.077,2.12,2192,0.83
BEERS/ALES,FRZN VEGETABLE/VEG DSH,GROCERY,GROCERY,935,0.00373,0.060,0.073,1.19,1122,0.83
LUNCHMEAT,MELONS,MEAT-PCKGD,PRODUCE,770,0.00307,0.032,0.178,1.89,923,0.83
CHEESES,DRY BN/VEG/POTATO/RICE,DELI,GROCERY,1361,0.00542,0.120,0.103,2.28,1640,0.83
BAKED SWEET GOODS,GREETING CARDS/WRAP/PARTY SPLY,GROCERY,DRUG GM,667,0.00266,0.036,0.088,1.18,807,0.83
CHEESE,UNKNOWN,GROCERY,FROZEN GROCERY,391,0.00156,0.008,0.369,1.98,472,0.83
BEERS/ALES,DRY BN/VEG/POTATO/RICE,GROCERY,GROCERY,1004,0.00400,0.065,0.076,1.23,1203,0.83
HAIR CARE PRODUCTS,MEAT - MISC,DRUG GM,MEAT-PCKGD,499,0.00199,0.063,0.059,1.87,599,0.83
HAIR CARE PRODUCTS,PICKLE/RELISH/PKLD VEG,DRUG GM,GROCERY,382,0.00152,0.048,0.062,1.96,462,0.83
SALAD BAR,VEGETABLES - SHELF STABLE,SALAD BAR,GROCERY,739,0.00294,0.088,0.033,0.98,886,0.83
EGGS,GREETING CARDS/WRAP/PARTY SPLY,GROCERY,DRUG GM,1054,0.00420,0.038,0.139,1.25,1263,0.83
SALAD BAR,VEGETABLES - ALL OTHERS,SALAD BAR,PRODUCE,530,0.00211,0.063,0.032,0.97,637,0.83
EGGS,ISOTONIC DRINKS,GROCERY,GROCERY,1024,0.00408,0.037,0.192,1.73,1230,0.83
CONDIMENTS/SAUCES,TROPICAL FRUIT,GROCERY,PRODUCE,4547,0.01812,0.255,0.140,1.97,5453,0.83
PAPER HOUSEWARES,SEAFOOD - FROZEN,GROCERY,SEAFOOD-PCKGD,451,0.00180,0.059,0.060,1.96,545,0.83
BAKING MIXES,CHEESES,GROCERY,DELI,1029,0.00410,0.091,0.091,2.02,1244,0.83
CHEESE,PEARS,GROCERY,PRODUCE,762,0.00304,0.016,0.386,2.07,919,0.83
CHEESE,NEWSPAPER,GROCERY,DRUG GM,853,0.00340,0.018,0.177,0.95,1028,0.83
DIAPERS & DISPOSABLES,POTATOES,DRUG GM,PRODUCE,391,0.00156,0.086,0.026,1.40,472,0.83
FROZEN BREAD/DOUGH,VEGETABLES - ALL OTHERS,GROCERY,PRODUCE,1035,0.00412,0.144,0.063,2.21,1246,0.83
BAKING MIXES,CIGARETTES,GROCERY,DRUG GM,423,0.00169,0.037,0.039,0.86,509,0.83
AIR CARE,MILK BY-PRODUCTS,GROCERY,GROCERY,564,0.00225,0.148,0.029,1.89,680,0.83
HAND/BODY/FACIAL PRODUCTS,ONIONS,DRUG GM,PRODUCE,328,0.00131,0.115,0.021,1.86,397,0.83
BOOKSTORE,FLUID MILK PRODUCTS,DRUG GM,GROCERY,486,0.00194,0.326,0.007,1.18,586,0.83
PAPER TOWELS,SMOKED MEATS,GROCERY,MEAT,318,0.00127,0.031,0.081,2.00,385,0.83
LAUNDRY ADDITIVES,MEAT - MISC,GROCERY,MEAT-PCKGD,321,0.00128,0.072,0.038,2.15,385,0.83
DEODORANTS,VEGETABLES SALAD,DRUG GM,PRODUCE,315,0.00126,0.074,0.029,1.74,379,0.83
DEODORANTS,POTATOES,DRUG GM,PRODUCE,473,0.00188,0.111,0.031,1.83,569,0.83
CITRUS,MARGARINES,PRODUCE,GROCERY,1132,0.00451,0.112,0.084,2.07,1360,0.83
BREAD,COLD CEREAL,PASTRY,GROCERY,1373,0.00547,0.173,0.055,1.72,1656,0.83
BREAD,CONVENIENT BRKFST/WHLSM SNACKS,PASTRY,GROCERY,807,0.00322,0.101,0.058,1.82,978,0.83
CIGARETTES,FRZN VEGETABLE/VEG DSH,DRUG GM,GROCERY,476,0.00190,0.044,0.037,0.86,575,0.83
BABY FOODS,DELI MEATS,DRUG GM,DELI,424,0.00169,0.100,0.025,1.47,513,0.83
CHEESE,ELECTRICAL SUPPPLIES,GROCERY,DRUG GM,846,0.00337,0.018,0.319,1.71,1014,0.83
BREAD,FRUIT - SHELF STABLE,PASTRY,GROCERY,802,0.00320,0.101,0.060,1.90,967,0.83
REFRGRATD DOUGH PRODUCTS,TOMATOES,GROCERY,PRODUCE,1788,0.00712,0.127,0.117,2.08,2148,0.83
ELECTRICAL SUPPPLIES,ONIONS,DRUG GM,PRODUCE,305,0.00122,0.115,0.020,1.86,368,0.83
BAKED BREAD/BUNS/ROLLS,INFANT CARE PRODUCTS,GROCERY,DRUG GM,380,0.00151,0.006,0.335,1.39,456,0.83
BABY FOODS,POTATOES,DRUG GM,PRODUCE,410,0.00163,0.097,0.027,1.59,491,0.83
PWDR/CRYSTL DRNK MX,VEGETABLES SALAD,GROCERY,PRODUCE,487,0.00194,0.092,0.045,2.15,589,0.83
PWDR/CRYSTL DRNK MX,TROPICAL FRUIT,GROCERY,PRODUCE,1391,0.00554,0.261,0.043,2.02,1685,0.83
CITRUS,FRZN BREAKFAST FOODS,PRODUCE,GROCERY,637,0.00254,0.063,0.087,2.17,766,0.83
BREAKFAST SWEETS,HOUSEHOLD CLEANG NEEDS,PASTRY,GROCERY,301,0.00120,0.037,0.041,1.26,363,0.83
CITRUS,FRZN MEAT/MEAT DINNERS,PRODUCE,GROCERY,1628,0.00649,0.161,0.072,1.78,1959,0.83
COOKIES,MARGARINES,PASTRY,GROCERY,305,0.00122,0.083,0.023,1.53,366,0.83
CHEESE,COFFEE FILTERS,GROCERY,DRUG GM,552,0.00220,0.012,0.336,1.80,667,0.83
HERBS,REFRGRATD JUICES/DRNKS,PRODUCE,GROCERY,615,0.00245,0.189,0.024,1.83,739,0.83
PEPPERS-ALL,SOAP - LIQUID & BAR,PRODUCE,DRUG GM,402,0.00160,0.049,0.069,2.09,485,0.83
BATH TISSUES,HERBS,GROCERY,PRODUCE,345,0.00137,0.025,0.106,1.95,416,0.83
BAG SNACKS,BUTTER,GROCERY,GROCERY,1451,0.00578,0.035,0.293,1.75,1743,0.83
BREAD,PAPER HOUSEWARES,PASTRY,GROCERY,401,0.00160,0.050,0.052,1.65,485,0.83
FLUID MILK PRODUCTS,PREPARED FOOD,GROCERY,DELI,1232,0.00491,0.018,0.262,0.95,1481,0.83
POTATOES,WAREHOUSE SNACKS,PRODUCE,GROCERY,741,0.00295,0.048,0.113,1.86,892,0.83
PET CARE SUPPLIES,REFRGRATD JUICES/DRNKS,GROCERY,GROCERY,388,0.00155,0.155,0.015,1.50,470,0.83
MEAT - MISC,VALUE ADDED FRUIT,MEAT-PCKGD,PRODUCE,395,0.00157,0.047,0.068,2.01,475,0.83
FLUID MILK PRODUCTS,LAXATIVES,GROCERY,DRUG GM,443,0.00177,0.006,0.323,1.17,536,0.83
BACON,YOGURT,MEAT-PCKGD,GROCERY,1667,0.00664,0.153,0.095,2.19,2016,0.83
ICE CREAM/MILK/SHERBTS,NEWSPAPER,GROCERY,DRUG GM,346,0.00138,0.017,0.072,0.90,417,0.83
BREAKFAST SAUSAGE/SANDWICHES,VALUE ADDED FRUIT,MEAT-PCKGD,PRODUCE,508,0.00202,0.046,0.087,1.99,609,0.83
BEERS/ALES,SOUP,GROCERY,GROCERY,1715,0.00683,0.111,0.073,1.18,2075,0.83
COOKIES/CONES,PEPPERS-ALL,GROCERY,PRODUCE,1174,0.00468,0.069,0.143,2.10,1422,0.83
BACON,BREAD,MEAT-PCKGD,PASTRY,628,0.00250,0.058,0.079,1.82,755,0.83
PICKLE/RELISH/PKLD VEG,YOGURT,GROCERY,GROCERY,994,0.00396,0.161,0.056,2.30,1193,0.83
COOKIES/CONES,VEGETABLES - ALL OTHERS,GROCERY,PRODUCE,2187,0.00871,0.128,0.134,1.96,2669,0.82
CAKES,CRACKERS/MISC BKD FD,PASTRY,GROCERY,462,0.00184,0.104,0.020,1.15,566,0.82
MEAT - SHELF STABLE,SALAD BAR,GROCERY,SALAD BAR,439,0.00175,0.032,0.052,0.95,537,0.82
ICE CREAM/MILK/SHERBTS,PREPARED FOOD,GROCERY,DELI,342,0.00136,0.017,0.073,0.91,416,0.82
LUNCHMEAT,VEGETABLES - ALL OTHERS,MEAT-PCKGD,PRODUCE,2945,0.01173,0.124,0.180,1.91,3587,0.82
ANALGESICS,SALD DRSNG/SNDWCH SPRD,DRUG GM,GROCERY,378,0.00151,0.089,0.023,1.34,462,0.82
BEERS/ALES,ICE CREAM/MILK/SHERBTS,GROCERY,GROCERY,1264,0.00504,0.082,0.063,1.02,1546,0.82
LAUNDRY ADDITIVES,TOMATOES,GROCERY,PRODUCE,544,0.00217,0.122,0.036,2.01,661,0.82
BREAKFAST SWEETS,DINNER MXS:DRY,PASTRY,GROCERY,594,0.00237,0.073,0.045,1.37,721,0.82
FACIAL TISS/DNR NAPKIN,FROZEN MEAT,GROCERY,MEAT-PCKGD,507,0.00202,0.074,0.062,2.26,620,0.82
FLOUR & MEALS,SOFT DRINKS,GROCERY,GROCERY,1086,0.00433,0.346,0.015,1.22,1328,0.82
MEAT - MISC,PROCESSED,MEAT-PCKGD,PRODUCE,354,0.00141,0.042,0.075,2.25,431,0.82
DELI MEATS,SPICES & EXTRACTS,DELI,GROCERY,1272,0.00507,0.074,0.134,1.97,1548,0.82
BEEF,TOYS AND GAMES,MEAT,DRUG GM,397,0.00158,0.011,0.209,1.43,485,0.82
BREAKFAST SAUSAGE/SANDWICHES,MELONS,MEAT-PCKGD,PRODUCE,391,0.00156,0.036,0.090,2.07,474,0.82
BAKED SWEET GOODS,MAKEUP AND TREATMENT,GROCERY,COSMETICS,405,0.00161,0.022,0.103,1.39,495,0.82
APPLES,BEERS/ALES,PRODUCE,GROCERY,966,0.00385,0.073,0.062,1.18,1179,0.82
DELI MEATS,FEMININE HYGIENE,DELI,DRUG GM,399,0.00159,0.023,0.093,1.36,484,0.82
CANDY - CHECKLANE,VEGETABLES - ALL OTHERS,DRUG GM,PRODUCE,1557,0.00620,0.067,0.095,1.03,1898,0.82
CANDY - PACKAGED,SALAD BAR,DRUG GM,SALAD BAR,619,0.00247,0.029,0.074,0.86,755,0.82
CANDY - PACKAGED,REFRIGERATED,DRUG GM,NUTRITION,545,0.00217,0.025,0.105,1.23,667,0.82
BEEF,ORGANICS FRUIT & VEGETABLES,MEAT,PRODUCE,1515,0.00604,0.041,0.287,1.96,1846,0.82
COOKIES,DRY BN/VEG/POTATO/RICE,PASTRY,GROCERY,308,0.00123,0.083,0.023,1.58,377,0.82
BREAKFAST SAUSAGE/SANDWICHES,ORAL HYGIENE PRODUCTS,MEAT-PCKGD,DRUG GM,617,0.00246,0.056,0.079,1.81,752,0.82
COOKIES,EGGS,PASTRY,GROCERY,597,0.00238,0.162,0.021,1.46,725,0.82
BAKED BREAD/BUNS/ROLLS,CHRISTMAS  SEASONAL,GROCERY,DRUG GM,586,0.00234,0.010,0.310,1.29,717,0.82
BAKED BREAD/BUNS/ROLLS,SNACKS,GROCERY,DELI,495,0.00197,0.008,0.391,1.63,604,0.82
BREAD,LAUNDRY DETERGENTS,PASTRY,GROCERY,431,0.00172,0.054,0.051,1.61,527,0.82
BEEF,BROOMS AND MOPS,MEAT,DRUG GM,799,0.00318,0.022,0.263,1.80,974,0.82
REFRIGERATED,SHORTENING/OIL,NUTRITION,GROCERY,300,0.00120,0.058,0.036,1.76,365,0.82
AIR CARE,POTATOES,GROCERY,PRODUCE,457,0.00182,0.120,0.030,1.97,559,0.82
BAKING NEEDS,WATER - CARBONATED/FLVRD DRINK,GROCERY,GROCERY,1102,0.00439,0.106,0.061,1.48,1340,0.82
HERBS,PNT BTR/JELLY/JAMS,PRODUCE,GROCERY,300,0.00120,0.092,0.029,2.23,364,0.82
CANDY - PACKAGED,POTATOES,DRUG GM,PRODUCE,1873,0.00746,0.087,0.123,1.43,2282,0.82
BAKED SWEET GOODS,DRIED FRUIT,GROCERY,NUTRITION,437,0.00174,0.023,0.145,1.95,535,0.82
CANDY - CHECKLANE,SMOKED MEATS,DRUG GM,MEAT,368,0.00147,0.016,0.094,1.01,450,0.82
COOKIES,SOUP,PASTRY,GROCERY,522,0.00208,0.141,0.022,1.51,636,0.82
CANDY - CHECKLANE,SALADS/DIPS,DRUG GM,DELI,542,0.00216,0.023,0.090,0.97,660,0.82
BREAKFAST SWEETS,SEAFOOD - FROZEN,PASTRY,SEAFOOD-PCKGD,313,0.00125,0.038,0.042,1.28,382,0.82
ISOTONIC DRINKS,VEGETABLES SALAD,GROCERY,PRODUCE,395,0.00157,0.074,0.037,1.73,484,0.82
BERRIES,SOFT DRINKS,PRODUCE,GROCERY,3228,0.01286,0.354,0.045,1.24,3942,0.82
COLD CEREAL,PIES,GROCERY,PASTRY,410,0.00163,0.016,0.148,1.48,501,0.82
CHEESES,HOT DOGS,DELI,MEAT-PCKGD,1029,0.00410,0.091,0.094,2.09,1250,0.82
MAGAZINE,VEGETABLES - SHELF STABLE,DRUG GM,GROCERY,894,0.00356,0.124,0.040,1.37,1096,0.82
CANDY - CHECKLANE,SEAFOOD - FROZEN,DRUG GM,SEAFOOD-PCKGD,708,0.00282,0.030,0.094,1.02,865,0.82
BAKED SWEET GOODS,FLOUR & MEALS,GROCERY,GROCERY,412,0.00164,0.022,0.131,1.77,506,0.82
CANDY - PACKAGED,VEGETABLES SALAD,DRUG GM,PRODUCE,1271,0.00506,0.059,0.119,1.39,1553,0.82
CAT FOOD,GRAPES,GROCERY,PRODUCE,414,0.00165,0.063,0.041,1.57,503,0.82
CAT LITTER,COOKIES/CONES,GROCERY,GROCERY,333,0.00133,0.113,0.019,1.66,407,0.82
BAKING NEEDS,SALADS/DIPS,GROCERY,DELI,398,0.00159,0.038,0.066,1.60,483,0.82
DIAPERS & DISPOSABLES,VEGETABLES - SHELF STABLE,DRUG GM,GROCERY,583,0.00232,0.128,0.026,1.42,712,0.82
CRACKERS/MISC BKD FD,HERBS,GROCERY,PRODUCE,633,0.00252,0.028,0.194,2.15,771,0.82
CHICKEN/POULTRY,MEAT - SHELF STABLE,DELI,GROCERY,362,0.00144,0.062,0.026,1.12,439,0.82
BEEF,INFANT FORMULA,MEAT,DRUG GM,337,0.00134,0.009,0.129,0.88,410,0.82
MAGAZINE,VEGETABLES SALAD,DRUG GM,PRODUCE,411,0.00164,0.057,0.038,1.33,503,0.82
BEANS - CANNED GLASS & MW,CAT FOOD,GROCERY,GROCERY,406,0.00162,0.043,0.062,1.64,495,0.82
COLD CEREAL,ONIONS,GROCERY,PRODUCE,3233,0.01288,0.129,0.208,2.08,3945,0.82
DRY BN/VEG/POTATO/RICE,FEMININE HYGIENE,GROCERY,DRUG GM,339,0.00135,0.026,0.079,1.49,416,0.82
CONDIMENTS/SAUCES,DIAPERS & DISPOSABLES,GROCERY,DRUG GM,444,0.00177,0.025,0.097,1.37,541,0.82
DRY SAUCES/GRAVY,TROPICAL FRUIT,GROCERY,PRODUCE,1701,0.00678,0.262,0.052,2.03,2081,0.82
BREAKFAST SWEETS,SALD DRSNG/SNDWCH SPRD,PASTRY,GROCERY,706,0.00281,0.087,0.042,1.30,863,0.82
BUTTER,DINNER MXS:DRY,GROCERY,GROCERY,653,0.00260,0.132,0.049,2.49,798,0.82
BREAKFAST SAUSAGE/SANDWICHES,DEODORANTS,MEAT-PCKGD,DRUG GM,327,0.00130,0.030,0.077,1.76,401,0.82
BERRIES,SUGARS/SWEETNERS,PRODUCE,GROCERY,746,0.00297,0.082,0.073,2.00,911,0.82
VEGETABLES SALAD,WAREHOUSE SNACKS,PRODUCE,GROCERY,490,0.00195,0.046,0.075,1.76,596,0.82
COLD AND FLU,SALD DRSNG/SNDWCH SPRD,DRUG GM,GROCERY,374,0.00149,0.077,0.022,1.15,456,0.82
CONDIMENTS/SAUCES,FEMININE HYGIENE,GROCERY,DRUG GM,434,0.00173,0.024,0.101,1.42,527,0.82
CANDY - CHECKLANE,POTATOES,DRUG GM,PRODUCE,1463,0.00583,0.063,0.096,1.03,1786,0.82
FROZEN PIE/DESSERTS,WATER - CARBONATED/FLVRD DRINK,GROCERY,GROCERY,652,0.00260,0.101,0.036,1.42,794,0.82
DIAPERS & DISPOSABLES,TOMATOES,DRUG GM,PRODUCE,374,0.00149,0.082,0.025,1.35,455,0.82
MARGARINES,SNACK NUTS,GROCERY,GROCERY,485,0.00193,0.036,0.104,1.92,593,0.82
BREAKFAST SWEETS,VEGETABLES - SHELF STABLE,PASTRY,GROCERY,975,0.00389,0.120,0.043,1.33,1191,0.82
CANDY - PACKAGED,DOMESTIC WINE,DRUG GM,GROCERY,407,0.00162,0.019,0.090,1.05,499,0.82
CANDLES/ACCESSORIES,FLUID MILK PRODUCTS,DRUG GM,GROCERY,417,0.00166,0.350,0.006,1.27,510,0.82
ORGANICS FRUIT & VEGETABLES,PICKLE/RELISH/PKLD VEG,PRODUCE,GROCERY,307,0.00122,0.058,0.050,2.37,376,0.82
HAND/BODY/FACIAL PRODUCTS,ICE CREAM/MILK/SHERBTS,DRUG GM,GROCERY,311,0.00124,0.109,0.016,1.37,380,0.82
CONVENIENT BRKFST/WHLSM SNACKS,REFRIGERATED,GROCERY,NUTRITION,523,0.00208,0.037,0.101,1.82,636,0.82
BEERS/ALES,CANDY - PACKAGED,GROCERY,DRUG GM,1326,0.00528,0.086,0.062,1.00,1609,0.82
ELECTRICAL SUPPPLIES,LUNCHMEAT,DRUG GM,MEAT-PCKGD,417,0.00166,0.157,0.018,1.67,510,0.82
ELECTRICAL SUPPPLIES,MILK BY-PRODUCTS,DRUG GM,GROCERY,369,0.00147,0.139,0.019,1.77,451,0.82
CANDY - PACKAGED,PORK,DRUG GM,MEAT,1502,0.00599,0.070,0.121,1.42,1839,0.82
BERRIES,FRZN MEAT/MEAT DINNERS,PRODUCE,GROCERY,1479,0.00589,0.162,0.065,1.79,1802,0.82
BAKED SWEET GOODS,FRZN VEGETABLE/VEG DSH,GROCERY,GROCERY,1719,0.00685,0.092,0.135,1.81,2107,0.82
CONVENIENT BRKFST/WHLSM SNACKS,SALAD BAR,GROCERY,SALAD BAR,448,0.00179,0.032,0.053,0.96,545,0.82
FROZEN PIE/DESSERTS,MEAT - MISC,GROCERY,MEAT-PCKGD,401,0.00160,0.062,0.048,1.86,489,0.82
EGGS,FEMININE HYGIENE,GROCERY,DRUG GM,649,0.00259,0.023,0.151,1.36,794,0.82
LAUNDRY DETERGENTS,VALUE ADDED FRUIT,GROCERY,PRODUCE,352,0.00140,0.042,0.060,1.79,431,0.82
DRIED FRUIT,LUNCHMEAT,NUTRITION,MEAT-PCKGD,582,0.00232,0.193,0.025,2.05,708,0.82
FRZN MEAT/MEAT DINNERS,VALUE ADDED VEGETABLES,GROCERY,PRODUCE,355,0.00141,0.016,0.169,1.87,431,0.82
MEAT - SHELF STABLE,MELONS,GROCERY,PRODUCE,516,0.00206,0.037,0.119,2.17,627,0.82
MEAT - SHELF STABLE,VEGETABLES SALAD,GROCERY,PRODUCE,1283,0.00511,0.093,0.120,2.18,1556,0.82
MELONS,PAPER TOWELS,PRODUCE,GROCERY,351,0.00140,0.081,0.035,2.00,430,0.82
FLUID MILK PRODUCTS,SPRING/SUMMER SEASONAL,GROCERY,DRUG GM,686,0.00273,0.010,0.360,1.31,834,0.82
BERRIES,PORK,PRODUCE,MEAT,962,0.00383,0.106,0.078,2.14,1170,0.82
COLD AND FLU,MEAT - SHELF STABLE,DRUG GM,GROCERY,315,0.00126,0.065,0.023,1.17,384,0.82
CAKES,COLD CEREAL,PASTRY,GROCERY,510,0.00203,0.115,0.020,1.15,623,0.82
CIGARETTES,FLUID MILK PRODUCTS,DRUG GM,GROCERY,2588,0.01031,0.237,0.037,0.86,3141,0.82
COLD AND FLU,MARGARINES,DRUG GM,GROCERY,300,0.00120,0.061,0.022,1.14,368,0.82
BEERS/ALES,ROLLS,GROCERY,PASTRY,337,0.00134,0.022,0.066,1.07,412,0.82
BREAKFAST SWEETS,PASTA SAUCE,PASTRY,GROCERY,519,0.00207,0.064,0.044,1.36,632,0.82
ONIONS,POPCORN,PRODUCE,PRODUCE,511,0.00204,0.033,0.130,2.10,624,0.82
BUTTER,FRZN BREAKFAST FOODS,GROCERY,GROCERY,333,0.00133,0.067,0.046,2.31,405,0.82
BAG SNACKS,MUSHROOMS,GROCERY,PRODUCE,1376,0.00548,0.033,0.291,1.74,1693,0.81
CHEESE,CHICKEN/POULTRY,GROCERY,DELI,1155,0.00460,0.025,0.197,1.05,1427,0.81
BAKING NEEDS,HEAT/SERVE,GROCERY,MEAT-PCKGD,407,0.00162,0.039,0.077,1.86,500,0.81
CITRUS,SOFT DRINKS,PRODUCE,GROCERY,3504,0.01396,0.347,0.049,1.22,4310,0.81
DRY NOODLES/PASTA,SNACK NUTS,GROCERY,GROCERY,535,0.00213,0.038,0.114,2.05,660,0.81
BAKING NEEDS,HOT DOGS,GROCERY,MEAT-PCKGD,859,0.00342,0.083,0.079,1.90,1067,0.81
EGGS,HAND/BODY/FACIAL PRODUCTS,GROCERY,DRUG GM,545,0.00217,0.020,0.192,1.73,671,0.81
COFFEE,FRZN POTATOES,GROCERY,GROCERY,687,0.00274,0.060,0.085,1.85,844,0.81
BAKING NEEDS,DELI MEATS,GROCERY,DELI,1272,0.00507,0.122,0.074,1.79,1572,0.81
BAKING NEEDS,LUNCHMEAT,GROCERY,MEAT-PCKGD,1707,0.00680,0.164,0.072,1.74,2103,0.81
BERRIES,LUNCHMEAT,PRODUCE,MEAT-PCKGD,1604,0.00639,0.176,0.068,1.86,1988,0.81
LAUNDRY DETERGENTS,MUSHROOMS,GROCERY,PRODUCE,326,0.00130,0.039,0.069,2.04,400,0.81
BREAD,PAPER TOWELS,PASTRY,GROCERY,548,0.00218,0.069,0.054,1.70,672,0.81
BAG SNACKS,BREAD,GROCERY,PASTRY,1896,0.00755,0.045,0.238,1.43,2354,0.81
BAKED SWEET GOODS,SALAD MIX,GROCERY,PRODUCE,2091,0.00833,0.112,0.135,1.81,2582,0.81
MAGAZINE,MEAT - SHELF STABLE,DRUG GM,GROCERY,542,0.00216,0.075,0.039,1.36,669,0.81
CHICKEN,MAGAZINE,MEAT,DRUG GM,567,0.00226,0.038,0.078,1.31,703,0.81
PAPER HOUSEWARES,VEGETABLES SALAD,GROCERY,PRODUCE,623,0.00248,0.081,0.058,1.90,765,0.81
BEERS/ALES,MEAT - SHELF STABLE,GROCERY,GROCERY,1007,0.00401,0.065,0.073,1.18,1239,0.81
EGGS,PREPARED FOOD,GROCERY,DELI,522,0.00208,0.019,0.111,1.00,645,0.81
BAKING MIXES,VALUE ADDED FRUIT,GROCERY,PRODUCE,488,0.00194,0.043,0.083,1.86,600,0.81
CAKES,ONIONS,PASTRY,PRODUCE,317,0.00126,0.072,0.020,1.16,392,0.81
DIAPERS & DISPOSABLES,MILK BY-PRODUCTS,DRUG GM,GROCERY,471,0.00188,0.103,0.024,1.31,584,0.81
APPLES,SOFT DRINKS,PRODUCE,GROCERY,4726,0.01883,0.358,0.066,1.25,5806,0.81
HOT CEREAL,VEGETABLES SALAD,GROCERY,PRODUCE,502,0.00200,0.090,0.047,2.10,623,0.81
FROZEN PIZZA,NEWSPAPER,GROCERY,DRUG GM,396,0.00158,0.017,0.082,0.89,491,0.81
LAUNDRY ADDITIVES,PEPPERS-ALL,GROCERY,PRODUCE,311,0.00124,0.070,0.038,2.13,386,0.81
DIAPERS & DISPOSABLES,EGGS,DRUG GM,GROCERY,656,0.00261,0.144,0.024,1.29,812,0.81
DOMESTIC WINE,ICE CREAM/MILK/SHERBTS,GROCERY,GROCERY,391,0.00156,0.086,0.019,1.08,484,0.81
MEAT - MISC,TROPICAL FRUIT,MEAT-PCKGD,PRODUCE,2155,0.00859,0.256,0.066,1.98,2645,0.81
BREAKFAST SWEETS,SPICES & EXTRACTS,PASTRY,GROCERY,393,0.00157,0.048,0.042,1.28,484,0.81
STONE FRUIT,VEGETABLES - SHELF STABLE,PRODUCE,GROCERY,1009,0.00402,0.184,0.045,2.04,1241,0.81
EGGS,STATIONERY & SCHOOL SUPPLIES,GROCERY,DRUG GM,674,0.00269,0.024,0.145,1.31,830,0.81
PORK,STATIONERY & SCHOOL SUPPLIES,MEAT,DRUG GM,314,0.00125,0.025,0.068,1.37,386,0.81
MAGAZINE,SHORTENING/OIL,DRUG GM,GROCERY,319,0.00127,0.044,0.039,1.34,393,0.81
SOFT DRINKS,TURKEY,GROCERY,MEAT,971,0.00387,0.014,0.348,1.22,1198,0.81
DRY BN/VEG/POTATO/RICE,STATIONERY & SCHOOL SUPPLIES,GROCERY,DRUG GM,346,0.00138,0.026,0.075,1.41,429,0.81
CAKES,CHEESE,PASTRY,GROCERY,926,0.00369,0.209,0.020,1.12,1139,0.81
BREAD,COOKIES/CONES,PASTRY,GROCERY,876,0.00349,0.110,0.051,1.62,1082,0.81
BABY HBC,POTATOES,DRUG GM,PRODUCE,412,0.00164,0.104,0.027,1.70,508,0.81
MUSHROOMS,REFRGRATD JUICES/DRNKS,PRODUCE,GROCERY,903,0.00360,0.191,0.035,1.85,1113,0.81
CHIPS&SNACKS,EGGS,NUTRITION,GROCERY,347,0.00138,0.205,0.012,1.85,426,0.81
BREAD,DISHWASH DETERGENTS,PASTRY,GROCERY,329,0.00131,0.041,0.053,1.67,404,0.81
FROZEN PIZZA,VEGETABLES SALAD,GROCERY,PRODUCE,1755,0.00699,0.076,0.164,1.78,2171,0.81
FRZN POTATOES,SALADS/DIPS,GROCERY,DELI,326,0.00130,0.040,0.054,1.68,401,0.81
ICE CREAM/MILK/SHERBTS,ORGANICS FRUIT & VEGETABLES,GROCERY,PRODUCE,651,0.00259,0.032,0.123,1.54,800,0.81
BERRIES,CAT FOOD,PRODUCE,GROCERY,360,0.00143,0.040,0.055,1.51,447,0.81
MAKEUP AND TREATMENT,VEGETABLES - SHELF STABLE,COSMETICS,GROCERY,563,0.00224,0.143,0.025,1.59,693,0.81
SUGARS/SWEETNERS,WATER - CARBONATED/FLVRD DRINK,GROCERY,GROCERY,1115,0.00444,0.108,0.062,1.51,1374,0.81
DRY NOODLES/PASTA,GREETING CARDS/WRAP/PARTY SPLY,GROCERY,DRUG GM,554,0.00221,0.040,0.073,1.31,682,0.81
HEAT/SERVE,SPICES & EXTRACTS,MEAT-PCKGD,GROCERY,402,0.00160,0.076,0.042,2.02,493,0.81
SPICES & EXTRACTS,YOGURT,GROCERY,GROCERY,1353,0.00539,0.143,0.077,2.04,1670,0.81
BREAKFAST SAUSAGE/SANDWICHES,HOUSEHOLD CLEANG NEEDS,MEAT-PCKGD,GROCERY,643,0.00256,0.059,0.087,1.99,789,0.81
MELONS,SEAFOOD - SHELF STABLE,PRODUCE,GROCERY,304,0.00121,0.070,0.039,2.24,377,0.81
DOG FOODS,SEAFOOD - FROZEN,GROCERY,SEAFOOD-PCKGD,336,0.00134,0.047,0.045,1.58,416,0.81
BEERS/ALES,MELONS,GROCERY,PRODUCE,306,0.00122,0.020,0.071,1.15,378,0.81
MELONS,SOFT DRINKS,PRODUCE,GROCERY,1491,0.00594,0.345,0.021,1.21,1846,0.81
MEAT - SHELF STABLE,PROCESSED,GROCERY,PRODUCE,589,0.00235,0.043,0.126,2.28,731,0.81
BABY FOODS,REFRGRATD JUICES/DRNKS,DRUG GM,GROCERY,580,0.00231,0.137,0.022,1.33,718,0.81
CIGARETTES,PASTA SAUCE,DRUG GM,GROCERY,425,0.00169,0.039,0.036,0.83,527,0.81
PWDR/CRYSTL DRNK MX,TOMATOES,GROCERY,PRODUCE,683,0.00272,0.128,0.045,2.11,846,0.81
BABY FOODS,TOMATOES,DRUG GM,PRODUCE,381,0.00152,0.090,0.025,1.48,472,0.81
BAKED SWEET GOODS,BAKING NEEDS,GROCERY,GROCERY,1295,0.00516,0.069,0.125,1.67,1596,0.81
BAG SNACKS,COLD AND FLU,GROCERY,DRUG GM,834,0.00332,0.020,0.171,1.02,1035,0.81
CAT FOOD,EGGS,GROCERY,GROCERY,1066,0.00425,0.163,0.038,1.46,1323,0.81
ICE CREAM/MILK/SHERBTS,MAKEUP AND TREATMENT,GROCERY,COSMETICS,374,0.00149,0.019,0.095,1.19,463,0.81
BEEF,NUTS,MEAT,PRODUCE,516,0.00206,0.014,0.281,1.92,640,0.81
HISPANIC,STATIONERY & SCHOOL SUPPLIES,GROCERY,DRUG GM,357,0.00142,0.025,0.077,1.36,440,0.81
CHICKEN,SALADS/DIPS,MEAT,DELI,597,0.00238,0.040,0.099,1.65,739,0.81
COLD CEREAL,ROLLS,GROCERY,PASTRY,827,0.00330,0.033,0.163,1.63,1017,0.81
FACIAL TISS/DNR NAPKIN,MEAT - SHELF STABLE,GROCERY,GROCERY,848,0.00338,0.124,0.061,2.25,1044,0.81
MEAT - SHELF STABLE,PEPPERS-ALL,GROCERY,PRODUCE,1068,0.00426,0.077,0.130,2.36,1315,0.81
CHEESES,FRZN BREAKFAST FOODS,DELI,GROCERY,706,0.00281,0.062,0.097,2.14,872,0.81
CHEESES,FROZEN PIE/DESSERTS,DELI,GROCERY,514,0.00205,0.045,0.080,1.77,636,0.81
CHEESES,FROZEN MEAT,DELI,MEAT-PCKGD,803,0.00320,0.071,0.098,2.17,993,0.81
CHEESES,FROZEN BREAD/DOUGH,DELI,GROCERY,694,0.00277,0.061,0.097,2.14,852,0.81
BREAD,SOFT DRINKS,PASTRY,GROCERY,2553,0.01017,0.321,0.036,1.13,3158,0.81
APPLES,DINNER SAUSAGE,PRODUCE,MEAT-PCKGD,1095,0.00436,0.083,0.111,2.11,1352,0.81
LUNCHMEAT,MUSHROOMS,MEAT-PCKGD,PRODUCE,887,0.00353,0.037,0.187,1.98,1094,0.81
DINNER MXS:DRY,SALADS/DIPS,GROCERY,DELI,589,0.00235,0.044,0.098,1.85,725,0.81
BREAKFAST SAUSAGE/SANDWICHES,MAGAZINE,MEAT-PCKGD,DRUG GM,423,0.00169,0.039,0.059,1.34,522,0.81
BAKED SWEET GOODS,STONE FRUIT,GROCERY,PRODUCE,693,0.00276,0.037,0.126,1.70,860,0.81
HOT DOGS,ORAL HYGIENE PRODUCTS,MEAT-PCKGD,DRUG GM,602,0.00240,0.055,0.077,1.77,746,0.81
BAKED SWEET GOODS,TOMATOES,GROCERY,PRODUCE,2034,0.00810,0.109,0.133,1.79,2499,0.81
DRIED FRUIT,MEAT - SHELF STABLE,NUTRITION,GROCERY,402,0.00160,0.133,0.029,2.43,496,0.81
GREETING CARDS/WRAP/PARTY SPLY,SEAFOOD - SHELF STABLE,DRUG GM,GROCERY,316,0.00126,0.042,0.040,1.32,393,0.81
BEERS/ALES,MAGAZINE,GROCERY,DRUG GM,441,0.00176,0.028,0.061,0.99,541,0.81
PEPPERS-ALL,SOFT DRINKS,PRODUCE,GROCERY,2969,0.01183,0.361,0.041,1.27,3667,0.81
GREETING CARDS/WRAP/PARTY SPLY,SHORTENING/OIL,DRUG GM,GROCERY,316,0.00126,0.042,0.038,1.27,390,0.81
GREETING CARDS/WRAP/PARTY SPLY,SOFT DRINKS,DRUG GM,GROCERY,2027,0.00808,0.267,0.028,0.94,2510,0.81
GREETING CARDS/WRAP/PARTY SPLY,SUGARS/SWEETNERS,DRUG GM,GROCERY,381,0.00152,0.050,0.037,1.23,468,0.81
ORGANICS FRUIT & VEGETABLES,PORK,PRODUCE,MEAT,575,0.00229,0.109,0.046,2.21,706,0.81
DINNER MXS:DRY,OLIVES,GROCERY,GROCERY,373,0.00149,0.028,0.141,2.66,462,0.81
DRY SAUCES/GRAVY,ORAL HYGIENE PRODUCTS,GROCERY,DRUG GM,379,0.00151,0.058,0.049,1.88,466,0.81
COOKIES/CONES,ORGANICS FRUIT & VEGETABLES,GROCERY,PRODUCE,723,0.00288,0.042,0.137,2.01,889,0.81
CONDIMENTS/SAUCES,MAGAZINE,GROCERY,DRUG GM,684,0.00273,0.038,0.095,1.33,841,0.81
FROZEN PIE/DESSERTS,LUNCHMEAT,GROCERY,MEAT-PCKGD,1008,0.00402,0.157,0.043,1.66,1241,0.81
BERRIES,VEGETABLES - SHELF STABLE,PRODUCE,GROCERY,1773,0.00706,0.195,0.078,2.16,2198,0.81
COOKIES,VEGETABLES - SHELF STABLE,PASTRY,GROCERY,514,0.00205,0.139,0.023,1.55,631,0.81
FRZN POTATOES,PEPPERS-ALL,GROCERY,PRODUCE,578,0.00230,0.071,0.070,2.18,714,0.81
BERRIES,PWDR/CRYSTL DRNK MX,PRODUCE,GROCERY,415,0.00165,0.046,0.078,2.15,512,0.81
CANNED JUICES,MAGAZINE,GROCERY,DRUG GM,733,0.00292,0.036,0.101,1.26,908,0.81
HAIR CARE PRODUCTS,ONIONS,DRUG GM,PRODUCE,878,0.00350,0.111,0.056,1.79,1083,0.81
DRY NOODLES/PASTA,VALUE ADDED FRUIT,GROCERY,PRODUCE,668,0.00266,0.048,0.114,2.05,825,0.81
CIGARETTES,DRY BN/VEG/POTATO/RICE,DRUG GM,GROCERY,479,0.00191,0.044,0.036,0.83,596,0.80
BAKED BREAD/BUNS/ROLLS,MAKEUP AND TREATMENT,GROCERY,COSMETICS,1250,0.00498,0.021,0.318,1.33,1558,0.80
MARGARINES,SHAVING CARE PRODUCTS,GROCERY,DRUG GM,306,0.00122,0.023,0.093,1.73,381,0.80
DOG FOODS,VEGETABLES SALAD,GROCERY,PRODUCE,470,0.00187,0.066,0.044,1.55,588,0.80
BAKED SWEET GOODS,HAND/BODY/FACIAL PRODUCTS,GROCERY,DRUG GM,335,0.00133,0.018,0.118,1.58,417,0.80
BEERS/ALES,STONE FRUIT,GROCERY,PRODUCE,379,0.00151,0.024,0.069,1.12,474,0.80
BAKED SWEET GOODS,MELONS,GROCERY,PRODUCE,556,0.00222,0.030,0.129,1.73,699,0.80
BAKED SWEET GOODS,NEWSPAPER,GROCERY,DRUG GM,323,0.00129,0.017,0.067,0.90,404,0.80
BAKED BREAD/BUNS/ROLLS,COOKWARE & BAKEWARE,GROCERY,DRUG GM,378,0.00151,0.006,0.370,1.54,475,0.80
DINNER SAUSAGE,SALAD BAR,MEAT-PCKGD,SALAD BAR,308,0.00123,0.031,0.037,0.93,385,0.80
CANDY - PACKAGED,ONIONS,DRUG GM,PRODUCE,1845,0.00735,0.086,0.119,1.38,2301,0.80
BAKED BREAD/BUNS/ROLLS,CANDLES/ACCESSORIES,GROCERY,DRUG GM,380,0.00151,0.006,0.319,1.33,475,0.80
CANDY - PACKAGED,PEPPERS-ALL,DRUG GM,PRODUCE,1005,0.00400,0.047,0.122,1.43,1252,0.80
CHICKEN/POULTRY,DINNER MXS:DRY,DELI,GROCERY,346,0.00138,0.059,0.026,1.11,433,0.80
DINNER SAUSAGE,ORAL HYGIENE PRODUCTS,MEAT-PCKGD,DRUG GM,527,0.00210,0.053,0.068,1.72,661,0.80
BAKED BREAD/BUNS/ROLLS,BATH,GROCERY,COSMETICS,362,0.00144,0.006,0.345,1.44,454,0.80
LUNCHMEAT,SQUASH,MEAT-PCKGD,PRODUCE,391,0.00156,0.016,0.193,2.04,491,0.80
BAG SNACKS,VEGETABLES - ALL OTHERS,GROCERY,PRODUCE,4444,0.01771,0.106,0.272,1.63,5587,0.80
CANDY - PACKAGED,SEAFOOD-FRESH,DRUG GM,SEAFOOD,400,0.00159,0.019,0.109,1.27,502,0.80
DINNER SAUSAGE,FROZEN PIE/DESSERTS,MEAT-PCKGD,GROCERY,442,0.00176,0.045,0.069,1.75,554,0.80
BROCCOLI/CAULIFLOWER,SUGARS/SWEETNERS,PRODUCE,GROCERY,395,0.00157,0.088,0.038,2.16,495,0.80
LUNCHMEAT,PROCESSED,MEAT-PCKGD,PRODUCE,850,0.00339,0.036,0.181,1.92,1059,0.80
DINNER MXS:DRY,VEGETABLES - ALL OTHERS,GROCERY,PRODUCE,2011,0.00801,0.151,0.123,2.32,2502,0.80
BAG SNACKS,SEAFOOD-FRESH,GROCERY,SEAFOOD,913,0.00364,0.022,0.249,1.49,1145,0.80
BAKED SWEET GOODS,SPICES & EXTRACTS,GROCERY,GROCERY,1245,0.00496,0.067,0.132,1.77,1563,0.80
BROCCOLI/CAULIFLOWER,MARGARINES,PRODUCE,GROCERY,549,0.00219,0.123,0.041,2.28,682,0.80
FRZN MEAT/MEAT DINNERS,VEGETABLES SALAD,GROCERY,PRODUCE,1665,0.00663,0.073,0.155,1.72,2085,0.80
LUNCHMEAT,MAKEUP AND TREATMENT,MEAT-PCKGD,COSMETICS,515,0.00205,0.022,0.131,1.39,647,0.80
ORGANICS FRUIT & VEGETABLES,PAPER HOUSEWARES,PRODUCE,GROCERY,320,0.00128,0.061,0.042,1.98,399,0.80
BROCCOLI/CAULIFLOWER,FRZN BREAKFAST FOODS,PRODUCE,GROCERY,311,0.00124,0.070,0.043,2.39,387,0.80
EGGS,MAKEUP AND TREATMENT,GROCERY,COSMETICS,631,0.00251,0.023,0.161,1.45,789,0.80
CITRUS,MEAT - MISC,PRODUCE,MEAT-PCKGD,694,0.00277,0.069,0.082,2.05,869,0.80
AIR CARE,BREAKFAST SAUSAGE/SANDWICHES,GROCERY,MEAT-PCKGD,316,0.00126,0.083,0.029,1.90,394,0.80
BREAKFAST SWEETS,MISC. DAIRY,PASTRY,GROCERY,311,0.00124,0.038,0.042,1.31,387,0.80
BAG SNACKS,DRIED FRUIT,GROCERY,NUTRITION,876,0.00349,0.021,0.291,1.74,1093,0.80
DELI MEATS,STATIONERY & SCHOOL SUPPLIES,DELI,DRUG GM,407,0.00162,0.024,0.088,1.29,506,0.80
CARROTS,FRZN POTATOES,PRODUCE,GROCERY,605,0.00241,0.072,0.075,2.23,755,0.80
BREAKFAST SWEETS,CONDIMENTS/SAUCES,PASTRY,GROCERY,729,0.00290,0.089,0.041,1.26,914,0.80
PET CARE SUPPLIES,TROPICAL FRUIT,GROCERY,PRODUCE,510,0.00203,0.203,0.016,1.57,635,0.80
BREAKFAST SWEETS,CARROTS,PASTRY,PRODUCE,364,0.00145,0.045,0.043,1.33,453,0.80
BREAKFAST SAUSAGE/SANDWICHES,YOGURT,MEAT-PCKGD,GROCERY,1568,0.00625,0.143,0.089,2.04,1961,0.80
CHICKEN/POULTRY,REFRGRATD DOUGH PRODUCTS,DELI,GROCERY,350,0.00139,0.060,0.025,1.06,439,0.80
CARROTS,SOFT DRINKS,PRODUCE,GROCERY,3044,0.01213,0.362,0.043,1.27,3805,0.80
CHICKEN,WAREHOUSE SNACKS,MEAT,GROCERY,674,0.00269,0.045,0.103,1.72,840,0.80
STATIONERY & SCHOOL SUPPLIES,TOMATOES,DRUG GM,PRODUCE,372,0.00148,0.080,0.024,1.32,465,0.80
CAT FOOD,ONIONS,GROCERY,PRODUCE,619,0.00247,0.094,0.040,1.52,772,0.80
FRZN BREAKFAST FOODS,SALADS/DIPS,GROCERY,DELI,301,0.00120,0.041,0.050,1.72,377,0.80
FEMININE HYGIENE,TOMATOES,DRUG GM,PRODUCE,358,0.00143,0.083,0.023,1.37,445,0.80
CORN,CRACKERS/MISC BKD FD,PRODUCE,GROCERY,483,0.00192,0.176,0.021,1.95,601,0.80
CITRUS,WAREHOUSE SNACKS,PRODUCE,GROCERY,447,0.00178,0.044,0.068,1.70,560,0.80
BAKING NEEDS,VALUE ADDED FRUIT,GROCERY,PRODUCE,421,0.00168,0.041,0.072,1.74,527,0.80
COOKIES/CONES,MUSHROOMS,GROCERY,PRODUCE,654,0.00261,0.038,0.138,2.03,819,0.80
CAT LITTER,MILK BY-PRODUCTS,GROCERY,GROCERY,387,0.00154,0.131,0.020,1.67,483,0.80
FRZN NOVELTIES/WTR ICE,ORAL HYGIENE PRODUCTS,GROCERY,DRUG GM,478,0.00190,0.046,0.061,1.49,599,0.80
FLUID MILK PRODUCTS,MISC WINE,GROCERY,GROCERY,412,0.00164,0.006,0.320,1.16,518,0.80
PROCESSED,SUGARS/SWEETNERS,PRODUCE,GROCERY,393,0.00157,0.084,0.038,2.04,489,0.80
FROZEN BREAD/DOUGH,MUSHROOMS,GROCERY,PRODUCE,308,0.00123,0.043,0.065,2.27,386,0.80
AIR CARE,ONIONS,GROCERY,PRODUCE,443,0.00177,0.116,0.028,1.88,557,0.80
HAND/BODY/FACIAL PRODUCTS,VEGETABLES - SHELF STABLE,DRUG GM,GROCERY,484,0.00193,0.170,0.021,1.89,603,0.80
BEERS/ALES,DINNER MXS:DRY,GROCERY,GROCERY,973,0.00388,0.063,0.073,1.18,1222,0.80
REFRIGERATED,SPICES & EXTRACTS,NUTRITION,GROCERY,327,0.00130,0.063,0.035,1.68,408,0.80
COCOA MIXES,DELI MEATS,GROCERY,DELI,528,0.00210,0.138,0.031,2.03,663,0.80
CHEESE,PIES,GROCERY,PASTRY,720,0.00287,0.015,0.259,1.39,905,0.80
FROZEN MEAT,ONIONS,MEAT-PCKGD,PRODUCE,1115,0.00444,0.136,0.072,2.19,1395,0.80
CONDIMENTS/SAUCES,REFRIGERATED,GROCERY,NUTRITION,620,0.00247,0.035,0.120,1.69,771,0.80
CONDIMENTS/SAUCES,GREETING CARDS/WRAP/PARTY SPLY,GROCERY,DRUG GM,669,0.00267,0.037,0.088,1.24,831,0.80
CHEESES,COCOA MIXES,DELI,GROCERY,372,0.00148,0.033,0.097,2.16,463,0.80
GREETING CARDS/WRAP/PARTY SPLY,REFRGRATD DOUGH PRODUCTS,DRUG GM,GROCERY,525,0.00209,0.069,0.037,1.23,656,0.80
CHEESES,DRY SAUCES/GRAVY,DELI,GROCERY,629,0.00251,0.056,0.097,2.15,782,0.80
GREETING CARDS/WRAP/PARTY SPLY,PASTA SAUCE,DRUG GM,GROCERY,463,0.00184,0.061,0.039,1.31,580,0.80
COLD CEREAL,SALAD BAR,GROCERY,SALAD BAR,783,0.00312,0.031,0.093,0.93,973,0.80
CHIPS&SNACKS,VEGETABLES - SHELF STABLE,NUTRITION,GROCERY,304,0.00121,0.180,0.013,2.00,380,0.80
CHEESES,FRZN POTATOES,DELI,GROCERY,732,0.00292,0.065,0.090,2.00,914,0.80
FROZEN PIE/DESSERTS,LAUNDRY DETERGENTS,GROCERY,GROCERY,356,0.00142,0.055,0.042,1.64,446,0.80
BEANS - CANNED GLASS & MW,GREETING CARDS/WRAP/PARTY SPLY,GROCERY,DRUG GM,369,0.00147,0.039,0.049,1.29,463,0.80
BERRIES,MARGARINES,PRODUCE,GROCERY,1009,0.00402,0.111,0.074,2.05,1254,0.80
SHAVING CARE PRODUCTS,VEGETABLES - ALL OTHERS,DRUG GM,PRODUCE,367,0.00146,0.112,0.022,1.71,458,0.80
SHAVING CARE PRODUCTS,VEGETABLES - SHELF STABLE,DRUG GM,GROCERY,536,0.00214,0.163,0.024,1.81,666,0.80
ANTACIDS,BEEF,DRUG GM,MEAT,309,0.00123,0.176,0.008,1.21,388,0.80
SHORTENING/OIL,VALUE ADDED FRUIT,GROCERY,PRODUCE,372,0.00148,0.045,0.064,1.93,465,0.80
SMOKED MEATS,WATER - CARBONATED/FLVRD DRINK,MEAT,GROCERY,421,0.00168,0.107,0.023,1.50,523,0.80
COLD AND FLU,HISPANIC,DRUG GM,GROCERY,309,0.00123,0.063,0.022,1.11,387,0.80
CHRISTMAS  SEASONAL,TROPICAL FRUIT,DRUG GM,PRODUCE,326,0.00130,0.172,0.010,1.33,409,0.80
SOAP - LIQUID & BAR,VEGETABLES SALAD,DRUG GM,PRODUCE,466,0.00186,0.080,0.044,1.86,581,0.80
CHICKEN,FROZEN PIE/DESSERTS,MEAT,GROCERY,668,0.00266,0.044,0.104,1.73,839,0.80
BEEF,SHAVING CARE PRODUCTS,MEAT,DRUG GM,760,0.00303,0.021,0.231,1.58,945,0.80
DRY BN/VEG/POTATO/RICE,MAKEUP AND TREATMENT,GROCERY,COSMETICS,335,0.00133,0.025,0.085,1.61,416,0.80
CANDY - CHECKLANE,PEPPERS-ALL,DRUG GM,PRODUCE,782,0.00312,0.034,0.095,1.03,972,0.80
FRUIT - SHELF STABLE,MAGAZINE,GROCERY,DRUG GM,527,0.00210,0.040,0.073,1.38,663,0.80
CANDY - CHECKLANE,PORK,DRUG GM,MEAT,1156,0.00461,0.050,0.093,1.01,1443,0.80
CAKES,FROZEN PIZZA,PASTRY,GROCERY,436,0.00174,0.098,0.019,1.07,542,0.80
ORGANICS FRUIT & VEGETABLES,SUGARS/SWEETNERS,PRODUCE,GROCERY,434,0.00173,0.082,0.042,2.00,549,0.79
DINNER SAUSAGE,HOUSEHOLD CLEANG NEEDS,MEAT-PCKGD,GROCERY,543,0.00216,0.055,0.074,1.87,691,0.79
CORN,FROZEN PIZZA,PRODUCE,GROCERY,427,0.00170,0.156,0.018,1.69,538,0.79
COLD AND FLU,TOMATOES,DRUG GM,PRODUCE,326,0.00130,0.067,0.021,1.10,412,0.79
BREAKFAST SWEETS,HISPANIC,PASTRY,GROCERY,575,0.00229,0.071,0.040,1.24,732,0.79
FRZN POTATOES,TROPICAL FRUIT,GROCERY,PRODUCE,1941,0.00773,0.239,0.060,1.85,2456,0.79
CANDY - CHECKLANE,EGGS,DRUG GM,GROCERY,2535,0.01010,0.109,0.091,0.98,3196,0.79
CAKES,EGGS,PASTRY,GROCERY,540,0.00215,0.122,0.019,1.10,685,0.79
MAGAZINE,MARGARINES,DRUG GM,GROCERY,506,0.00202,0.070,0.037,1.30,641,0.79
CAT FOOD,VEGETABLES SALAD,GROCERY,PRODUCE,408,0.00163,0.062,0.038,1.46,519,0.79
CAT LITTER,POTATOES,GROCERY,PRODUCE,312,0.00124,0.106,0.020,1.74,395,0.79
CHEESE,HAIR CARE ACCESSORIES,GROCERY,DRUG GM,316,0.00126,0.007,0.265,1.42,398,0.79
CIGARETTES,SPICES & EXTRACTS,DRUG GM,GROCERY,336,0.00134,0.031,0.036,0.82,427,0.79
BEERS/ALES,CANDY - CHECKLANE,GROCERY,DRUG GM,1210,0.00482,0.078,0.052,0.84,1524,0.79
BEEF,CHICKEN/POULTRY,MEAT,DELI,874,0.00348,0.024,0.149,1.02,1112,0.79
BEERS/ALES,YOGURT,GROCERY,GROCERY,1217,0.00485,0.079,0.069,1.12,1541,0.79
COLD CEREAL,MUSHROOMS,GROCERY,PRODUCE,1000,0.00398,0.040,0.211,2.11,1261,0.79
CAT FOOD,TOMATOES,GROCERY,PRODUCE,590,0.00235,0.090,0.039,1.48,744,0.79
FRZN MEAT/MEAT DINNERS,MELONS,GROCERY,PRODUCE,662,0.00264,0.029,0.153,1.69,837,0.79
MILK BY-PRODUCTS,STATIONERY & SCHOOL SUPPLIES,GROCERY,DRUG GM,473,0.00188,0.024,0.102,1.30,595,0.79
BEERS/ALES,CONVENIENT BRKFST/WHLSM SNACKS,GROCERY,GROCERY,989,0.00394,0.064,0.071,1.14,1256,0.79
BABY HBC,VEGETABLES - ALL OTHERS,DRUG GM,PRODUCE,419,0.00167,0.105,0.026,1.62,530,0.79
MARGARINES,STONE FRUIT,GROCERY,PRODUCE,560,0.00223,0.041,0.102,1.89,711,0.79
BACON,ORGANICS FRUIT & VEGETABLES,MEAT-PCKGD,PRODUCE,502,0.00200,0.046,0.095,2.19,634,0.79
BAG SNACKS,DIETARY AID PRODUCTS,GROCERY,DRUG GM,411,0.00164,0.010,0.231,1.38,521,0.79
FEMININE HYGIENE,MARGARINES,DRUG GM,GROCERY,316,0.00126,0.074,0.023,1.36,401,0.79
BAG SNACKS,DOMESTIC WINE,GROCERY,GROCERY,848,0.00338,0.020,0.187,1.12,1076,0.79
PAPER TOWELS,SALAD BAR,GROCERY,SALAD BAR,310,0.00124,0.030,0.037,0.91,394,0.79
CANDY - CHECKLANE,PROCESSED,DRUG GM,PRODUCE,435,0.00173,0.019,0.093,1.00,550,0.79
ANALGESICS,DRY NOODLES/PASTA,DRUG GM,GROCERY,319,0.00127,0.075,0.023,1.35,403,0.79
CONVENIENT BRKFST/WHLSM SNACKS,TOMATOES,GROCERY,PRODUCE,1785,0.00711,0.128,0.117,2.10,2264,0.79
CHICKEN,CHICKEN/POULTRY,MEAT,DELI,367,0.00146,0.024,0.062,1.04,466,0.79
BAKED BREAD/BUNS/ROLLS,KITCHEN GADGETS,GROCERY,DRUG GM,694,0.00277,0.012,0.364,1.52,878,0.79
BATH TISSUES,ROLLS,GROCERY,PASTRY,407,0.00162,0.030,0.080,1.48,517,0.79
CAT FOOD,ICE CREAM/MILK/SHERBTS,GROCERY,GROCERY,618,0.00246,0.094,0.031,1.18,782,0.79
BAKED BREAD/BUNS/ROLLS,LAXATIVES,GROCERY,DRUG GM,390,0.00155,0.006,0.284,1.18,496,0.79
BREAKFAST SWEETS,ONIONS,PASTRY,PRODUCE,641,0.00255,0.079,0.041,1.27,807,0.79
CIGARETTES,TOMATOES,DRUG GM,PRODUCE,548,0.00218,0.050,0.036,0.83,695,0.79
DINNER SAUSAGE,YOGURT,MEAT-PCKGD,GROCERY,1364,0.00544,0.138,0.078,1.97,1720,0.79
SOFT DRINKS,VITAMINS,GROCERY,DRUG GM,593,0.00236,0.008,0.298,1.04,754,0.79
CIGARETTES,DRY NOODLES/PASTA,DRUG GM,GROCERY,496,0.00198,0.045,0.035,0.81,629,0.79
BUTTER,CONVENIENT BRKFST/WHLSM SNACKS,GROCERY,GROCERY,620,0.00247,0.125,0.044,2.25,788,0.79
BAKING NEEDS,FRZN MEAT/MEAT DINNERS,GROCERY,GROCERY,1521,0.00606,0.146,0.067,1.61,1916,0.79
BAKING NEEDS,REFRGRATD JUICES/DRNKS,GROCERY,GROCERY,1696,0.00676,0.163,0.065,1.58,2157,0.79
BEEF,MAKEUP AND TREATMENT,MEAT,COSMETICS,797,0.00318,0.022,0.203,1.39,1005,0.79
BAKING NEEDS,FROZEN PIZZA,GROCERY,GROCERY,1586,0.00632,0.153,0.069,1.66,1996,0.79
FRZN VEGETABLE/VEG DSH,ISOTONIC DRINKS,GROCERY,GROCERY,467,0.00186,0.037,0.087,1.72,591,0.79
FRZN MEAT/MEAT DINNERS,GREETING CARDS/WRAP/PARTY SPLY,GROCERY,DRUG GM,765,0.00305,0.034,0.101,1.11,971,0.79
BAKED BREAD/BUNS/ROLLS,COLD AND FLU,GROCERY,DRUG GM,1204,0.00480,0.020,0.247,1.03,1525,0.79
FRZN NOVELTIES/WTR ICE,ORGANICS FRUIT & VEGETABLES,GROCERY,PRODUCE,376,0.00150,0.036,0.071,1.73,477,0.79
BAKED SWEET GOODS,CARROTS,GROCERY,PRODUCE,1194,0.00476,0.064,0.142,1.91,1510,0.79
DOG FOODS,TOMATOES,GROCERY,PRODUCE,669,0.00267,0.094,0.044,1.55,843,0.79
BREAKFAST SAUSAGE/SANDWICHES,CITRUS,MEAT-PCKGD,PRODUCE,880,0.00351,0.080,0.087,1.99,1109,0.79
DRIED FRUIT,FROZEN PIZZA,NUTRITION,GROCERY,536,0.00214,0.178,0.023,1.93,675,0.79
BEEF,IMPORTED WINE,MEAT,GROCERY,335,0.00133,0.009,0.194,1.33,424,0.79
DINNER MXS:DRY,ROLLS,GROCERY,PASTRY,467,0.00186,0.035,0.092,1.73,595,0.79
HOT DOGS,ROLLS,MEAT-PCKGD,PASTRY,356,0.00142,0.033,0.070,1.61,451,0.79
FLUID MILK PRODUCTS,REFRIGERATED,GROCERY,NUTRITION,1889,0.00753,0.027,0.366,1.33,2395,0.79
BEEF,PREPARED FOOD,MEAT,DELI,662,0.00264,0.018,0.141,0.96,836,0.79
BAG SNACKS,BROCCOLI/CAULIFLOWER,GROCERY,PRODUCE,1302,0.00519,0.031,0.291,1.74,1642,0.79
SALAD MIX,SUGARS/SWEETNERS,PRODUCE,GROCERY,1240,0.00494,0.080,0.121,1.95,1566,0.79
CHEESE,STATIONERY & SCHOOL SUPPLIES,GROCERY,DRUG GM,1073,0.00428,0.023,0.231,1.24,1365,0.79
DOMESTIC WINE,FRUIT - SHELF STABLE,GROCERY,GROCERY,315,0.00126,0.070,0.024,1.31,401,0.79
DELI MEATS,HERBS,DELI,PRODUCE,430,0.00171,0.025,0.132,1.93,542,0.79
DRY BN/VEG/POTATO/RICE,SALADS/DIPS,GROCERY,DELI,557,0.00222,0.042,0.093,1.75,702,0.79
BAG SNACKS,VITAMINS,GROCERY,DRUG GM,446,0.00178,0.011,0.224,1.34,563,0.79
CHEESES,DINNER MXS:DRY,DELI,GROCERY,1358,0.00541,0.120,0.102,2.26,1708,0.79
COLD CEREAL,PREPARED FOOD,GROCERY,DELI,466,0.00186,0.019,0.099,0.99,587,0.79
APPLES,FRZN POTATOES,PRODUCE,GROCERY,885,0.00353,0.067,0.109,2.07,1118,0.79
CHEESE,HARDWARE SUPPLIES,GROCERY,DRUG GM,319,0.00127,0.007,0.269,1.44,405,0.79
BERRIES,MEAT - MISC,PRODUCE,MEAT-PCKGD,631,0.00251,0.069,0.075,2.06,800,0.79
CANDY - CHECKLANE,FRZN VEGETABLE/VEG DSH,DRUG GM,GROCERY,1166,0.00465,0.050,0.092,0.99,1475,0.79
EGGS,SALADS/DIPS,GROCERY,DELI,1057,0.00421,0.038,0.176,1.58,1340,0.79
MEAT - SHELF STABLE,ROLLS,GROCERY,PASTRY,467,0.00186,0.034,0.092,1.67,590,0.79
HOT DOGS,SALAD BAR,MEAT-PCKGD,SALAD BAR,338,0.00135,0.031,0.040,0.92,426,0.79
DRY BN/VEG/POTATO/RICE,MAGAZINE,GROCERY,DRUG GM,516,0.00206,0.039,0.071,1.35,650,0.79
CHEESE,VITAMINS,GROCERY,DRUG GM,552,0.00220,0.012,0.277,1.48,700,0.79
DISPOSIBLE FOILWARE,FLUID MILK PRODUCTS,DRUG GM,GROCERY,378,0.00151,0.375,0.005,1.36,477,0.79
BEERS/ALES,REFRGRATD DOUGH PRODUCTS,GROCERY,GROCERY,982,0.00391,0.063,0.070,1.13,1240,0.79
FROZEN MEAT,STONE FRUIT,MEAT-PCKGD,PRODUCE,359,0.00143,0.044,0.065,2.00,453,0.79
BREAKFAST SWEETS,FRZN VEGETABLE/VEG DSH,PASTRY,GROCERY,516,0.00206,0.063,0.041,1.25,653,0.79
BAKED SWEET GOODS,VEGETABLES SALAD,GROCERY,PRODUCE,1379,0.00549,0.074,0.129,1.73,1741,0.79
APPLES,HOT DOGS,PRODUCE,MEAT-PCKGD,1214,0.00484,0.092,0.111,2.11,1528,0.79
CANDY - CHECKLANE,CHEESES,DRUG GM,DELI,1028,0.00410,0.044,0.091,0.98,1314,0.78
DINNER MXS:DRY,TOMATOES,GROCERY,PRODUCE,1786,0.00712,0.134,0.117,2.21,2278,0.78
BEEF,FACIAL TISS/DNR NAPKIN,MEAT,GROCERY,1826,0.00728,0.050,0.266,1.82,2350,0.78
CIGARETTES,SALD DRSNG/SNDWCH SPRD,DRUG GM,GROCERY,592,0.00236,0.054,0.035,0.81,758,0.78
DINNER MXS:DRY,STATIONERY & SCHOOL SUPPLIES,GROCERY,DRUG GM,343,0.00137,0.026,0.074,1.40,441,0.78
BEERS/ALES,CANNED JUICES,GROCERY,GROCERY,1332,0.00531,0.086,0.066,1.07,1714,0.78
COCOA MIXES,VEGETABLES SALAD,GROCERY,PRODUCE,336,0.00134,0.088,0.031,2.06,431,0.78
BEANS - CANNED GLASS & MW,CANDY - CHECKLANE,GROCERY,DRUG GM,877,0.00349,0.092,0.038,1.00,1125,0.78
DRY SAUCES/GRAVY,WATER - CARBONATED/FLVRD DRINK,GROCERY,GROCERY,734,0.00292,0.113,0.041,1.58,936,0.78
CORN,LUNCHMEAT,PRODUCE,MEAT-PCKGD,445,0.00177,0.162,0.019,1.72,570,0.78
BACON,GREETING CARDS/WRAP/PARTY SPLY,MEAT-PCKGD,DRUG GM,407,0.00162,0.037,0.054,1.24,520,0.78
BATH TISSUES,BROCCOLI/CAULIFLOWER,GROCERY,PRODUCE,480,0.00191,0.035,0.107,1.98,617,0.78
BABY HBC,PORK,DRUG GM,MEAT,318,0.00127,0.080,0.026,1.62,410,0.78
BAKING NEEDS,FRZN NOVELTIES/WTR ICE,GROCERY,GROCERY,664,0.00265,0.064,0.064,1.55,849,0.78
BABY HBC,ICE CREAM/MILK/SHERBTS,DRUG GM,GROCERY,394,0.00157,0.099,0.020,1.24,502,0.78
BREAKFAST SWEETS,DRY BN/VEG/POTATO/RICE,PASTRY,GROCERY,552,0.00220,0.068,0.042,1.28,706,0.78
BAKED BREAD/BUNS/ROLLS,MISC WINE,GROCERY,GROCERY,373,0.00149,0.006,0.290,1.21,479,0.78
SUGARS/SWEETNERS,TOMATOES,GROCERY,PRODUCE,1184,0.00472,0.115,0.078,1.89,1510,0.78
COOKIES/CONES,TURKEY,GROCERY,MEAT,356,0.00142,0.021,0.128,1.87,454,0.78
CANDY - PACKAGED,CHICKEN,DRUG GM,MEAT,1695,0.00675,0.079,0.113,1.32,2177,0.78
FLUID MILK PRODUCTS,SALAD BAR,GROCERY,SALAD BAR,1997,0.00796,0.029,0.238,0.86,2550,0.78
PREPARED FOOD,VEGETABLES - SHELF STABLE,DELI,GROCERY,422,0.00168,0.090,0.019,1.00,541,0.78
BAG SNACKS,CANNED MILK,GROCERY,GROCERY,443,0.00177,0.011,0.244,1.46,565,0.78
DRY BN/VEG/POTATO/RICE,SALAD BAR,GROCERY,SALAD BAR,404,0.00161,0.030,0.048,0.91,519,0.78
ICE CREAM/MILK/SHERBTS,SALAD BAR,GROCERY,SALAD BAR,563,0.00224,0.028,0.067,0.84,717,0.78
CAKES,FRZN MEAT/MEAT DINNERS,PASTRY,GROCERY,412,0.00164,0.093,0.018,1.03,531,0.78
FRZN VEGETABLE/VEG DSH,MAGAZINE,GROCERY,DRUG GM,466,0.00186,0.037,0.064,1.27,600,0.78
CAT FOOD,HISPANIC,GROCERY,GROCERY,548,0.00218,0.084,0.038,1.47,705,0.78
FRUIT - SHELF STABLE,MUSHROOMS,GROCERY,PRODUCE,597,0.00238,0.045,0.126,2.38,767,0.78
CAT FOOD,DELI MEATS,GROCERY,DELI,631,0.00251,0.096,0.037,1.41,807,0.78
COOKIES,ONIONS,PASTRY,PRODUCE,329,0.00131,0.089,0.021,1.44,423,0.78
FACIAL TISS/DNR NAPKIN,LUNCHMEAT,GROCERY,MEAT-PCKGD,1183,0.00471,0.173,0.050,1.83,1514,0.78
MEAT - SHELF STABLE,STATIONERY & SCHOOL SUPPLIES,GROCERY,DRUG GM,344,0.00137,0.025,0.074,1.35,440,0.78
MEAT - SHELF STABLE,TOMATOES,GROCERY,PRODUCE,1749,0.00697,0.127,0.115,2.08,2234,0.78
TOMATOES,WAREHOUSE SNACKS,PRODUCE,GROCERY,670,0.00267,0.044,0.102,1.69,855,0.78
BEEF,SNACKS,MEAT,DELI,305,0.00122,0.008,0.241,1.65,393,0.78
CONVENIENT BRKFST/WHLSM SNACKS,VEGETABLES SALAD,GROCERY,PRODUCE,1235,0.00492,0.088,0.115,2.07,1577,0.78
BERRIES,BREAKFAST SAUSAGE/SANDWICHES,PRODUCE,MEAT-PCKGD,797,0.00318,0.087,0.073,2.00,1022,0.78
FRZN MEAT/MEAT DINNERS,ONIONS,GROCERY,PRODUCE,2433,0.00969,0.107,0.156,1.73,3120,0.78
DELI MEATS,SHORTENING/OIL,DELI,GROCERY,1083,0.00432,0.063,0.131,1.92,1389,0.78
FRZN MEAT/MEAT DINNERS,OLIVES,GROCERY,GROCERY,450,0.00179,0.020,0.170,1.88,579,0.78
ISOTONIC DRINKS,MARGARINES,GROCERY,GROCERY,491,0.00196,0.092,0.036,1.70,630,0.78
MAKEUP AND TREATMENT,POTATOES,COSMETICS,PRODUCE,360,0.00143,0.092,0.024,1.51,460,0.78
FLOUR & MEALS,SALAD MIX,GROCERY,PRODUCE,379,0.00151,0.121,0.024,1.96,483,0.78
FRZN POTATOES,VALUE ADDED FRUIT,GROCERY,PRODUCE,345,0.00137,0.043,0.059,1.83,441,0.78
FROZEN PIZZA,VALUE ADDED VEGETABLES,GROCERY,PRODUCE,351,0.00140,0.015,0.167,1.82,452,0.78
SOFT DRINKS,VEGETABLES - ALL OTHERS,GROCERY,PRODUCE,5530,0.02204,0.077,0.338,1.19,7084,0.78
CAT FOOD,CITRUS,GROCERY,PRODUCE,379,0.00151,0.058,0.037,1.44,487,0.78
ISOTONIC DRINKS,PEPPERS-ALL,GROCERY,PRODUCE,316,0.00126,0.059,0.038,1.80,403,0.78
FROZEN PIZZA,STONE FRUIT,GROCERY,PRODUCE,834,0.00332,0.036,0.152,1.65,1071,0.78
BREAKFAST SAUSAGE/SANDWICHES,ROLLS,MEAT-PCKGD,PASTRY,354,0.00141,0.032,0.070,1.59,454,0.78
SOFT DRINKS,STONE FRUIT,GROCERY,PRODUCE,1805,0.00719,0.025,0.329,1.15,2308,0.78
ANALGESICS,BEEF,DRUG GM,MEAT,741,0.00295,0.175,0.020,1.20,951,0.78
BAKED SWEET GOODS,PROCESSED,GROCERY,PRODUCE,627,0.00250,0.034,0.134,1.79,801,0.78
SNACKS,SOFT DRINKS,DELI,GROCERY,411,0.00164,0.325,0.006,1.14,524,0.78
CAKES,LUNCHMEAT,PASTRY,MEAT-PCKGD,446,0.00178,0.101,0.019,1.07,571,0.78
CONVENIENT BRKFST/WHLSM SNACKS,PEPPERS-ALL,GROCERY,PRODUCE,1041,0.00415,0.074,0.127,2.27,1333,0.78
CHEESE,FLORAL-FRESH CUT,GROCERY,FLORAL,417,0.00166,0.009,0.189,1.01,532,0.78
BABY FOODS,EGGS,DRUG GM,GROCERY,658,0.00262,0.156,0.024,1.40,840,0.78
CONVENIENT BRKFST/WHLSM SNACKS,MUSHROOMS,GROCERY,PRODUCE,599,0.00239,0.043,0.127,2.27,767,0.78
BAG SNACKS,FITNESS&DIET,GROCERY,NUTRITION,339,0.00135,0.008,0.206,1.23,437,0.78
DEODORANTS,ONIONS,DRUG GM,PRODUCE,445,0.00177,0.105,0.029,1.69,568,0.78
BATH TISSUES,SALAD BAR,GROCERY,SALAD BAR,401,0.00160,0.029,0.048,0.88,512,0.78
PORK,PROCESSED,MEAT,PRODUCE,490,0.00195,0.040,0.104,2.12,630,0.78
FRZN POTATOES,PROCESSED,GROCERY,PRODUCE,309,0.00123,0.038,0.066,2.04,397,0.78
BREAD,CANDY - CHECKLANE,PASTRY,DRUG GM,690,0.00275,0.087,0.030,0.94,881,0.78
BREAKFAST SWEETS,SHORTENING/OIL,PASTRY,GROCERY,335,0.00133,0.041,0.041,1.25,428,0.78
HAND/BODY/FACIAL PRODUCTS,SALD DRSNG/SNDWCH SPRD,DRUG GM,GROCERY,335,0.00133,0.118,0.020,1.77,427,0.78
DINNER SAUSAGE,MAGAZINE,MEAT-PCKGD,DRUG GM,363,0.00145,0.037,0.050,1.28,464,0.78
BREAKFAST SWEETS,SUGARS/SWEETNERS,PASTRY,GROCERY,401,0.00160,0.049,0.039,1.20,515,0.78
PAPER TOWELS,ROLLS,GROCERY,PASTRY,322,0.00128,0.032,0.063,1.56,413,0.78
SEAFOOD-FRESH,SOFT DRINKS,SEAFOOD,GROCERY,1177,0.00469,0.320,0.016,1.12,1503,0.78
ANALGESICS,CONDIMENTS/SAUCES,DRUG GM,GROCERY,384,0.00153,0.091,0.022,1.27,489,0.78
ONIONS,SHAVING CARE PRODUCTS,PRODUCE,DRUG GM,344,0.00137,0.022,0.105,1.69,439,0.78
SPICES & EXTRACTS,VALUE ADDED FRUIT,GROCERY,PRODUCE,403,0.00161,0.043,0.069,1.83,518,0.78
EGGS,PET CARE SUPPLIES,GROCERY,GROCERY,436,0.00174,0.016,0.174,1.57,556,0.78
BROCCOLI/CAULIFLOWER,COOKIES/CONES,PRODUCE,GROCERY,627,0.00250,0.140,0.037,2.06,801,0.78
EGGS,MAGAZINE,GROCERY,DRUG GM,1006,0.00401,0.036,0.139,1.25,1286,0.78
BAKING MIXES,BEERS/ALES,GROCERY,GROCERY,762,0.00304,0.068,0.049,1.09,978,0.78
BERRIES,SHORTENING/OIL,PRODUCE,GROCERY,608,0.00242,0.067,0.074,2.03,783,0.78
CITRUS,MEAT - SHELF STABLE,PRODUCE,GROCERY,1145,0.00456,0.113,0.083,2.06,1468,0.78
BROCCOLI/CAULIFLOWER,PAPER TOWELS,PRODUCE,GROCERY,393,0.00157,0.088,0.039,2.17,504,0.78
CANDY - PACKAGED,TURKEY,DRUG GM,MEAT,318,0.00127,0.015,0.114,1.33,406,0.78
BAG SNACKS,FLOUR & MEALS,GROCERY,GROCERY,804,0.00320,0.019,0.256,1.53,1042,0.77
FROZEN PIZZA,NUTS,GROCERY,PRODUCE,301,0.00120,0.013,0.164,1.78,392,0.77
POTATOES,SALADS/DIPS,PRODUCE,DELI,598,0.00238,0.039,0.099,1.63,781,0.77
MAGAZINE,ONIONS,DRUG GM,PRODUCE,574,0.00229,0.079,0.037,1.28,742,0.77
COCOA MIXES,VEGETABLES - ALL OTHERS,GROCERY,PRODUCE,522,0.00208,0.137,0.032,2.10,678,0.77
CHEESES,MEAT - MISC,DELI,MEAT-PCKGD,761,0.00303,0.067,0.090,2.00,989,0.77
BABY HBC,BEEF,DRUG GM,MEAT,844,0.00336,0.212,0.023,1.45,1102,0.77
FACIAL TISS/DNR NAPKIN,HOT DOGS,GROCERY,MEAT-PCKGD,596,0.00237,0.087,0.055,2.00,775,0.77
CHEESE,COLD AND FLU,GROCERY,DRUG GM,947,0.00377,0.020,0.194,1.04,1227,0.77
MELONS,REFRGRATD DOUGH PRODUCTS,PRODUCE,GROCERY,466,0.00186,0.108,0.033,1.92,601,0.77
DRY NOODLES/PASTA,SALAD BAR,GROCERY,SALAD BAR,425,0.00169,0.030,0.051,0.91,550,0.77
MELONS,SOUP,PRODUCE,GROCERY,783,0.00312,0.181,0.033,1.93,1016,0.77
BAKED BREAD/BUNS/ROLLS,BREAD,GROCERY,PASTRY,2748,0.01095,0.046,0.345,1.44,3547,0.77
DRY BN/VEG/POTATO/RICE,GREETING CARDS/WRAP/PARTY SPLY,GROCERY,DRUG GM,498,0.00198,0.038,0.066,1.24,648,0.77
BREAKFAST SWEETS,SEAFOOD - SHELF STABLE,PASTRY,GROCERY,328,0.00131,0.040,0.042,1.28,427,0.77
FIRST AID PRODUCTS,LUNCHMEAT,DRUG GM,MEAT-PCKGD,300,0.00120,0.114,0.013,1.20,389,0.77
BREAKFAST SAUSAGE/SANDWICHES,SALAD BAR,MEAT-PCKGD,SALAD BAR,331,0.00132,0.030,0.039,0.90,428,0.77
BABY FOODS,BATH TISSUES,DRUG GM,GROCERY,307,0.00122,0.073,0.023,1.34,398,0.77
CIGARETTES,VEGETABLES SALAD,DRUG GM,PRODUCE,377,0.00150,0.035,0.035,0.81,488,0.77
CANNED JUICES,CIGARETTES,GROCERY,DRUG GM,701,0.00279,0.035,0.064,0.80,908,0.77
CANDY - CHECKLANE,SPICES & EXTRACTS,DRUG GM,GROCERY,842,0.00336,0.036,0.089,0.96,1094,0.77
HOT DOGS,PROCESSED,MEAT-PCKGD,PRODUCE,419,0.00167,0.038,0.089,2.05,543,0.77
BEEF,COLD AND FLU,MEAT,DRUG GM,739,0.00294,0.020,0.151,1.04,956,0.77
CONDIMENTS/SAUCES,PREPARED FOOD,GROCERY,DELI,324,0.00129,0.018,0.069,0.97,419,0.77
FLUID MILK PRODUCTS,LIQUOR,GROCERY,SPIRITS,590,0.00235,0.009,0.256,0.93,763,0.77
LAUNDRY DETERGENTS,PEPPERS-ALL,GROCERY,PRODUCE,538,0.00214,0.064,0.065,1.94,695,0.77
DEODORANTS,VEGETABLES - ALL OTHERS,DRUG GM,PRODUCE,454,0.00181,0.107,0.028,1.64,592,0.77
CHEESES,DRY MIX DESSERTS,DELI,GROCERY,486,0.00194,0.043,0.089,1.98,632,0.77
BREAKFAST SWEETS,CHICKEN,PASTRY,MEAT,586,0.00234,0.072,0.039,1.20,765,0.77
MUSHROOMS,SOFT DRINKS,PRODUCE,GROCERY,1631,0.00650,0.344,0.023,1.21,2111,0.77
SPICES & EXTRACTS,WAREHOUSE SNACKS,GROCERY,GROCERY,413,0.00165,0.044,0.063,1.68,537,0.77
ISOTONIC DRINKS,ONIONS,GROCERY,PRODUCE,558,0.00222,0.104,0.036,1.68,726,0.77
FROZEN PIZZA,SEAFOOD-FRESH,GROCERY,SEAFOOD,525,0.00209,0.023,0.143,1.55,682,0.77
STATIONERY & SCHOOL SUPPLIES,VEGETABLES - SHELF STABLE,DRUG GM,GROCERY,552,0.00220,0.119,0.024,1.32,718,0.77
ISOTONIC DRINKS,SHORTENING/OIL,GROCERY,GROCERY,304,0.00121,0.057,0.037,1.73,394,0.77
CHEESES,SUGARS/SWEETNERS,DELI,GROCERY,866,0.00345,0.077,0.084,1.87,1126,0.77
MAKEUP AND TREATMENT,ONIONS,COSMETICS,PRODUCE,356,0.00142,0.091,0.023,1.46,461,0.77
DRIED FRUIT,SOFT DRINKS,NUTRITION,GROCERY,1040,0.00414,0.345,0.015,1.21,1352,0.77
BREAD,FRZN NOVELTIES/WTR ICE,PASTRY,GROCERY,459,0.00183,0.058,0.044,1.40,598,0.77
BUTTER,SOFT DRINKS,GROCERY,GROCERY,1671,0.00666,0.338,0.023,1.18,2182,0.77
BACON,SALAD BAR,MEAT-PCKGD,SALAD BAR,328,0.00131,0.030,0.039,0.90,427,0.77
CHIPS&SNACKS,SOFT DRINKS,NUTRITION,GROCERY,546,0.00218,0.323,0.008,1.13,708,0.77
DRY NOODLES/PASTA,MAGAZINE,GROCERY,DRUG GM,529,0.00211,0.038,0.073,1.31,686,0.77
CONDIMENTS/SAUCES,MAKEUP AND TREATMENT,GROCERY,COSMETICS,405,0.00161,0.023,0.103,1.45,525,0.77
DINNER MXS:DRY,MELONS,GROCERY,PRODUCE,495,0.00197,0.037,0.115,2.16,640,0.77
COLD AND FLU,LUNCHMEAT,DRUG GM,MEAT-PCKGD,475,0.00189,0.097,0.020,1.03,616,0.77
ISOTONIC DRINKS,SPICES & EXTRACTS,GROCERY,GROCERY,337,0.00134,0.063,0.036,1.67,438,0.77
ONIONS,WAREHOUSE SNACKS,PRODUCE,GROCERY,687,0.00274,0.044,0.105,1.70,892,0.77
PNT BTR/JELLY/JAMS,SALAD BAR,GROCERY,SALAD BAR,312,0.00124,0.030,0.037,0.90,403,0.77
SOUP,STONE FRUIT,GROCERY,PRODUCE,949,0.00378,0.040,0.173,1.84,1240,0.77
BAG SNACKS,FIRST AID PRODUCTS,GROCERY,DRUG GM,494,0.00197,0.012,0.187,1.12,639,0.77
DELI MEATS,SUGARS/SWEETNERS,DELI,GROCERY,1246,0.00496,0.073,0.121,1.78,1623,0.77
BAG SNACKS,PEARS,GROCERY,PRODUCE,547,0.00218,0.013,0.277,1.66,714,0.77
FROZEN PIE/DESSERTS,SEAFOOD - SHELF STABLE,GROCERY,GROCERY,378,0.00151,0.059,0.048,1.87,492,0.77
CONVENIENT BRKFST/WHLSM SNACKS,ONIONS,GROCERY,PRODUCE,1824,0.00727,0.130,0.117,2.10,2380,0.77
FROZEN PIZZA,PEPPERS-ALL,GROCERY,PRODUCE,1384,0.00551,0.060,0.168,1.83,1803,0.77
BAG SNACKS,TURKEY,GROCERY,MEAT,725,0.00289,0.017,0.260,1.55,946,0.77
COLD CEREAL,NEWSPAPER,GROCERY,DRUG GM,426,0.00170,0.017,0.088,0.88,550,0.77
BROCCOLI/CAULIFLOWER,LUNCHMEAT,PRODUCE,MEAT-PCKGD,822,0.00328,0.184,0.035,1.95,1066,0.77
CONVENIENT BRKFST/WHLSM SNACKS,VEGETABLES - ALL OTHERS,GROCERY,PRODUCE,1906,0.00759,0.136,0.117,2.09,2480,0.77
CANDY - CHECKLANE,REFRIGERATED,DRUG GM,NUTRITION,433,0.00173,0.019,0.084,0.91,560,0.77
SPRING/SUMMER SEASONAL,TROPICAL FRUIT,DRUG GM,PRODUCE,345,0.00137,0.181,0.011,1.40,451,0.77
BEERS/ALES,TROPICAL FRUIT,GROCERY,PRODUCE,2163,0.00862,0.140,0.067,1.08,2804,0.77
CRACKERS/MISC BKD FD,NEWSPAPER,GROCERY,DRUG GM,375,0.00149,0.017,0.078,0.86,494,0.76
FLOUR & MEALS,FRZN MEAT/MEAT DINNERS,GROCERY,GROCERY,459,0.00183,0.146,0.020,1.62,607,0.76
DOG FOODS,VEGETABLES - ALL OTHERS,GROCERY,PRODUCE,691,0.00275,0.097,0.042,1.49,914,0.76
BREAKFAST SAUSAGE/SANDWICHES,BROCCOLI/CAULIFLOWER,MEAT-PCKGD,PRODUCE,424,0.00169,0.039,0.095,2.17,556,0.76
BAKING NEEDS,STONE FRUIT,GROCERY,PRODUCE,381,0.00152,0.037,0.069,1.68,501,0.76
FD WRAPS/BAGS/TRSH BG,SALAD BAR,GROCERY,SALAD BAR,324,0.00129,0.029,0.039,0.86,427,0.76
BAKING MIXES,STONE FRUIT,GROCERY,PRODUCE,431,0.00172,0.038,0.079,1.75,571,0.76
BREAKFAST SAUSAGE/SANDWICHES,SALADS/DIPS,MEAT-PCKGD,DELI,417,0.00166,0.038,0.069,1.58,552,0.76
BEERS/ALES,MOLASSES/SYRUP/PANCAKE MIXS,GROCERY,GROCERY,313,0.00125,0.020,0.069,1.12,411,0.76
BREAKFAST SWEETS,DRY NOODLES/PASTA,PASTRY,GROCERY,565,0.00225,0.069,0.040,1.24,745,0.76
BAG SNACKS,CHIPS&SNACKS,GROCERY,NUTRITION,418,0.00167,0.010,0.247,1.48,546,0.76
DOMESTIC WINE,REFRGRATD DOUGH PRODUCTS,GROCERY,GROCERY,304,0.00121,0.067,0.022,1.19,402,0.76
REFRGRATD DOUGH PRODUCTS,REFRIGERATED,GROCERY,NUTRITION,460,0.00183,0.033,0.089,1.58,608,0.76
BREAD,HAIR CARE PRODUCTS,PASTRY,DRUG GM,353,0.00141,0.044,0.044,1.40,463,0.76
CONVENIENT BRKFST/WHLSM SNACKS,SMOKED MEATS,GROCERY,MEAT,431,0.00172,0.031,0.110,1.97,568,0.76
FRZN POTATOES,GRAPES,GROCERY,PRODUCE,641,0.00255,0.079,0.063,1.96,839,0.76
HEAT/SERVE,SUGARS/SWEETNERS,MEAT-PCKGD,GROCERY,395,0.00157,0.075,0.038,1.83,517,0.76
BEEF,DOMESTIC WINE,MEAT,GROCERY,768,0.00306,0.021,0.170,1.16,1006,0.76
BATH TISSUES,PEPPERS-ALL,GROCERY,PRODUCE,838,0.00334,0.062,0.102,1.88,1096,0.76
BABY FOODS,ICE CREAM/MILK/SHERBTS,DRUG GM,GROCERY,377,0.00150,0.089,0.019,1.12,496,0.76
BREAD,DINNER SAUSAGE,PASTRY,MEAT-PCKGD,499,0.00199,0.063,0.051,1.60,654,0.76
CONVENIENT BRKFST/WHLSM SNACKS,ORGANICS FRUIT & VEGETABLES,GROCERY,PRODUCE,633,0.00252,0.045,0.120,2.15,830,0.76
ISOTONIC DRINKS,SUGARS/SWEETNERS,GROCERY,GROCERY,349,0.00139,0.065,0.034,1.59,462,0.76
ISOTONIC DRINKS,TOMATOES,GROCERY,PRODUCE,531,0.00212,0.099,0.035,1.63,694,0.76
REFRIGERATED,SALD DRSNG/SNDWCH SPRD,NUTRITION,GROCERY,556,0.00222,0.108,0.033,1.61,728,0.76
BEEF,DRIED FRUIT,MEAT,NUTRITION,837,0.00334,0.023,0.278,1.90,1099,0.76
HAND/BODY/FACIAL PRODUCTS,LUNCHMEAT,DRUG GM,MEAT-PCKGD,416,0.00166,0.146,0.018,1.55,548,0.76
DIAPERS & DISPOSABLES,SALD DRSNG/SNDWCH SPRD,DRUG GM,GROCERY,387,0.00154,0.085,0.023,1.27,509,0.76
CANDY - CHECKLANE,SEAFOOD-FRESH,DRUG GM,SEAFOOD,315,0.00126,0.014,0.086,0.93,413,0.76
CITRUS,FROZEN PIZZA,PRODUCE,GROCERY,1555,0.00620,0.154,0.067,1.67,2043,0.76
CITRUS,FROZEN MEAT,PRODUCE,MEAT-PCKGD,663,0.00264,0.066,0.081,2.00,872,0.76
DINNER MXS:DRY,MAKEUP AND TREATMENT,GROCERY,COSMETICS,325,0.00130,0.024,0.083,1.56,430,0.76
SALADS/DIPS,SPICES & EXTRACTS,DELI,GROCERY,357,0.00142,0.059,0.038,1.57,470,0.76
GREETING CARDS/WRAP/PARTY SPLY,REFRGRATD JUICES/DRNKS,DRUG GM,GROCERY,841,0.00335,0.111,0.032,1.07,1101,0.76
GREETING CARDS/WRAP/PARTY SPLY,MARGARINES,DRUG GM,GROCERY,479,0.00191,0.063,0.035,1.17,632,0.76
DINNER MXS:DRY,SNACK NUTS,GROCERY,GROCERY,500,0.00199,0.038,0.107,2.02,656,0.76
BAKED SWEET GOODS,CITRUS,GROCERY,PRODUCE,1236,0.00493,0.066,0.122,1.64,1633,0.76
ONIONS,STATIONERY & SCHOOL SUPPLIES,PRODUCE,DRUG GM,366,0.00146,0.024,0.079,1.27,482,0.76
LUNCHMEAT,SALADS/DIPS,MEAT-PCKGD,DELI,838,0.00334,0.035,0.139,1.47,1100,0.76
CHICKEN,CIGARETTES,MEAT,DRUG GM,516,0.00206,0.034,0.047,0.79,680,0.76
BEANS - CANNED GLASS & MW,MAGAZINE,GROCERY,DRUG GM,357,0.00142,0.038,0.049,1.31,467,0.76
BERRIES,FROZEN MEAT,PRODUCE,MEAT-PCKGD,614,0.00245,0.067,0.075,2.06,804,0.76
BEEF,HAND/BODY/FACIAL PRODUCTS,MEAT,DRUG GM,649,0.00259,0.018,0.228,1.56,850,0.76
ANALGESICS,VEGETABLES - ALL OTHERS,DRUG GM,PRODUCE,341,0.00136,0.080,0.021,1.23,449,0.76
ANALGESICS,TOMATOES,DRUG GM,PRODUCE,314,0.00125,0.074,0.021,1.22,415,0.76
CANDY - PACKAGED,ORGANICS FRUIT & VEGETABLES,DRUG GM,PRODUCE,597,0.00238,0.028,0.113,1.32,790,0.76
FROZEN PIZZA,PIES,GROCERY,PASTRY,323,0.00129,0.014,0.116,1.26,424,0.76
MAGAZINE,SUGARS/SWEETNERS,DRUG GM,GROCERY,361,0.00144,0.050,0.035,1.22,473,0.76
SOFT DRINKS,WATER,GROCERY,NUTRITION,366,0.00146,0.005,0.258,0.90,479,0.76
CHICKEN,GREETING CARDS/WRAP/PARTY SPLY,MEAT,DRUG GM,526,0.00210,0.035,0.069,1.16,693,0.76
BAKED BREAD/BUNS/ROLLS,DISPOSIBLE FOILWARE,GROCERY,DRUG GM,343,0.00137,0.006,0.340,1.42,451,0.76
MEAT - SHELF STABLE,STONE FRUIT,GROCERY,PRODUCE,576,0.00230,0.042,0.105,1.91,762,0.76
BUTTER,FRZN POTATOES,GROCERY,GROCERY,321,0.00128,0.065,0.040,2.01,422,0.76
BAKED BREAD/BUNS/ROLLS,FRZN FRUITS,GROCERY,GROCERY,412,0.00164,0.007,0.375,1.56,541,0.76
CANDY - CHECKLANE,HEAT/SERVE,DRUG GM,MEAT-PCKGD,464,0.00185,0.020,0.088,0.95,608,0.76
VEGETABLES - ALL OTHERS,WAREHOUSE SNACKS,PRODUCE,GROCERY,710,0.00283,0.043,0.109,1.67,929,0.76
CORN,SOUP,PRODUCE,GROCERY,472,0.00188,0.172,0.020,1.83,625,0.76
FEMININE HYGIENE,POTATOES,DRUG GM,PRODUCE,352,0.00140,0.082,0.023,1.35,460,0.76
HOT DOGS,VEGETABLES - ALL OTHERS,MEAT-PCKGD,PRODUCE,1396,0.00556,0.128,0.085,1.96,1829,0.76
FEMININE HYGIENE,ONIONS,DRUG GM,PRODUCE,352,0.00140,0.082,0.023,1.32,462,0.76
BEEF,DIAPERS & DISPOSABLES,MEAT,DRUG GM,787,0.00314,0.021,0.172,1.18,1038,0.76
DRY NOODLES/PASTA,STATIONERY & SCHOOL SUPPLIES,GROCERY,DRUG GM,337,0.00134,0.024,0.073,1.30,451,0.75
DINNER MXS:DRY,MUSHROOMS,GROCERY,PRODUCE,584,0.00233,0.044,0.123,2.33,777,0.75
BAKED BREAD/BUNS/ROLLS,LIQUOR,GROCERY,SPIRITS,512,0.00204,0.008,0.222,0.92,681,0.75
BEERS/ALES,GRAPES,GROCERY,PRODUCE,671,0.00267,0.043,0.066,1.07,897,0.75
MAGAZINE,PEPPERS-ALL,DRUG GM,PRODUCE,300,0.00120,0.042,0.036,1.27,401,0.75
MAGAZINE,REFRGRATD JUICES/DRNKS,DRUG GM,GROCERY,839,0.00334,0.116,0.032,1.12,1123,0.75
BATTERIES,BEEF,DRUG GM,MEAT,420,0.00167,0.187,0.011,1.28,558,0.75
BATH TISSUES,FROZEN PIE/DESSERTS,GROCERY,GROCERY,532,0.00212,0.039,0.083,1.53,708,0.75
BREAD,FROZEN PIZZA,PASTRY,GROCERY,1034,0.00412,0.130,0.045,1.41,1387,0.75
CHICKEN/POULTRY,MILK BY-PRODUCTS,DELI,GROCERY,461,0.00184,0.078,0.023,1.00,611,0.75
BEEF,STATIONERY & SCHOOL SUPPLIES,MEAT,DRUG GM,802,0.00320,0.022,0.173,1.18,1064,0.75
DINNER SAUSAGE,SOAP - LIQUID & BAR,MEAT-PCKGD,DRUG GM,407,0.00162,0.041,0.069,1.77,541,0.75
LUNCHMEAT,ORGANICS FRUIT & VEGETABLES,MEAT-PCKGD,PRODUCE,887,0.00353,0.037,0.168,1.78,1189,0.75
BEEF,LIQUOR,MEAT,SPIRITS,313,0.00125,0.009,0.136,0.93,419,0.75
BUTTER,FRZN NOVELTIES/WTR ICE,GROCERY,GROCERY,340,0.00135,0.069,0.033,1.67,451,0.75
BREAKFAST SWEETS,PEPPERS-ALL,PASTRY,PRODUCE,327,0.00130,0.040,0.040,1.22,436,0.75
BATH TISSUES,BREAD,GROCERY,PASTRY,633,0.00252,0.046,0.080,1.47,839,0.75
SHAVING CARE PRODUCTS,TOMATOES,DRUG GM,PRODUCE,317,0.00126,0.096,0.021,1.59,421,0.75
BREAKFAST SWEETS,FD WRAPS/BAGS/TRSH BG,PASTRY,GROCERY,423,0.00169,0.052,0.038,1.16,561,0.75
BAKED BREAD/BUNS/ROLLS,FLORAL-FRESH CUT,GROCERY,FLORAL,492,0.00196,0.008,0.223,0.93,654,0.75
CIGARETTES,REFRGRATD JUICES/DRNKS,DRUG GM,GROCERY,878,0.00350,0.080,0.034,0.78,1173,0.75
CIGARETTES,WATER - CARBONATED/FLVRD DRINK,DRUG GM,GROCERY,587,0.00234,0.054,0.033,0.75,780,0.75
CHEESE,SINUS AND ALLERGY,GROCERY,DRUG GM,303,0.00121,0.006,0.180,0.96,404,0.75
CITRUS,DINNER MXS:DRY,PRODUCE,GROCERY,1119,0.00446,0.111,0.084,2.09,1500,0.75
MARGARINES,STATIONERY & SCHOOL SUPPLIES,GROCERY,DRUG GM,312,0.00124,0.023,0.067,1.25,417,0.75
BREAKFAST SAUSAGE/SANDWICHES,FACIAL TISS/DNR NAPKIN,MEAT-PCKGD,GROCERY,587,0.00234,0.054,0.086,1.96,783,0.75
BEEF,CHRISTMAS  SEASONAL,MEAT,DRUG GM,341,0.00136,0.009,0.180,1.23,456,0.75
FROZEN PIZZA,SALAD BAR,GROCERY,SALAD BAR,646,0.00257,0.028,0.077,0.83,861,0.75
BEERS/ALES,SUGARS/SWEETNERS,GROCERY,GROCERY,665,0.00265,0.043,0.065,1.05,889,0.75
DIAPERS & DISPOSABLES,VEGETABLES - ALL OTHERS,DRUG GM,PRODUCE,370,0.00147,0.081,0.023,1.24,494,0.75
BEEF,RICE CAKES,MEAT,NUTRITION,316,0.00126,0.009,0.253,1.73,422,0.75
FRUIT - SHELF STABLE,HERBS,GROCERY,PRODUCE,378,0.00151,0.028,0.116,2.19,501,0.75
GREETING CARDS/WRAP/PARTY SPLY,PORK,DRUG GM,MEAT,436,0.00174,0.057,0.035,1.17,585,0.75
BAKED BREAD/BUNS/ROLLS,DOMESTIC WINE,GROCERY,GROCERY,1196,0.00477,0.020,0.264,1.10,1597,0.75
DOMESTIC WINE,FROZEN PIZZA,GROCERY,GROCERY,460,0.00183,0.102,0.020,1.10,613,0.75
FRZN MEAT/MEAT DINNERS,MUSHROOMS,GROCERY,PRODUCE,742,0.00296,0.033,0.157,1.73,992,0.75
CANDY - CHECKLANE,ONIONS,DRUG GM,PRODUCE,1370,0.00546,0.059,0.088,0.95,1816,0.75
CHEESE,SALAD BAR,GROCERY,SALAD BAR,1350,0.00538,0.029,0.161,0.86,1806,0.75
BEERS/ALES,COOKIES/CONES,GROCERY,GROCERY,1104,0.00440,0.071,0.065,1.05,1463,0.75
BAKED BREAD/BUNS/ROLLS,HERBS,GROCERY,PRODUCE,1279,0.00510,0.021,0.392,1.63,1704,0.75
CANDY - PACKAGED,MUSHROOMS,DRUG GM,PRODUCE,544,0.00217,0.025,0.115,1.34,721,0.75
FRZN FRUITS,SOFT DRINKS,GROCERY,GROCERY,345,0.00137,0.314,0.005,1.10,463,0.75
MAGAZINE,PASTA SAUCE,DRUG GM,GROCERY,438,0.00175,0.061,0.037,1.30,582,0.75
REFRGRATD DOUGH PRODUCTS,SEAFOOD-FRESH,GROCERY,SEAFOOD,351,0.00140,0.025,0.096,1.70,465,0.75
BREAD,FRZN MEAT/MEAT DINNERS,PASTRY,GROCERY,1005,0.00400,0.126,0.044,1.39,1342,0.75
ORGANICS FRUIT & VEGETABLES,REFRGRATD DOUGH PRODUCTS,PRODUCE,GROCERY,587,0.00234,0.111,0.042,1.97,782,0.75
DIAPERS & DISPOSABLES,ONIONS,DRUG GM,PRODUCE,355,0.00141,0.078,0.023,1.25,473,0.75
FROZEN PIZZA,ONIONS,GROCERY,PRODUCE,2438,0.00971,0.105,0.157,1.70,3255,0.75
BREAD,SUGARS/SWEETNERS,PASTRY,GROCERY,500,0.00199,0.063,0.049,1.53,664,0.75
BEERS/ALES,BERRIES,GROCERY,PRODUCE,602,0.00240,0.039,0.066,1.07,805,0.75
COLD CEREAL,HERBS,GROCERY,PRODUCE,620,0.00247,0.025,0.190,1.90,830,0.75
FROZEN PIE/DESSERTS,PORK,GROCERY,MEAT,537,0.00214,0.084,0.043,1.70,716,0.75
HERBS,ICE CREAM/MILK/SHERBTS,PRODUCE,GROCERY,361,0.00144,0.111,0.018,1.39,489,0.74
MUSHROOMS,SUGARS/SWEETNERS,PRODUCE,GROCERY,372,0.00148,0.079,0.036,1.92,506,0.74
BEEF,FLORAL-FRESH CUT,MEAT,FLORAL,307,0.00122,0.008,0.139,0.95,416,0.74
PASTA SAUCE,SALADS/DIPS,GROCERY,DELI,466,0.00186,0.040,0.077,1.66,631,0.74
CANDY - PACKAGED,NEWSPAPER,DRUG GM,DRUG GM,329,0.00131,0.015,0.068,0.80,442,0.74
BERRIES,DINNER MXS:DRY,PRODUCE,GROCERY,1019,0.00406,0.112,0.077,2.11,1382,0.74
CHICKEN/POULTRY,CONDIMENTS/SAUCES,DELI,GROCERY,414,0.00165,0.070,0.023,0.99,557,0.74
GREETING CARDS/WRAP/PARTY SPLY,LUNCHMEAT,DRUG GM,MEAT-PCKGD,769,0.00306,0.101,0.032,1.07,1046,0.74
BREAD,FROZEN MEAT,PASTRY,MEAT-PCKGD,424,0.00169,0.053,0.052,1.63,573,0.74
PASTA SAUCE,SALAD BAR,GROCERY,SALAD BAR,343,0.00137,0.029,0.041,0.87,461,0.74
FLOUR & MEALS,WATER - CARBONATED/FLVRD DRINK,GROCERY,GROCERY,311,0.00124,0.099,0.017,1.39,422,0.74
SUGARS/SWEETNERS,YOGURT,GROCERY,GROCERY,1295,0.00516,0.126,0.074,1.80,1749,0.74
LUNCHMEAT,PIES,MEAT-PCKGD,PASTRY,337,0.00134,0.014,0.121,1.29,453,0.74
DRY SAUCES/GRAVY,YOGURT,GROCERY,GROCERY,898,0.00358,0.138,0.051,1.97,1215,0.74
FRZN MEAT/MEAT DINNERS,VEGETABLES - ALL OTHERS,GROCERY,PRODUCE,2421,0.00965,0.106,0.148,1.63,3251,0.74
CANDY - CHECKLANE,ORGANICS FRUIT & VEGETABLES,DRUG GM,PRODUCE,457,0.00182,0.020,0.086,0.93,619,0.74
CIGARETTES,SALAD MIX,DRUG GM,PRODUCE,518,0.00206,0.047,0.033,0.77,704,0.74
CONDIMENTS/SAUCES,STATIONERY & SCHOOL SUPPLIES,GROCERY,DRUG GM,407,0.00162,0.023,0.088,1.23,548,0.74
DINNER MXS:DRY,SEAFOOD-FRESH,GROCERY,SEAFOOD,361,0.00144,0.027,0.098,1.85,487,0.74
HISPANIC,SALAD BAR,GROCERY,SALAD BAR,408,0.00163,0.029,0.049,0.86,551,0.74
DELI MEATS,FLOUR & MEALS,DELI,GROCERY,371,0.00148,0.022,0.118,1.74,500,0.74
ROLLS,SUGARS/SWEETNERS,PASTRY,GROCERY,300,0.00120,0.059,0.029,1.44,408,0.74
BAG SNACKS,IMPORTED WINE,GROCERY,GROCERY,330,0.00131,0.008,0.191,1.14,446,0.74
DINNER SAUSAGE,FACIAL TISS/DNR NAPKIN,MEAT-PCKGD,GROCERY,508,0.00202,0.052,0.074,1.89,686,0.74
BAKED BREAD/BUNS/ROLLS,HAIR CARE ACCESSORIES,GROCERY,DRUG GM,355,0.00141,0.006,0.298,1.24,481,0.74
DELI MEATS,FROZEN PIE/DESSERTS,DELI,GROCERY,682,0.00272,0.040,0.106,1.56,923,0.74
CHARCOAL AND LIGHTER FLUID,FLUID MILK PRODUCTS,DRUG GM,GROCERY,589,0.00235,0.299,0.009,1.08,795,0.74
CIGARETTES,ONIONS,DRUG GM,PRODUCE,521,0.00208,0.048,0.033,0.77,706,0.74
CIGARETTES,CONVENIENT BRKFST/WHLSM SNACKS,DRUG GM,GROCERY,462,0.00184,0.042,0.033,0.76,627,0.74
DINNER MXS:DRY,SALAD BAR,GROCERY,SALAD BAR,389,0.00155,0.029,0.046,0.87,524,0.74
DIAPERS & DISPOSABLES,ICE CREAM/MILK/SHERBTS,DRUG GM,GROCERY,363,0.00145,0.079,0.018,0.99,488,0.74
BEEF,VITAMINS,MEAT,DRUG GM,407,0.00162,0.011,0.204,1.40,546,0.74
CONVENIENT BRKFST/WHLSM SNACKS,FLOUR & MEALS,GROCERY,GROCERY,344,0.00137,0.025,0.110,1.97,464,0.74
HOT DOGS,MAGAZINE,MEAT-PCKGD,DRUG GM,385,0.00153,0.035,0.053,1.22,518,0.74
CITRUS,HOT DOGS,PRODUCE,MEAT-PCKGD,808,0.00322,0.080,0.074,1.84,1098,0.74
FACIAL TISS/DNR NAPKIN,MEAT - MISC,GROCERY,MEAT-PCKGD,456,0.00182,0.067,0.054,1.98,616,0.74
MEAT - SHELF STABLE,VEGETABLES - ALL OTHERS,GROCERY,PRODUCE,1812,0.00722,0.131,0.111,2.02,2447,0.74
ISOTONIC DRINKS,VEGETABLES - ALL OTHERS,GROCERY,PRODUCE,559,0.00223,0.105,0.034,1.61,757,0.74
BEEF,FIRST AID PRODUCTS,MEAT,DRUG GM,445,0.00177,0.012,0.168,1.15,603,0.74
BEERS/ALES,PNT BTR/JELLY/JAMS,GROCERY,GROCERY,681,0.00271,0.044,0.066,1.06,924,0.74
BERRIES,FROZEN PIZZA,PRODUCE,GROCERY,1382,0.00551,0.152,0.060,1.64,1879,0.74
CITRUS,FROZEN BREAD/DOUGH,PRODUCE,GROCERY,554,0.00221,0.055,0.077,1.91,748,0.74
PEARS,SOFT DRINKS,PRODUCE,GROCERY,658,0.00262,0.333,0.009,1.17,887,0.74
CAT LITTER,EGGS,GROCERY,GROCERY,498,0.00198,0.169,0.018,1.52,670,0.74
BATH TISSUES,MUSHROOMS,GROCERY,PRODUCE,467,0.00186,0.034,0.099,1.82,631,0.74
BREAD,FRZN POTATOES,PASTRY,GROCERY,395,0.00157,0.050,0.049,1.54,537,0.74
CAT FOOD,HOT DOGS,GROCERY,MEAT-PCKGD,399,0.00159,0.061,0.037,1.40,540,0.74
REFRGRATD DOUGH PRODUCTS,STONE FRUIT,GROCERY,PRODUCE,545,0.00217,0.039,0.099,1.77,735,0.74
FROZEN PIZZA,TOMATOES,GROCERY,PRODUCE,2298,0.00916,0.099,0.151,1.63,3116,0.74
COLD CEREAL,DOMESTIC WINE,GROCERY,GROCERY,520,0.00207,0.021,0.115,1.15,713,0.73
LUNCHMEAT,NUTS,MEAT-PCKGD,PRODUCE,302,0.00120,0.013,0.164,1.74,412,0.73
BAG SNACKS,ORGANICS FRUIT & VEGETABLES,GROCERY,PRODUCE,1357,0.00541,0.032,0.257,1.53,1846,0.73
BROCCOLI/CAULIFLOWER,FROZEN PIZZA,PRODUCE,GROCERY,738,0.00294,0.165,0.032,1.79,1015,0.73
BROCCOLI/CAULIFLOWER,FROZEN MEAT,PRODUCE,MEAT-PCKGD,325,0.00130,0.073,0.040,2.22,443,0.73
FROZEN PIE/DESSERTS,HOT DOGS,GROCERY,MEAT-PCKGD,454,0.00181,0.071,0.042,1.62,623,0.73
LUNCHMEAT,PREPARED FOOD,MEAT-PCKGD,DELI,391,0.00156,0.016,0.083,0.88,539,0.73
BROCCOLI/CAULIFLOWER,SOFT DRINKS,PRODUCE,GROCERY,1472,0.00587,0.329,0.021,1.16,2026,0.73
BLEACH,SALAD MIX,GROCERY,PRODUCE,369,0.00147,0.104,0.024,1.68,503,0.73
BAKING NEEDS,ISOTONIC DRINKS,GROCERY,GROCERY,328,0.00131,0.032,0.061,1.48,447,0.73
CAKES,SOUP,PASTRY,GROCERY,430,0.00171,0.097,0.018,1.03,587,0.73
BERRIES,MEAT - SHELF STABLE,PRODUCE,GROCERY,989,0.00394,0.109,0.072,1.97,1353,0.73
BREAD,BREAKFAST SAUSAGE/SANDWICHES,PASTRY,MEAT-PCKGD,544,0.00217,0.068,0.050,1.56,741,0.73
FROZEN PIZZA,GREETING CARDS/WRAP/PARTY SPLY,GROCERY,DRUG GM,731,0.00291,0.032,0.096,1.04,999,0.73
BUTTER,MEAT - MISC,GROCERY,MEAT-PCKGD,335,0.00133,0.068,0.040,2.02,458,0.73
BUTTER,CANDY - CHECKLANE,GROCERY,DRUG GM,424,0.00169,0.086,0.018,0.93,580,0.73
SUGARS/SWEETNERS,VALUE ADDED FRUIT,GROCERY,PRODUCE,398,0.00159,0.039,0.068,1.66,544,0.73
DOMESTIC WINE,FRZN MEAT/MEAT DINNERS,GROCERY,GROCERY,435,0.00173,0.096,0.019,1.06,599,0.73
CIGARETTES,ICE CREAM/MILK/SHERBTS,DRUG GM,GROCERY,649,0.00259,0.059,0.032,0.74,889,0.73
CIGARETTES,PNT BTR/JELLY/JAMS,DRUG GM,GROCERY,340,0.00135,0.031,0.033,0.75,466,0.73
FRZN BREAKFAST FOODS,TOMATOES,GROCERY,PRODUCE,855,0.00341,0.117,0.056,1.93,1167,0.73
BREAD,FRZN BREAKFAST FOODS,PASTRY,GROCERY,367,0.00146,0.046,0.050,1.59,506,0.73
FROZEN PIZZA,TURKEY,GROCERY,MEAT,422,0.00168,0.018,0.151,1.64,577,0.73
CITRUS,DRY SAUCES/GRAVY,PRODUCE,GROCERY,499,0.00199,0.049,0.077,1.91,686,0.73
CONVENIENT BRKFST/WHLSM SNACKS,TURKEY,GROCERY,MEAT,308,0.00123,0.022,0.110,1.98,423,0.73
FRZN MEAT/MEAT DINNERS,ORGANICS FRUIT & VEGETABLES,GROCERY,PRODUCE,785,0.00313,0.035,0.148,1.64,1079,0.73
FRZN MEAT/MEAT DINNERS,PEPPERS-ALL,GROCERY,PRODUCE,1253,0.00499,0.055,0.152,1.68,1722,0.73
BAKED SWEET GOODS,ONIONS,GROCERY,PRODUCE,1904,0.00759,0.102,0.122,1.64,2604,0.73
BREAD,LUNCHMEAT,PASTRY,MEAT-PCKGD,1083,0.00432,0.136,0.046,1.44,1474,0.73
DOG FOODS,PEPPERS-ALL,GROCERY,PRODUCE,353,0.00141,0.050,0.043,1.52,482,0.73
CANDY - CHECKLANE,MUSHROOMS,DRUG GM,PRODUCE,411,0.00164,0.018,0.087,0.94,559,0.73
CORN,FRZN MEAT/MEAT DINNERS,PRODUCE,GROCERY,378,0.00151,0.138,0.017,1.52,518,0.73
FROZEN MEAT,VEGETABLES - ALL OTHERS,MEAT-PCKGD,PRODUCE,1067,0.00425,0.130,0.065,2.00,1454,0.73
SALADS/DIPS,SUGARS/SWEETNERS,DELI,GROCERY,362,0.00144,0.060,0.035,1.47,495,0.73
CAKES,VEGETABLES - SHELF STABLE,PASTRY,GROCERY,419,0.00167,0.095,0.019,1.05,575,0.73
BROCCOLI/CAULIFLOWER,FRZN MEAT/MEAT DINNERS,PRODUCE,GROCERY,705,0.00281,0.158,0.031,1.74,967,0.73
BUTTER,FROZEN MEAT,GROCERY,MEAT-PCKGD,331,0.00132,0.067,0.040,2.05,462,0.72
FROZEN MEAT,MUSHROOMS,MEAT-PCKGD,PRODUCE,324,0.00129,0.039,0.068,2.09,450,0.72
BEERS/ALES,COLD CEREAL,GROCERY,GROCERY,1580,0.00630,0.102,0.063,1.02,2202,0.72
ORGANICS FRUIT & VEGETABLES,SOFT DRINKS,PRODUCE,GROCERY,1683,0.00671,0.318,0.024,1.12,2322,0.72
BAKED BREAD/BUNS/ROLLS,IMPORTED WINE,GROCERY,GROCERY,479,0.00191,0.008,0.277,1.16,664,0.72
CIGARETTES,EGGS,DRUG GM,GROCERY,912,0.00363,0.084,0.033,0.75,1268,0.72
DINNER MXS:DRY,GREETING CARDS/WRAP/PARTY SPLY,GROCERY,DRUG GM,479,0.00191,0.036,0.063,1.19,665,0.72
BEERS/ALES,FROZEN PIE/DESSERTS,GROCERY,GROCERY,385,0.00153,0.025,0.060,0.97,537,0.72
CHICKEN,SALAD BAR,MEAT,SALAD BAR,420,0.00167,0.028,0.050,0.83,582,0.72
FLOUR & MEALS,YOGURT,GROCERY,GROCERY,387,0.00154,0.123,0.022,1.76,539,0.72
BEANS - CANNED GLASS & MW,CIGARETTES,GROCERY,DRUG GM,309,0.00123,0.033,0.028,0.75,427,0.72
GREETING CARDS/WRAP/PARTY SPLY,HOT DOGS,DRUG GM,MEAT-PCKGD,367,0.00146,0.048,0.034,1.11,511,0.72
GREETING CARDS/WRAP/PARTY SPLY,MEAT - SHELF STABLE,DRUG GM,GROCERY,477,0.00190,0.063,0.035,1.14,666,0.72
BAG SNACKS,SQUASH,GROCERY,PRODUCE,543,0.00216,0.013,0.268,1.60,756,0.72
CONVENIENT BRKFST/WHLSM SNACKS,SEAFOOD-FRESH,GROCERY,SEAFOOD,351,0.00140,0.025,0.096,1.71,487,0.72
BAKING MIXES,SALADS/DIPS,GROCERY,DELI,394,0.00157,0.035,0.065,1.46,546,0.72
CHEESES,PWDR/CRYSTL DRNK MX,DELI,GROCERY,458,0.00182,0.040,0.086,1.91,633,0.72
BAKED SWEET GOODS,BEERS/ALES,GROCERY,GROCERY,1122,0.00447,0.060,0.072,0.97,1563,0.72
CAT FOOD,MEAT - MISC,GROCERY,MEAT-PCKGD,306,0.00122,0.047,0.036,1.39,423,0.72
BUTTER,LUNCHMEAT,GROCERY,MEAT-PCKGD,810,0.00323,0.164,0.034,1.73,1124,0.72
EGGS,SALAD BAR,GROCERY,SALAD BAR,771,0.00307,0.028,0.092,0.83,1078,0.72
FLOUR & MEALS,FROZEN PIZZA,GROCERY,GROCERY,455,0.00181,0.145,0.020,1.57,635,0.72
MEAT - SHELF STABLE,SEAFOOD-FRESH,GROCERY,SEAFOOD,344,0.00137,0.025,0.094,1.70,481,0.72
BEEF,GREETING CARDS/WRAP/PARTY SPLY,MEAT,DRUG GM,1161,0.00463,0.032,0.153,1.05,1623,0.72
REFRGRATD DOUGH PRODUCTS,SALAD BAR,GROCERY,SALAD BAR,392,0.00156,0.028,0.047,0.83,546,0.72
CAKES,YOGURT,PASTRY,GROCERY,313,0.00125,0.071,0.018,1.01,436,0.72
DRY NOODLES/PASTA,SALADS/DIPS,GROCERY,DELI,529,0.00211,0.038,0.088,1.57,739,0.72
CIGARETTES,DINNER SAUSAGE,DRUG GM,MEAT-PCKGD,321,0.00128,0.029,0.033,0.75,449,0.72
COLD AND FLU,CONDIMENTS/SAUCES,DRUG GM,GROCERY,343,0.00137,0.070,0.019,0.99,483,0.71
SMOKED MEATS,YOGURT,MEAT,GROCERY,472,0.00188,0.120,0.027,1.72,665,0.71
FRZN BREAKFAST FOODS,ONIONS,GROCERY,PRODUCE,867,0.00345,0.119,0.056,1.92,1225,0.71
PORK,REFRIGERATED,MEAT,NUTRITION,386,0.00154,0.031,0.075,1.52,546,0.71
CAT FOOD,YOGURT,GROCERY,GROCERY,606,0.00241,0.092,0.034,1.32,856,0.71
BEERS/ALES,FRZN NOVELTIES/WTR ICE,GROCERY,GROCERY,600,0.00239,0.039,0.058,0.94,844,0.71
BUTTER,FROZEN PIZZA,GROCERY,GROCERY,757,0.00302,0.153,0.033,1.66,1067,0.71
BAKED SWEET GOODS,OLIVES,GROCERY,GROCERY,341,0.00136,0.018,0.129,1.73,482,0.71
BAKING MIXES,REFRIGERATED,GROCERY,NUTRITION,338,0.00135,0.030,0.065,1.46,474,0.71
FRZN BREAKFAST FOODS,VEGETABLES SALAD,GROCERY,PRODUCE,576,0.00230,0.079,0.054,1.85,813,0.71
BREAD,MEAT - MISC,PASTRY,MEAT-PCKGD,410,0.00163,0.052,0.049,1.54,576,0.71
BROCCOLI/CAULIFLOWER,HOT DOGS,PRODUCE,MEAT-PCKGD,392,0.00156,0.088,0.036,2.02,551,0.71
DINNER SAUSAGE,HAIR CARE PRODUCTS,MEAT-PCKGD,DRUG GM,476,0.00190,0.048,0.060,1.53,672,0.71
MARGARINES,SALAD BAR,GROCERY,SALAD BAR,376,0.00150,0.028,0.045,0.83,527,0.71
COOKIES/CONES,HERBS,GROCERY,PRODUCE,382,0.00152,0.022,0.117,1.72,540,0.71
CHEESE,PREPARED FOOD,GROCERY,DELI,758,0.00302,0.016,0.161,0.86,1072,0.71
CANNED JUICES,NEWSPAPER,GROCERY,DRUG GM,306,0.00122,0.015,0.064,0.79,434,0.71
ANALGESICS,ONIONS,DRUG GM,PRODUCE,307,0.00122,0.072,0.020,1.17,430,0.71
FRZN BREAKFAST FOODS,PEPPERS-ALL,GROCERY,PRODUCE,484,0.00193,0.066,0.059,2.02,684,0.71
SOFT DRINKS,SQUASH,GROCERY,PRODUCE,658,0.00262,0.009,0.324,1.14,926,0.71
CITRUS,FRZN POTATOES,PRODUCE,GROCERY,562,0.00224,0.056,0.069,1.72,803,0.70
IMPORTED WINE,SOFT DRINKS,GROCERY,GROCERY,436,0.00174,0.252,0.006,0.89,625,0.70
CHEESE,SWEET GOODS & SNACKS,GROCERY,PASTRY,364,0.00145,0.008,0.228,1.22,520,0.70
BEEF,CEREAL/BREAKFAST,MEAT,NUTRITION,365,0.00145,0.010,0.250,1.71,524,0.70
BREAD,DINNER MXS:DRY,PASTRY,GROCERY,679,0.00271,0.085,0.051,1.61,973,0.70
DINNER MXS:DRY,STONE FRUIT,GROCERY,PRODUCE,540,0.00215,0.041,0.098,1.86,775,0.70
BERRIES,FRZN POTATOES,PRODUCE,GROCERY,520,0.00207,0.057,0.064,1.77,740,0.70
BABY FOODS,ONIONS,DRUG GM,PRODUCE,346,0.00138,0.082,0.022,1.32,491,0.70
BROCCOLI/CAULIFLOWER,DINNER MXS:DRY,PRODUCE,GROCERY,541,0.00216,0.121,0.041,2.28,768,0.70
BABY HBC,ONIONS,DRUG GM,PRODUCE,357,0.00142,0.090,0.023,1.45,509,0.70
DOMESTIC WINE,LUNCHMEAT,GROCERY,MEAT-PCKGD,451,0.00180,0.100,0.019,1.05,648,0.70
LUNCHMEAT,REFRIGERATED,MEAT-PCKGD,NUTRITION,666,0.00265,0.028,0.129,1.37,947,0.70
FROZEN PIZZA,MUSHROOMS,GROCERY,PRODUCE,730,0.00291,0.032,0.154,1.67,1038,0.70
FRZN BREAKFAST FOODS,VEGETABLES - ALL OTHERS,GROCERY,PRODUCE,892,0.00355,0.122,0.055,1.88,1276,0.70
STONE FRUIT,SUGARS/SWEETNERS,PRODUCE,GROCERY,362,0.00144,0.066,0.035,1.61,517,0.70
HERBS,SOFT DRINKS,PRODUCE,GROCERY,978,0.00390,0.300,0.014,1.05,1424,0.69
FROZEN PIZZA,MELONS,GROCERY,PRODUCE,601,0.00239,0.026,0.139,1.51,873,0.69
MEAT - MISC,ORGANICS FRUIT & VEGETABLES,MEAT-PCKGD,PRODUCE,332,0.00132,0.039,0.063,1.87,483,0.69
FACIAL TISS/DNR NAPKIN,FRZN POTATOES,GROCERY,GROCERY,392,0.00156,0.057,0.048,1.77,568,0.69
BABY FOODS,VEGETABLES - ALL OTHERS,DRUG GM,PRODUCE,352,0.00140,0.083,0.022,1.28,513,0.69
MARGARINES,ORGANICS FRUIT & VEGETABLES,GROCERY,PRODUCE,523,0.00208,0.039,0.099,1.83,755,0.69
FROZEN PIZZA,PEARS,GROCERY,PRODUCE,303,0.00121,0.013,0.153,1.66,439,0.69
FROZEN PIZZA,PREPARED FOOD,GROCERY,DELI,354,0.00141,0.015,0.075,0.82,514,0.69
BREAKFAST SAUSAGE/SANDWICHES,GREETING CARDS/WRAP/PARTY SPLY,MEAT-PCKGD,DRUG GM,357,0.00142,0.033,0.047,1.08,514,0.69
FRZN MEAT/MEAT DINNERS,SQUASH,GROCERY,PRODUCE,307,0.00122,0.013,0.151,1.67,447,0.69
HERBS,REFRGRATD DOUGH PRODUCTS,PRODUCE,GROCERY,325,0.00130,0.100,0.023,1.77,474,0.69
BAG SNACKS,HERBS,GROCERY,PRODUCE,766,0.00305,0.018,0.235,1.40,1127,0.68
CANDY - PACKAGED,HERBS,DRUG GM,PRODUCE,327,0.00130,0.015,0.100,1.17,483,0.68
BUTTER,FRZN MEAT/MEAT DINNERS,GROCERY,GROCERY,696,0.00277,0.141,0.031,1.55,1020,0.68
FROZEN PIZZA,REFRIGERATED,GROCERY,NUTRITION,608,0.00242,0.026,0.118,1.28,896,0.68
COOKIES/CONES,DOMESTIC WINE,GROCERY,GROCERY,319,0.00127,0.019,0.070,1.03,471,0.68
DINNER SAUSAGE,GREETING CARDS/WRAP/PARTY SPLY,MEAT-PCKGD,DRUG GM,311,0.00124,0.032,0.041,1.04,456,0.68
FRZN POTATOES,VEGETABLES - ALL OTHERS,GROCERY,PRODUCE,908,0.00362,0.112,0.056,1.72,1337,0.68
PEPPERS-ALL,WAREHOUSE SNACKS,PRODUCE,GROCERY,337,0.00134,0.041,0.052,1.57,492,0.68
CIGARETTES,COLD CEREAL,DRUG GM,GROCERY,778,0.00310,0.071,0.031,0.71,1140,0.68
BREAKFAST SAUSAGE/SANDWICHES,STONE FRUIT,MEAT-PCKGD,PRODUCE,392,0.00156,0.036,0.071,1.64,579,0.68
BAKING NEEDS,BREAKFAST SWEETS,GROCERY,PASTRY,347,0.00138,0.033,0.043,1.03,509,0.68
BEERS/ALES,DRY MIX DESSERTS,GROCERY,GROCERY,327,0.00130,0.021,0.060,0.97,482,0.68
BAKED SWEET GOODS,TURKEY,GROCERY,MEAT,311,0.00124,0.017,0.111,1.50,460,0.68
BAKED SWEET GOODS,PEPPERS-ALL,GROCERY,PRODUCE,982,0.00391,0.053,0.119,1.60,1435,0.68
CHICKEN/POULTRY,DRY NOODLES/PASTA,DELI,GROCERY,304,0.00121,0.052,0.022,0.93,449,0.68
REFRIGERATED,SOFT DRINKS,NUTRITION,GROCERY,1356,0.00540,0.262,0.019,0.92,2011,0.67
FROZEN MEAT,ORGANICS FRUIT & VEGETABLES,MEAT-PCKGD,PRODUCE,328,0.00131,0.040,0.062,1.90,486,0.67
FROZEN PIZZA,ORGANICS FRUIT & VEGETABLES,GROCERY,PRODUCE,759,0.00302,0.033,0.144,1.56,1128,0.67
BREAD,MEAT - SHELF STABLE,PASTRY,GROCERY,645,0.00257,0.081,0.047,1.48,964,0.67
BACON,REFRIGERATED,MEAT-PCKGD,NUTRITION,329,0.00131,0.030,0.064,1.47,489,0.67
BAKED SWEET GOODS,BREAD,GROCERY,PASTRY,752,0.00300,0.040,0.095,1.27,1121,0.67
FROZEN PIZZA,VEGETABLES - ALL OTHERS,GROCERY,PRODUCE,2261,0.00901,0.098,0.138,1.50,3392,0.67
BERRIES,DRY SAUCES/GRAVY,PRODUCE,GROCERY,421,0.00168,0.046,0.065,1.79,632,0.67
HERBS,MARGARINES,PRODUCE,GROCERY,308,0.00123,0.094,0.023,1.75,458,0.67
CONVENIENT BRKFST/WHLSM SNACKS,HERBS,GROCERY,PRODUCE,336,0.00134,0.024,0.103,1.85,502,0.67
CIGARETTES,TROPICAL FRUIT,DRUG GM,PRODUCE,992,0.00395,0.091,0.031,0.70,1484,0.67
COOKIES/CONES,REFRIGERATED,GROCERY,NUTRITION,471,0.00188,0.028,0.091,1.34,699,0.67
CEREAL/BREAKFAST,SOFT DRINKS,NUTRITION,GROCERY,432,0.00172,0.296,0.006,1.04,650,0.67
BEERS/ALES,FRUIT - SHELF STABLE,GROCERY,GROCERY,820,0.00327,0.053,0.062,1.00,1219,0.67
BAG SNACKS,CEREAL/BREAKFAST,GROCERY,NUTRITION,349,0.00139,0.008,0.239,1.43,522,0.67
BAKED SWEET GOODS,VEGETABLES - ALL OTHERS,GROCERY,PRODUCE,1803,0.00718,0.097,0.110,1.48,2712,0.66
BEEF,REFRIGERATED,MEAT,NUTRITION,976,0.00389,0.027,0.189,1.29,1470,0.66
BROCCOLI/CAULIFLOWER,MEAT - SHELF STABLE,PRODUCE,GROCERY,495,0.00197,0.111,0.036,2.01,746,0.66
CANNED JUICES,DOMESTIC WINE,GROCERY,GROCERY,363,0.00145,0.018,0.080,1.00,552,0.66
MARGARINES,REFRIGERATED,GROCERY,NUTRITION,390,0.00155,0.029,0.075,1.40,588,0.66
CIGARETTES,HISPANIC,DRUG GM,GROCERY,423,0.00169,0.039,0.030,0.68,642,0.66
BEERS/ALES,VALUE ADDED FRUIT,GROCERY,PRODUCE,332,0.00132,0.021,0.057,0.92,501,0.66
BEERS/ALES,HOT CEREAL,GROCERY,GROCERY,332,0.00132,0.021,0.059,0.96,502,0.66
BAKED SWEET GOODS,SEAFOOD-FRESH,GROCERY,SEAFOOD,364,0.00145,0.019,0.099,1.33,549,0.66
BUTTER,MEAT - SHELF STABLE,GROCERY,GROCERY,513,0.00204,0.104,0.037,1.89,777,0.66
BUTTER,HOT DOGS,GROCERY,MEAT-PCKGD,382,0.00152,0.077,0.035,1.77,577,0.66
BEERS/ALES,FRZN BREAKFAST FOODS,GROCERY,GROCERY,430,0.00171,0.028,0.059,0.95,655,0.66
CHEESES,LUNCHMEAT,DELI,MEAT-PCKGD,1615,0.00644,0.143,0.068,1.51,2454,0.66
DINNER SAUSAGE,ORGANICS FRUIT & VEGETABLES,MEAT-PCKGD,PRODUCE,354,0.00141,0.036,0.067,1.70,539,0.66
FLUID MILK PRODUCTS,FRZN ICE,GROCERY,GROCERY,468,0.00186,0.007,0.201,0.73,722,0.65
BREAD,FROZEN BREAD/DOUGH,PASTRY,GROCERY,315,0.00126,0.040,0.044,1.38,492,0.64
HOT DOGS,MUSHROOMS,MEAT-PCKGD,PRODUCE,358,0.00143,0.033,0.076,1.74,562,0.64
BEEF,CHIPS&SNACKS,MEAT,NUTRITION,346,0.00138,0.009,0.204,1.40,540,0.64
BAKED SWEET GOODS,BROCCOLI/CAULIFLOWER,GROCERY,PRODUCE,518,0.00206,0.028,0.116,1.56,805,0.64
BREAKFAST SAUSAGE/SANDWICHES,ORGANICS FRUIT & VEGETABLES,MEAT-PCKGD,PRODUCE,395,0.00157,0.036,0.075,1.71,616,0.64
CIGARETTES,FRUIT - SHELF STABLE,DRUG GM,GROCERY,373,0.00149,0.034,0.028,0.64,595,0.63
BEERS/ALES,PWDR/CRYSTL DRNK MX,GROCERY,GROCERY,300,0.00120,0.019,0.056,0.91,474,0.63
BEERS/ALES,BREAKFAST SWEETS,GROCERY,PASTRY,374,0.00149,0.024,0.046,0.74,593,0.63
MEAT - SHELF STABLE,MUSHROOMS,GROCERY,PRODUCE,480,0.00191,0.035,0.101,1.84,757,0.63
FROZEN,SOFT DRINKS,NUTRITION,GROCERY,414,0.00165,0.268,0.006,0.94,657,0.63
BAKED SWEET GOODS,BUTTER,GROCERY,GROCERY,537,0.00214,0.029,0.109,1.46,850,0.63
HERBS,LUNCHMEAT,PRODUCE,MEAT-PCKGD,452,0.00180,0.139,0.019,1.47,724,0.62
HOT DOGS,ORGANICS FRUIT & VEGETABLES,MEAT-PCKGD,PRODUCE,377,0.00150,0.035,0.071,1.64,609,0.62
DINNER MXS:DRY,ORGANICS FRUIT & VEGETABLES,GROCERY,PRODUCE,523,0.00208,0.039,0.099,1.87,840,0.62
BREAD,HOT DOGS,PASTRY,MEAT-PCKGD,445,0.00177,0.056,0.041,1.29,734,0.61
BAG SNACKS,REFRIGERATED,GROCERY,NUTRITION,919,0.00366,0.022,0.178,1.06,1508,0.61
CIGARETTES,VEGETABLES - ALL OTHERS,DRUG GM,PRODUCE,450,0.00179,0.041,0.028,0.63,739,0.61
SALAD MIX,VEGETABLES SALAD,PRODUCE,PRODUCE,990,0.00394,0.064,0.092,1.50,1660,0.60
BEEF,FROZEN,MEAT,NUTRITION,307,0.00122,0.008,0.199,1.36,510,0.60
APPLES,CIGARETTES,PRODUCE,DRUG GM,360,0.00143,0.027,0.033,0.63,595,0.60
BAG SNACKS,FROZEN,GROCERY,NUTRITION,303,0.00121,0.007,0.196,1.17,514,0.59
MEAT - SHELF STABLE,ORGANICS FRUIT & VEGETABLES,GROCERY,PRODUCE,472,0.00188,0.034,0.089,1.62,819,0.58
MEAT - SHELF STABLE,REFRIGERATED,GROCERY,NUTRITION,366,0.00146,0.027,0.071,1.29,628,0.58
FRZN MEAT/MEAT DINNERS,HERBS,GROCERY,PRODUCE,380,0.00151,0.017,0.117,1.29,656,0.58
DELI MEATS,LUNCHMEAT,DELI,MEAT-PCKGD,2026,0.00807,0.118,0.085,1.25,3554,0.57
FROZEN PIZZA,HERBS,GROCERY,PRODUCE,389,0.00155,0.017,0.119,1.29,685,0.57
BAKED SWEET GOODS,MUSHROOMS,GROCERY,PRODUCE,449,0.00179,0.024,0.095,1.27,826,0.54
DINNER MXS:DRY,REFRIGERATED,GROCERY,NUTRITION,343,0.00137,0.026,0.066,1.25,636,0.54
BAKED SWEET GOODS,ORGANICS FRUIT & VEGETABLES,GROCERY,PRODUCE,477,0.00190,0.026,0.090,1.21,899,0.53
CIGARETTES,YOGURT,DRUG GM,GROCERY,386,0.00154,0.035,0.022,0.50,793,0.49
BAKED SWEET GOODS,REFRIGERATED,GROCERY,NUTRITION,355,0.00141,0.019,0.069,0.92,720,0.49
